symbol,date,open,high,low,close,volume,percent_change,traded_amount
ADBL,2021-08-31,555.0,556.0,540.0,544.0,99639,-2.68,54335931.5
ADBL,2021-09-01,544.0,554.0,538.0,548.5,93937,0.83,51361611.7
ADBL,2021-09-02,548.0,555.0,540.3,547.0,64932,-0.27,35529772.8
ADBL,2021-09-05,539.0,542.0,517.1,529.0,118899,-3.29,62666798.2
ADBL,2021-09-06,529.0,555.0,519.1,555.0,80904,4.91,43816974.4
ADBL,2021-09-07,555.0,555.0,544.0,544.0,39266,-1.98,21549935.6
ADBL,2021-09-08,544.4,544.4,530.0,535.0,37797,-1.65,20163896.0
ADBL,2021-09-09,538.0,543.0,530.0,535.3,37249,0.06,19885167.6
ADBL,2021-09-12,535.0,544.0,535.0,539.0,49372,0.69,26630314.1
ADBL,2021-09-13,548.0,553.0,540.0,546.0,61708,1.3,33836285.9
ADBL,2021-09-14,550.0,552.0,540.0,547.0,50050,0.18,27281851.4
ADBL,2021-09-15,547.0,547.0,535.0,536.0,51866,-2.01,27895691.3
ADBL,2021-09-16,535.0,535.0,515.0,520.2,84511,-2.95,43966356.8
ADBL,2021-09-20,525.0,526.0,503.0,507.9,112904,-2.36,57412333.4
ADBL,2021-09-21,500.0,518.0,492.0,507.0,80684,-0.18,40696968.9
ADBL,2021-09-22,517.0,535.0,510.0,529.0,61892,4.34,32217081.3
ADBL,2021-09-23,539.5,559.0,532.0,545.0,113896,3.02,62392147.2
ADBL,2021-09-26,555.7,560.0,536.0,540.0,80063,-0.92,43366080.7
ADBL,2021-09-27,539.0,539.0,515.0,523.0,71015,-3.15,37137368.1
ADBL,2021-09-28,525.0,525.0,506.0,509.0,65077,-2.68,33262318.0
ADBL,2021-09-29,510.0,512.0,494.9,512.0,78586,0.59,39445114.6
ADBL,2021-09-30,515.0,517.0,505.0,508.0,48902,-0.78,24909992.4
ADBL,2021-10-03,508.0,508.0,498.0,498.0,62039,-1.97,31014736.0
ADBL,2021-10-04,498.0,502.0,491.0,497.0,54880,-0.2,27300681.6
ADBL,2021-10-05,495.0,507.0,492.0,504.0,55864,1.41,28139959.0
ADBL,2021-10-06,514.0,514.9,500.0,506.0,39844,0.4,20236639.5
ADBL,2021-10-10,506.0,524.0,505.0,509.5,51759,0.69,26358571.6
ADBL,2021-10-11,509.0,510.9,500.0,509.0,26076,-0.1,13179497.6
ADBL,2021-10-17,509.0,514.9,505.0,507.9,13824,-0.22,7014061.5
ADBL,2021-10-18,508.0,508.0,494.2,496.0,38949,-2.34,19403293.9
ADBL,2021-10-19,502.0,502.0,482.0,493.0,42712,-0.6,20766134.8
ADBL,2021-10-20,502.8,517.1,492.0,503.8,28247,2.19,14082413.8
ADBL,2021-10-21,494.0,505.0,494.0,500.2,30079,-0.71,15058229.2
ADBL,2021-10-24,501.0,505.0,492.0,503.0,39448,0.56,19694717.1
ADBL,2021-10-25,504.0,513.0,499.0,512.0,47523,1.79,24108882.8
ADBL,2021-10-26,520.0,525.0,513.0,525.0,60461,2.54,31346044.7
ADBL,2021-10-27,527.0,558.5,516.0,551.0,193472,4.95,105003048.7
ADBL,2021-10-28,555.0,560.0,538.0,538.0,91581,-2.36,49867046.4
ADBL,2021-10-31,530.0,544.0,524.0,532.0,75090,-1.12,39966443.4
ADBL,2021-11-01,521.4,535.0,520.0,521.0,66975,-2.07,35085959.1
ADBL,2021-11-02,521.0,529.9,515.0,528.5,30675,1.44,15991201.5
ADBL,2021-11-03,539.0,549.0,533.0,542.9,103451,2.72,56207790.5
ADBL,2021-11-08,543.0,544.0,528.0,528.0,27478,-2.74,14646766.0
ADBL,2021-11-09,528.1,530.0,512.0,515.0,53120,-2.46,27522253.7
ADBL,2021-11-11,512.0,520.0,500.0,507.0,68078,-1.55,34578001.7
ADBL,2021-11-14,503.0,510.0,497.0,508.9,36575,0.37,18517638.8
ADBL,2021-11-15,510.0,514.9,506.0,506.5,27116,-0.47,13771404.2
ADBL,2021-11-16,507.0,513.0,500.0,508.0,48725,0.3,24716496.2
ADBL,2021-11-17,518.0,518.0,508.2,512.9,47611,0.96,24434353.5
ADBL,2021-11-18,503.1,511.0,503.1,508.2,19692,-0.92,9997711.7
ADBL,2021-11-21,508.0,510.0,502.5,504.0,39307,-0.83,19863586.7
ADBL,2021-11-22,504.0,509.0,503.0,504.2,20171,0.04,10185826.0
ADBL,2021-11-23,500.0,505.0,495.0,497.1,36868,-1.41,18451920.9
ADBL,2021-11-24,497.0,498.9,495.1,495.9,36718,-0.24,18225695.9
ADBL,2021-11-25,496.0,499.5,491.0,495.0,40312,-0.18,19985326.7
ADBL,2021-11-28,491.0,495.0,470.0,476.0,64115,-3.84,30866245.7
ADBL,2021-11-29,471.0,483.0,469.0,477.5,25152,0.32,11999793.1
ADBL,2021-11-30,474.0,480.0,468.0,473.0,35963,-0.94,16973702.7
ADBL,2021-12-01,472.0,475.0,470.0,473.0,28814,0.0,13602652.9
ADBL,2021-12-02,475.0,476.9,467.0,467.0,37874,-1.27,17836807.3
ADBL,2021-12-05,461.0,465.0,444.0,446.0,68193,-4.5,30683279.5
ADBL,2021-12-06,446.0,459.0,430.0,451.0,68814,1.12,30173810.4
ADBL,2021-12-07,452.1,456.9,448.0,448.0,28400,-0.67,12809128.0
ADBL,2021-12-08,445.0,445.0,437.0,441.0,27135,-1.56,11947566.3
ADBL,2021-12-09,440.0,440.0,410.0,439.0,40348,-0.45,17524497.1
ADBL,2021-12-12,437.0,438.8,421.0,421.0,32738,-4.1,13990157.7
ADBL,2021-12-13,421.0,421.7,406.1,421.0,50626,0.0,20941548.7
ADBL,2021-12-14,429.0,440.0,420.5,437.0,12873,3.8,5592150.7
ADBL,2021-12-15,445.0,453.0,430.0,435.0,34320,-0.46,15153181.2
ADBL,2021-12-16,435.0,441.0,430.1,441.0,42355,1.38,18542483.6
ADBL,2021-12-20,449.8,471.9,449.8,463.0,203606,4.99,94499569.3
ADBL,2021-12-21,472.1,472.2,458.7,468.0,89845,1.08,41642193.3
ADBL,2021-12-22,475.0,488.0,468.0,486.0,91095,3.85,43764424.2
ADBL,2021-12-23,494.9,497.0,481.0,496.0,77234,2.06,38044401.2
ADBL,2021-12-26,499.1,502.0,495.0,500.0,130801,0.81,65306688.9
ADBL,2021-12-27,510.0,510.0,491.0,493.0,88858,-1.4,44186856.3
ADBL,2021-12-28,493.0,498.0,488.0,494.0,91046,0.2,44737396.5
ADBL,2021-12-29,499.0,499.0,488.0,492.0,200533,-0.4,98526860.8
ADBL,2022-01-02,410.0,412.0,400.1,411.0,78818,0.24,32071339.8
ADBL,2022-01-03,416.0,418.0,412.0,415.0,35929,0.97,14924061.5
ADBL,2022-01-04,422.0,424.0,410.0,422.0,52990,1.69,22249267.5
ADBL,2022-01-05,426.0,430.0,418.0,419.0,45591,-0.71,19202068.3
ADBL,2022-01-06,420.0,422.0,415.5,421.0,37485,0.48,15665637.0
ADBL,2022-01-09,424.0,434.0,420.0,431.0,79470,2.38,34177337.2
ADBL,2022-01-10,435.0,437.5,427.0,429.0,70123,-0.46,30115309.4
ADBL,2022-01-11,429.5,432.9,426.1,428.9,41350,-0.02,17749665.3
ADBL,2022-01-12,435.0,435.0,422.0,424.0,39598,-1.14,16913382.0
ADBL,2022-01-13,421.5,426.9,421.5,426.9,37250,0.68,15789732.4
ADBL,2022-01-16,433.0,437.0,430.1,435.0,63396,1.9,27521590.6
ADBL,2022-01-17,441.0,442.0,435.0,441.0,50102,1.38,21983243.9
ADBL,2022-01-18,441.0,448.0,436.9,440.0,95284,-0.23,42216372.9
ADBL,2022-01-19,440.0,442.0,426.3,433.0,60921,-1.59,26352303.2
ADBL,2022-01-20,430.0,435.0,427.5,433.0,41039,0.0,17658669.9
ADBL,2022-01-23,440.0,441.0,428.0,430.2,42972,-0.65,18568857.5
ADBL,2022-01-24,434.0,434.0,418.0,422.0,67946,-1.91,28660971.0
ADBL,2022-01-25,420.0,425.0,415.0,419.9,51430,-0.5,21650239.0
ADBL,2022-01-26,420.0,420.0,415.0,416.4,27790,-0.83,11568945.6
ADBL,2022-01-27,415.0,423.0,415.0,417.0,21775,0.14,9106564.7
ADBL,2022-01-30,425.0,432.0,420.1,424.7,39524,1.85,16780628.1
ADBL,2022-01-31,426.0,426.0,421.2,422.0,20348,-0.64,8603029.5
ADBL,2022-02-01,420.0,424.0,418.0,423.0,33761,0.24,14242566.1
ADBL,2022-02-03,425.0,425.0,420.0,420.6,47402,-0.57,20034413.9
ADBL,2022-02-06,418.0,422.0,417.0,418.0,33404,-0.62,13980967.8
ADBL,2022-02-07,416.5,423.0,416.1,417.0,26388,-0.24,11022862.6
ADBL,2022-02-08,423.0,425.0,416.0,417.0,33948,0.0,14242320.4
ADBL,2022-02-09,417.0,418.0,413.0,415.5,16231,-0.36,6743613.0
ADBL,2022-02-10,422.0,422.0,413.0,414.5,20035,-0.24,8301022.1
ADBL,2022-02-13,406.3,414.0,405.0,405.5,42697,-2.17,17343445.1
ADBL,2022-02-14,405.0,410.0,403.0,404.0,24705,-0.37,10036310.2
ADBL,2022-02-15,405.0,410.0,403.2,407.0,36803,0.74,14894245.9
ADBL,2022-02-16,415.0,415.0,406.0,406.9,17607,-0.02,7173672.3
ADBL,2022-02-17,415.0,415.0,403.5,405.0,18795,-0.47,7630343.2
ADBL,2022-02-20,400.0,402.0,395.0,399.0,35466,-1.48,14177046.7
ADBL,2022-02-21,400.0,405.0,398.0,402.0,27798,0.75,11132799.4
ADBL,2022-02-22,402.0,408.0,402.0,404.8,15662,0.7,6345069.6
ADBL,2022-02-23,405.9,406.0,399.9,400.0,35048,-1.19,14076613.9
ADBL,2022-02-24,401.0,401.0,392.0,397.0,33591,-0.75,13341064.7
ADBL,2022-02-27,397.0,397.3,391.1,395.0,29411,-0.5,11608919.9
ADBL,2022-02-28,395.0,401.9,388.0,390.0,66116,-1.27,26010456.1
ADBL,2022-03-02,388.0,390.0,378.0,380.0,63480,-2.56,24185161.1
ADBL,2022-03-06,378.5,384.5,378.5,380.9,31906,0.24,12147036.0
ADBL,2022-03-07,382.0,387.0,382.0,385.0,21937,1.08,8439898.3
ADBL,2022-03-09,389.0,390.0,381.1,383.9,20104,-0.29,7722641.1
ADBL,2022-03-10,383.0,386.9,380.0,386.5,28256,0.68,10872255.8
ADBL,2022-03-13,390.0,403.0,386.5,403.0,56207,4.27,22360879.1
ADBL,2022-03-14,409.0,411.0,395.0,402.0,43377,-0.25,17368347.7
ADBL,2022-03-15,405.0,405.0,395.0,399.0,36194,-0.75,14457537.6
ADBL,2022-03-16,399.0,400.0,396.0,396.2,20680,-0.7,8232074.9
ADBL,2022-03-20,400.0,402.0,392.0,396.6,22115,0.1,8781238.5
ADBL,2022-03-21,402.0,402.0,391.0,395.6,18867,-0.25,7436115.8
ADBL,2022-03-22,395.0,399.4,395.0,398.0,20056,0.61,7977489.7
ADBL,2022-03-23,405.9,405.9,392.0,395.0,14248,-0.75,5640696.1
ADBL,2022-03-24,394.5,395.0,392.0,393.0,24489,-0.51,9624549.1
ADBL,2022-03-27,393.0,394.0,388.0,388.1,20877,-1.25,8132480.3
ADBL,2022-03-28,385.6,390.0,384.0,386.0,22843,-0.54,8820969.3
ADBL,2022-03-29,381.0,389.6,379.0,383.9,18020,-0.54,6935183.2
ADBL,2022-03-30,383.0,388.0,381.0,385.0,19953,0.29,7663860.5
ADBL,2022-03-31,387.0,388.0,383.0,384.1,16460,-0.23,6339295.5
ADBL,2022-04-03,384.1,385.0,378.6,380.5,21505,-0.94,8183008.9
ADBL,2022-04-04,375.0,382.0,375.0,379.0,44329,-0.39,16788376.7
ADBL,2022-04-05,385.0,385.0,371.5,376.8,28851,-0.58,10776918.3
ADBL,2022-04-06,374.0,378.0,365.0,366.9,40684,-2.63,14994651.4
ADBL,2022-04-07,364.7,375.0,364.7,373.0,22876,1.66,8499046.1
ADBL,2022-04-11,373.0,382.0,366.1,367.0,27160,-1.61,10072937.5
ADBL,2022-04-12,363.6,373.3,363.6,363.8,12556,-0.87,4584713.6
ADBL,2022-04-13,364.0,369.0,364.0,367.0,29290,0.88,10740710.0
ADBL,2022-04-17,370.0,376.0,368.0,371.0,20608,1.09,7673321.9
ADBL,2022-04-18,370.0,374.0,367.0,369.9,15159,-0.3,5593073.9
ADBL,2022-04-19,369.0,372.0,358.7,371.0,19684,0.3,7175205.0
ADBL,2022-04-20,373.0,378.0,367.0,370.0,16063,-0.27,5945807.7
ADBL,2022-04-21,370.0,370.0,363.0,370.0,14989,0.0,5486722.0
ADBL,2022-04-24,371.0,377.0,367.0,376.6,22222,1.78,8286882.2
ADBL,2022-04-25,380.0,384.0,375.0,378.0,15248,0.37,5775166.6
ADBL,2022-04-26,374.0,377.0,371.5,373.0,11521,-1.32,4299443.3
ADBL,2022-04-27,370.0,371.0,368.0,371.0,12344,-0.54,4560074.9
ADBL,2022-04-28,378.0,378.0,367.1,369.0,26491,-0.54,9776276.7
ADBL,2022-05-02,367.0,367.0,363.6,364.0,15384,-1.36,5617595.3
ADBL,2022-05-04,364.0,366.0,360.0,361.0,12602,-0.82,4559131.4
ADBL,2022-05-05,361.0,365.0,356.0,356.3,14718,-1.3,5270036.8
ADBL,2022-05-08,356.3,356.3,352.0,354.5,20085,-0.51,7106767.4
ADBL,2022-05-09,360.0,367.0,355.0,365.0,16600,2.96,6032922.0
ADBL,2022-05-10,372.0,377.7,365.0,377.7,13260,3.48,4929558.5
ADBL,2022-05-11,378.0,384.0,371.0,384.0,17055,1.67,6456804.7
ADBL,2022-05-12,384.0,389.0,379.0,379.9,13959,-1.07,5323319.5
ADBL,2022-05-17,383.0,383.0,365.0,366.0,10299,-3.66,3784489.0
ADBL,2022-05-18,369.0,369.0,362.0,366.0,8992,0.0,3271908.1
ADBL,2022-05-19,366.0,373.0,364.6,365.8,7073,-0.05,2600050.6
ADBL,2022-05-20,366.0,366.0,360.0,364.0,5095,-0.49,1850894.5
ADBL,2022-05-23,371.0,371.0,358.6,360.0,15982,-1.1,5759444.5
ADBL,2022-05-24,354.0,366.0,353.0,362.0,10269,0.56,3714065.2
ADBL,2022-05-25,362.0,365.0,360.0,363.0,17122,0.28,6221866.4
ADBL,2022-05-26,363.0,367.0,361.0,367.0,12109,1.1,4416405.5
ADBL,2022-05-27,367.0,367.0,363.0,364.9,10347,-0.57,3767210.4
ADBL,2022-05-30,367.0,367.0,356.2,357.0,12409,-2.16,4443166.3
ADBL,2022-05-31,355.0,355.0,348.1,352.0,14454,-1.4,5091744.9
ADBL,2022-06-01,354.0,356.0,350.0,352.0,10455,0.0,3675674.2
ADBL,2022-06-02,352.0,353.0,348.1,350.0,16073,-0.57,5626290.2
ADBL,2022-06-03,343.1,352.0,343.1,343.5,18065,-1.86,6240715.4
ADBL,2022-06-06,345.0,345.5,338.0,343.0,20851,-0.15,7129519.0
ADBL,2022-06-07,340.0,345.0,322.6,328.9,49886,-4.11,16393550.4
ADBL,2022-06-08,331.0,337.0,329.2,334.0,27291,1.55,9096583.6
ADBL,2022-06-09,335.0,340.6,333.2,335.0,15288,0.3,5156377.0
ADBL,2022-06-10,339.9,339.9,326.0,335.6,8784,0.18,2909257.9
ADBL,2022-06-13,335.6,340.0,332.0,332.0,9837,-1.07,3290800.3
ADBL,2022-06-14,330.0,335.0,328.4,328.5,11543,-1.05,3810561.9
ADBL,2022-06-15,329.0,329.0,323.0,327.0,11386,-0.46,3689039.3
ADBL,2022-06-16,325.0,330.0,319.2,321.0,28991,-1.83,9361424.8
ADBL,2022-06-17,327.0,327.0,319.5,319.9,7331,-0.34,2355935.6
ADBL,2022-06-19,325.0,325.0,315.1,318.0,13101,-0.59,4173500.7
ADBL,2022-06-20,314.0,318.0,306.1,310.6,25115,-2.33,7774733.7
ADBL,2022-06-21,309.0,316.0,308.0,311.0,26282,0.13,8190082.4
ADBL,2022-06-22,315.0,315.0,304.0,310.0,37679,-0.32,11534145.0
ADBL,2022-06-23,309.0,310.0,300.2,305.0,43832,-1.61,13245101.0
ADBL,2022-06-24,305.0,310.0,298.0,309.0,12201,1.31,3689219.6
ADBL,2022-06-26,314.0,317.0,307.8,315.1,39098,1.97,12267102.1
ADBL,2022-06-27,315.9,321.0,313.0,314.0,22811,-0.35,7234514.2
ADBL,2022-06-28,309.79,333.1,308.0,330.0,21480,5.1,6738054.29
ADBL,2022-06-29,330.0,330.0,314.0,326.5,20955,-1.06,6803496.8
ADBL,2022-06-30,330.0,332.0,325.0,330.5,33598,1.23,11071739.9
ADBL,2022-07-01,336.9,336.9,325.4,326.0,14504,-1.36,4767079.7
ADBL,2022-07-03,326.0,330.0,324.4,327.0,21180,0.31,6928178.5
ADBL,2022-07-04,330.0,338.0,329.0,329.0,47200,0.61,15749826.3
ADBL,2022-07-05,330.0,335.0,325.0,329.9,35848,0.27,11781415.8
ADBL,2022-07-06,334.9,334.9,318.0,328.0,19649,-0.58,6415376.9
ADBL,2022-07-07,330.0,334.0,325.0,330.0,22802,0.61,7490782.3
ADBL,2022-07-08,330.0,330.0,320.0,323.0,6386,-2.12,2073039.4
ADBL,2022-07-11,318.0,320.0,310.0,312.4,31001,-3.28,9674338.9
ADBL,2022-07-12,312.4,318.6,305.8,310.0,46072,-0.77,14233125.8
ADBL,2022-07-13,316.0,316.0,309.0,312.6,28378,0.84,8835253.9
ADBL,2022-07-14,318.0,324.9,314.0,324.9,129060,3.93,40895290.0
ADBL,2022-07-15,325.0,333.0,323.0,331.0,23305,1.88,7669831.6
ADBL,2022-07-17,331.0,333.0,328.2,333.0,13768,0.6,4553730.5
ADBL,2022-07-18,331.1,333.0,327.0,333.0,30494,0.0,10082717.3
ADBL,2022-07-19,336.0,338.0,331.7,332.2,48655,-0.24,16196691.8
ADBL,2022-07-20,331.0,332.0,329.0,330.0,9519,-0.66,3144836.7
ADBL,2022-07-21,336.6,336.6,325.0,326.0,33924,-1.21,11108511.1
ADBL,2022-07-22,332.1,332.1,320.0,320.0,73821,-1.84,24021749.6
ADBL,2022-07-24,326.0,330.0,318.0,325.0,34052,1.56,10998616.7
ADBL,2022-07-25,325.0,335.0,325.0,331.9,22249,2.12,7369602.6
ADBL,2022-07-26,330.0,334.0,327.0,327.9,28310,-1.21,9339668.8
ADBL,2022-07-27,328.0,329.0,325.0,329.0,15694,0.34,5123099.9
ADBL,2022-07-28,330.0,330.5,327.0,329.2,25355,0.06,8345187.1
ADBL,2022-07-29,333.5,333.9,326.0,329.0,10688,-0.06,3509781.5
ADBL,2022-07-31,335.5,335.5,329.0,334.9,52879,1.79,17560835.2
ADBL,2022-08-01,339.0,343.7,333.1,337.0,29020,0.63,9838535.7
ADBL,2022-08-02,337.9,338.0,332.0,335.0,16845,-0.59,5630041.1
ADBL,2022-08-03,337.0,339.0,331.0,331.9,24591,-0.93,8254595.6
ADBL,2022-08-04,330.0,336.0,326.9,327.2,53722,-1.42,17644844.2
ADBL,2022-08-05,327.0,333.0,320.8,326.0,15314,-0.37,4981883.4
ADBL,2022-08-07,327.0,328.0,320.0,324.0,25006,-0.61,8083388.1
ADBL,2022-08-08,323.0,328.9,322.0,324.0,17323,0.0,5618926.5
ADBL,2022-08-09,330.3,330.3,319.1,320.0,16292,-1.23,5229660.9
ADBL,2022-08-10,325.0,325.9,316.1,319.0,13511,-0.31,4315412.8
ADBL,2022-08-11,321.9,322.9,318.0,319.9,14796,0.28,4740123.9
ADBL,2022-08-14,318.0,323.9,317.1,317.1,12706,-0.88,4041250.4
ADBL,2022-08-15,322.0,325.0,318.0,325.0,14532,2.49,4674877.8
ADBL,2022-08-16,324.9,328.0,321.0,322.9,17914,-0.65,5794377.1
ADBL,2022-08-17,321.0,323.0,319.0,320.0,11949,-0.9,3828524.9
ADBL,2022-08-18,322.0,325.0,321.0,323.0,17718,0.94,5723920.9
ADBL,2022-08-21,323.0,330.0,323.0,330.0,27475,2.17,9014062.3
ADBL,2022-08-22,323.4,330.0,323.4,328.0,14918,-0.61,4873784.9
ADBL,2022-08-23,327.0,330.0,326.0,328.5,10216,0.15,3361109.5
ADBL,2022-08-24,332.8,335.0,329.1,330.5,19675,0.61,6523675.0
ADBL,2022-08-25,337.1,337.1,329.0,330.0,16629,-0.15,5504585.8
ADBL,2022-08-26,329.9,331.5,325.0,325.6,7870,-1.33,2579957.2
ADBL,2022-08-28,325.0,325.0,321.0,322.5,17936,-0.95,5784362.9
ADBL,2022-08-29,325.0,325.0,318.1,321.9,13656,-0.19,4375586.9
ADBL,2022-08-30,328.3,328.3,321.0,322.1,11139,0.06,3594640.2
ADBL,2022-08-31,320.0,324.9,320.0,320.7,13331,-0.43,4287524.5
ADBL,2022-09-01,320.0,323.0,318.0,321.0,12572,0.09,4020241.3
ADBL,2022-09-02,327.4,327.4,318.0,320.0,3734,-0.31,1198705.5
ADBL,2022-09-04,319.0,325.0,319.0,321.0,7380,0.31,2377089.3
ADBL,2022-09-05,321.0,324.0,320.0,321.4,11229,0.12,3612997.9
ADBL,2022-09-06,320.5,324.0,320.5,321.0,13240,-0.12,4255335.5
ADBL,2022-09-07,320.0,320.0,317.8,319.8,12342,-0.37,3934251.8
ADBL,2022-09-08,318.0,321.0,318.0,319.0,11069,-0.25,3536673.5
ADBL,2022-09-11,320.0,321.0,313.7,314.0,24584,-1.57,7779122.6
ADBL,2022-09-12,320.2,326.6,312.0,314.0,13529,0.0,4248138.5
ADBL,2022-09-13,315.0,318.0,310.0,316.2,12273,0.7,3878145.3
ADBL,2022-09-14,320.0,322.5,316.0,321.0,23829,1.52,7604830.4
ADBL,2022-09-15,325.0,325.0,315.0,316.0,16374,-1.56,5192264.9
ADBL,2022-09-16,313.0,315.0,309.0,315.0,11315,-0.32,3535637.5
ADBL,2022-09-18,321.3,321.3,310.0,314.0,11440,-0.32,3567890.3
ADBL,2022-09-20,311.0,312.0,303.0,305.1,17004,-2.83,5197943.6
ADBL,2022-09-21,301.0,311.9,301.0,307.0,8026,0.62,2466769.4
ADBL,2022-09-22,310.0,312.9,303.5,305.0,13150,-0.65,4016456.9
ADBL,2022-09-25,310.0,310.0,300.0,304.0,13739,-0.33,4151161.6
ADBL,2022-09-27,305.0,310.0,304.0,306.1,10558,0.69,3237843.2
ADBL,2022-09-28,305.0,311.0,305.0,310.5,8119,1.44,2515160.5
ADBL,2022-09-29,310.6,316.0,305.0,316.0,9610,1.77,3002242.0
ADBL,2022-10-09,316.0,321.0,315.0,320.5,15873,1.42,5035698.1
ADBL,2022-10-10,324.9,324.9,315.0,316.0,13000,-1.4,4126303.1
ADBL,2022-10-11,316.0,316.0,310.0,316.0,4458,0.0,1392319.6
ADBL,2022-10-12,316.0,319.8,310.0,317.0,24496,0.32,7724142.8
ADBL,2022-10-13,317.0,321.0,310.0,315.9,44417,-0.35,13849857.2
ADBL,2022-10-16,314.0,317.0,313.1,316.0,12032,0.03,3791791.4
ADBL,2022-10-17,315.0,321.0,313.0,313.5,16317,-0.79,5164517.9
ADBL,2022-10-19,314.0,315.0,311.4,313.0,11518,-0.16,3606102.5
ADBL,2022-10-20,313.0,317.0,310.0,316.0,12755,0.96,3991532.1
ADBL,2022-10-23,320.0,320.0,312.0,317.9,17351,0.6,5480341.7
ADBL,2022-10-31,319.0,323.0,312.0,317.5,13157,-0.13,4153072.6
ADBL,2022-11-01,317.5,325.0,313.5,324.0,35973,2.05,11517735.0
ADBL,2022-11-02,324.1,329.0,322.0,324.0,19128,0.0,6213082.5
ADBL,2022-11-03,324.0,326.0,318.0,319.0,12711,-1.54,4061403.7
ADBL,2022-11-06,319.0,323.0,313.0,322.0,16955,0.94,5399213.9
ADBL,2022-11-07,325.0,325.0,319.0,321.0,24381,-0.31,7836657.7
ADBL,2022-11-08,320.0,322.0,318.0,321.0,9278,0.0,2971665.9
ADBL,2022-11-09,320.0,324.9,316.0,316.5,15234,-1.4,4857122.9
ADBL,2022-11-10,322.8,322.8,311.8,314.0,15742,-0.79,4950794.2
ADBL,2022-11-13,314.0,316.0,311.1,311.7,11950,-0.73,3751319.9
ADBL,2022-11-14,310.1,314.4,310.0,311.0,15187,-0.22,4720438.0
ADBL,2022-11-15,317.2,323.5,312.0,315.0,8337,1.29,2617873.5
ADBL,2022-11-16,317.0,317.0,314.0,314.5,13463,-0.16,4234374.8
ADBL,2022-11-17,315.0,320.0,315.0,319.5,17607,1.59,5598034.6
ADBL,2022-11-22,320.0,322.0,316.0,319.0,8935,-0.16,2853490.7
ADBL,2022-11-23,320.0,320.0,316.1,317.0,9236,-0.63,2936074.7
ADBL,2022-11-24,317.0,319.9,315.0,319.0,6331,0.63,2008843.3
ADBL,2022-11-27,325.0,325.3,316.0,316.5,25216,-0.78,7999086.3
ADBL,2022-11-28,315.0,320.0,312.1,312.1,30870,-1.39,9736715.1
ADBL,2022-11-29,312.0,317.9,311.7,314.3,12352,0.7,3892511.1
ADBL,2022-11-30,314.4,319.5,314.0,317.0,7447,0.86,2355373.8
ADBL,2022-12-01,322.0,322.0,315.0,318.0,9580,0.32,3033970.7
ADBL,2022-12-04,320.0,320.0,314.0,317.0,25605,-0.31,8074994.3
ADBL,2022-12-05,316.1,316.1,313.0,315.0,11332,-0.63,3561034.4
ADBL,2022-12-06,312.0,315.4,311.1,311.7,16382,-1.05,5113726.4
ADBL,2022-12-07,312.0,315.0,308.0,309.0,25574,-0.87,7938888.2
ADBL,2022-12-11,308.0,309.0,305.2,307.5,9650,-0.49,2965321.1
ADBL,2022-12-12,307.0,313.0,307.0,310.0,9970,0.81,3092390.1
ADBL,2022-12-13,310.0,314.7,310.0,312.5,6355,0.81,1979263.7
ADBL,2022-12-14,315.0,315.0,311.0,311.1,156925,-0.45,48829366.9
ADBL,2022-12-15,312.0,313.0,309.0,310.0,14709,-0.35,4574270.9
ADBL,2022-12-18,316.2,316.2,302.1,306.0,201937,-1.29,62511436.0
ADBL,2022-12-19,306.0,311.0,305.0,307.0,8067,0.33,2468445.6
ADBL,2022-12-20,309.0,310.0,305.0,305.2,13973,-0.59,4283374.2
ADBL,2022-12-21,302.79,308.7,301.1,307.7,31483,0.82,9644399.4
ADBL,2022-12-22,310.0,310.0,302.0,306.9,15590,-0.26,4769139.0
ADBL,2022-12-26,310.0,315.0,308.7,315.0,21883,2.64,6841894.7
ADBL,2022-12-27,321.0,325.0,320.0,323.3,51610,2.63,16664375.5
ADBL,2022-12-28,323.0,323.0,317.2,322.4,19569,-0.28,6281694.4
ADBL,2022-12-29,325.0,328.8,318.6,328.0,25822,1.74,8386281.9
ADBL,2023-01-01,334.5,336.6,325.0,326.0,39484,-0.61,13009745.0
ADBL,2023-01-02,326.0,329.5,319.5,326.0,25571,0.0,8341448.9
ADBL,2023-01-03,332.0,332.5,326.0,329.0,42776,0.92,14056834.4
ADBL,2023-01-04,332.0,335.0,329.0,334.5,47144,1.67,15643352.9
ADBL,2023-01-05,340.0,342.0,333.5,342.0,53538,2.24,18065349.5
ADBL,2023-01-08,346.8,346.8,338.2,340.0,92031,-0.58,31354479.1
ADBL,2023-01-09,340.0,349.0,335.2,346.0,105273,1.76,35851888.9
ADBL,2023-01-10,340.0,355.8,330.0,340.0,248684,-1.73,85036229.1
ADBL,2023-01-12,340.0,349.4,330.0,330.2,67648,-2.88,22710315.7
ADBL,2023-01-17,329.0,331.0,325.0,328.0,62496,-0.67,20427991.0
ADBL,2023-01-18,328.0,331.0,323.4,324.0,40481,-1.22,13204379.9
ADBL,2023-01-19,324.0,328.0,322.1,324.0,37215,0.0,12068029.4
ADBL,2023-01-23,317.6,320.0,308.0,312.1,126466,-3.67,39777772.9
ADBL,2023-01-24,312.0,318.0,306.1,308.0,79173,-1.31,24373733.1
ADBL,2023-01-25,313.0,314.0,308.5,311.2,34199,1.04,10645495.8
ADBL,2023-01-26,315.0,315.0,308.0,308.0,31528,-1.03,9756988.3
ADBL,2023-01-29,308.0,310.0,305.1,305.1,37956,-0.94,11672254.4
ADBL,2023-01-30,305.5,308.0,302.5,302.7,66765,-0.79,20320457.9
ADBL,2023-01-31,302.0,308.0,300.1,301.0,32832,-0.56,9891840.5
ADBL,2023-02-01,307.0,307.0,299.0,300.0,45514,-0.33,13666086.9
ADBL,2023-02-02,300.0,304.0,298.4,298.5,32404,-0.5,9709012.4
ADBL,2023-02-05,304.4,304.4,297.5,298.0,34791,-0.17,10413392.3
ADBL,2023-02-06,300.0,300.0,297.0,298.0,21360,0.0,6363027.5
ADBL,2023-02-07,300.0,305.9,299.0,304.4,41141,2.15,12433526.0
ADBL,2023-02-08,308.0,312.2,305.3,307.0,66790,0.85,20613478.9
ADBL,2023-02-09,306.0,309.9,305.0,308.0,29687,0.33,9127165.5
ADBL,2023-02-12,312.0,312.0,300.0,300.2,28593,-2.53,8652037.6
ADBL,2023-02-14,300.0,302.0,298.0,298.5,22019,-0.57,6591888.4
ADBL,2023-02-15,300.0,300.0,296.0,296.1,37344,-0.8,11092721.3
ADBL,2023-02-16,290.2,298.0,290.2,295.0,23137,-0.37,6837342.5
ADBL,2023-02-20,292.0,297.0,291.1,293.0,25304,-0.68,7406993.1
ADBL,2023-02-22,293.0,302.0,293.0,294.0,26153,0.34,7710363.8
ADBL,2023-02-23,296.0,296.0,289.0,289.1,41640,-1.67,12091990.1
ADBL,2023-02-26,290.0,290.0,280.0,286.0,32146,-1.07,9093044.6
ADBL,2023-02-27,286.7,292.0,283.0,285.0,23893,-0.35,6827199.0
ADBL,2023-02-28,290.0,290.0,284.0,285.0,18954,0.0,5406306.8
ADBL,2023-03-01,289.4,289.4,281.0,282.0,18727,-1.05,5281953.1
ADBL,2023-03-02,280.2,281.1,278.6,279.3,17392,-0.96,4865932.9
ADBL,2023-03-05,284.7,284.8,281.3,283.9,37017,1.65,10457455.1
ADBL,2023-03-07,285.0,291.0,282.0,291.0,34653,2.5,9957479.3
ADBL,2023-03-09,293.0,303.0,291.4,302.0,45885,3.78,13584479.6
ADBL,2023-03-12,305.0,307.7,296.1,298.5,44726,-1.16,13367084.0
ADBL,2023-03-13,299.0,300.8,294.5,299.0,69587,0.17,20616616.3
ADBL,2023-03-14,299.0,299.0,279.0,281.7,36492,-3.9,10300324.1
ADBL,2023-03-15,282.0,282.9,271.1,272.0,35903,-3.44,9872955.8
ADBL,2023-03-16,268.0,268.5,259.1,261.5,59597,-3.86,15626041.3
ADBL,2023-03-19,264.5,264.5,258.0,258.2,21040,-1.26,5460177.1
ADBL,2023-03-20,258.2,262.8,256.1,258.0,13799,-0.08,3565015.9
ADBL,2023-03-22,263.1,263.1,256.1,256.5,20447,-0.58,5276028.6
ADBL,2023-03-23,254.0,257.0,252.0,254.0,17649,-0.97,4487409.4
ADBL,2023-03-26,254.0,254.0,247.0,248.0,30751,-2.36,7643212.4
ADBL,2023-03-27,248.0,250.0,242.0,244.9,39301,-1.25,9581545.0
ADBL,2023-03-28,244.0,248.5,243.1,247.3,20785,0.98,5140169.7
ADBL,2023-03-29,245.0,249.8,244.0,246.0,10613,-0.53,2606354.2
ADBL,2023-03-30,244.0,248.7,244.0,244.5,12174,-0.61,2990079.3
ADBL,2023-04-02,249.3,249.3,241.0,242.0,14559,-1.02,3550577.2
ADBL,2023-04-03,240.0,242.0,238.0,240.0,13807,-0.83,3307962.9
ADBL,2023-04-04,237.0,239.9,236.0,239.9,20737,-0.04,4937997.4
ADBL,2023-04-05,241.0,241.0,237.0,240.0,16295,0.04,3894263.1
ADBL,2023-04-06,244.0,244.0,238.2,239.0,12283,-0.42,2947758.3
ADBL,2023-04-09,239.0,239.0,234.0,234.0,18981,-2.09,4466257.6
ADBL,2023-04-10,234.0,235.0,230.0,232.1,19230,-0.81,4475674.0
ADBL,2023-04-11,236.7,241.0,233.0,238.0,16466,2.54,3907612.5
ADBL,2023-04-12,242.0,251.0,240.1,251.0,31877,5.46,7811242.6
ADBL,2023-04-13,256.0,257.0,246.0,246.0,13846,-1.99,3473257.6
ADBL,2023-04-16,248.0,255.9,245.9,247.5,16060,0.61,3988445.7
ADBL,2023-04-17,245.1,248.0,242.0,242.1,15770,-2.18,3854073.5
ADBL,2023-04-18,240.0,242.0,238.0,240.0,15338,-0.87,3662616.9
ADBL,2023-04-19,242.0,243.0,236.2,239.0,16398,-0.42,3910815.1
ADBL,2023-04-20,237.5,243.7,237.1,239.0,30269,0.0,7220076.6
ADBL,2023-04-23,235.0,238.6,230.5,233.5,14775,-2.3,3454076.9
ADBL,2023-04-24,233.5,237.0,232.1,234.0,12092,0.21,2825502.9
ADBL,2023-04-25,235.0,238.0,233.1,237.4,12005,1.45,2831163.7
ADBL,2023-04-26,234.0,239.9,233.5,235.5,16448,-0.8,3868828.3
ADBL,2023-04-27,236.0,238.4,233.0,234.4,16190,-0.47,3823831.4
ADBL,2023-04-30,230.5,235.0,230.2,233.0,10469,-0.6,2441037.9
ADBL,2023-05-02,230.0,237.0,230.0,234.9,13032,0.82,3050185.9
ADBL,2023-05-03,232.0,235.0,231.2,233.1,11916,-0.77,2775059.2
ADBL,2023-05-04,235.0,235.0,228.0,233.9,41732,0.34,9643665.5
ADBL,2023-05-07,231.0,235.0,230.1,232.0,8889,-0.81,2066413.6
ADBL,2023-05-08,227.6,234.0,227.6,229.2,13142,-1.21,3018189.6
ADBL,2023-05-09,228.0,233.7,226.5,230.9,5054,0.74,1163275.2
ADBL,2023-05-10,230.0,234.6,230.0,230.0,7179,-0.39,1663440.7
ADBL,2023-05-11,230.1,239.0,225.0,239.0,39101,3.91,8865325.2
ADBL,2023-05-14,239.0,239.0,224.5,227.0,69971,-5.02,15865205.6
ADBL,2023-05-15,227.0,230.0,225.0,228.0,7186,0.44,1629098.3
ADBL,2023-05-16,227.0,229.5,227.0,228.5,7257,0.22,1656732.5
ADBL,2023-05-17,228.5,232.0,227.0,229.0,10606,0.22,2432041.1
ADBL,2023-05-18,233.0,233.0,229.0,231.0,16253,0.87,3766259.3
ADBL,2023-05-21,234.9,235.0,230.0,230.0,15468,-0.43,3577902.5
ADBL,2023-05-22,230.0,232.0,229.1,230.0,12210,0.0,2817272.0
ADBL,2023-05-23,230.0,234.0,229.2,233.1,33102,1.35,7660084.2
ADBL,2023-05-24,233.0,237.1,228.6,234.0,14945,0.39,3484322.1
ADBL,2023-05-28,235.0,238.0,230.3,232.0,69398,-0.85,16328699.4
ADBL,2023-05-30,232.0,234.0,228.0,228.0,22898,-1.72,5257586.5
ADBL,2023-05-31,232.0,232.0,224.0,225.0,33715,-1.32,7604543.3
ADBL,2023-06-01,225.0,230.0,225.0,227.0,21938,0.89,4996928.0
ADBL,2023-06-04,227.0,232.5,227.0,229.5,22179,1.1,5108535.9
ADBL,2023-06-05,230.0,233.4,227.5,228.0,16703,-0.65,3843326.8
ADBL,2023-06-06,230.0,230.0,226.1,228.0,15859,0.0,3612562.4
ADBL,2023-06-07,227.0,231.5,227.0,228.1,19984,0.04,4574871.1
ADBL,2023-06-08,230.9,231.0,226.5,228.0,20562,-0.04,4696865.7
ADBL,2023-06-11,228.0,230.0,226.0,228.1,24092,0.04,5510806.9
ADBL,2023-06-12,229.0,234.0,229.0,230.0,34741,0.83,8015736.7
ADBL,2023-06-13,230.0,234.5,228.0,231.0,34769,0.43,8053410.7
ADBL,2023-06-14,233.0,236.0,231.3,233.0,28078,0.87,6563418.4
ADBL,2023-06-15,235.0,235.0,230.0,231.0,15875,-0.86,3674187.1
ADBL,2023-06-18,235.0,235.0,229.1,232.0,31348,0.43,7245485.6
ADBL,2023-06-19,232.0,233.0,229.4,230.0,28445,-0.86,6551303.8
ADBL,2023-06-20,231.5,234.0,230.0,230.0,24757,0.0,5726135.6
ADBL,2023-06-21,234.6,234.6,228.0,229.0,27190,-0.43,6218582.3
ADBL,2023-06-22,233.5,233.5,226.5,228.0,25728,-0.44,5856457.6
ADBL,2023-06-25,226.0,230.0,226.0,228.0,55988,0.0,12751615.0
ADBL,2023-06-26,230.0,233.6,226.7,229.9,54335,0.83,12509900.0
ADBL,2023-06-27,233.9,237.4,230.0,237.4,75381,3.26,17674710.0
ADBL,2023-06-28,242.1,246.9,236.1,236.5,64742,-0.38,15549388.8
ADBL,2023-07-02,240.0,240.0,231.8,232.5,40449,-1.69,9467573.6
ADBL,2023-07-03,231.1,235.9,229.0,230.8,45071,-0.73,10468913.7
ADBL,2023-07-04,229.1,235.0,229.0,234.0,36910,1.39,8561953.2
ADBL,2023-07-05,232.0,235.0,230.2,233.0,23932,-0.43,5579157.8
ADBL,2023-07-06,229.9,232.0,228.0,229.0,26895,-1.72,6163132.1
ADBL,2023-07-09,229.0,234.5,228.0,230.0,19087,0.44,4393406.6
ADBL,2023-07-10,234.6,234.6,229.1,230.0,20809,0.0,4794585.3
ADBL,2023-07-11,233.0,233.0,228.6,228.6,28173,-0.61,6464168.2
ADBL,2023-07-12,229.0,230.0,228.1,228.1,21029,-0.22,4812157.4
ADBL,2023-07-13,232.5,232.5,228.2,228.2,31352,0.04,7214075.8
ADBL,2023-07-16,231.9,234.0,228.0,233.9,46266,2.5,10659794.2
ADBL,2023-07-17,234.0,240.7,232.1,240.0,39477,2.61,9400800.3
ADBL,2023-07-18,244.0,248.0,241.2,247.0,74737,2.92,18275175.5
ADBL,2023-07-19,248.0,259.9,243.0,258.8,109807,4.78,27885873.7
ADBL,2023-07-20,262.0,262.0,252.0,255.0,50631,-1.47,13018196.6
ADBL,2023-07-23,255.0,275.0,253.0,267.0,95198,4.71,24836954.4
ADBL,2023-07-24,264.0,274.0,256.8,260.0,94779,-2.62,25205947.3
ADBL,2023-07-25,260.0,262.0,247.0,249.0,76633,-4.23,19268382.43
ADBL,2023-07-26,253.0,258.0,246.0,251.0,48886,0.8,12352419.3
ADBL,2023-07-27,255.0,255.0,248.2,250.0,30072,-0.4,7531321.6
ADBL,2023-07-30,250.0,255.0,246.0,246.8,18263,-1.28,4539196.7
ADBL,2023-07-31,251.0,252.0,246.4,247.0,13082,0.08,3252929.9
ADBL,2023-08-01,246.1,249.7,244.0,244.0,24677,-1.21,6068522.2
ADBL,2023-08-02,242.0,250.0,242.0,250.0,31501,2.46,7725061.5
ADBL,2023-08-03,254.0,254.7,248.3,248.3,30989,-0.68,7760670.6
ADBL,2023-08-06,253.2,273.1,253.2,265.0,277818,6.73,74599478.5
ADBL,2023-08-07,260.0,264.8,256.0,258.0,86650,-2.64,22509521.1
ADBL,2023-08-08,257.1,261.0,255.0,257.9,27802,-0.04,7142925.1
ADBL,2023-08-09,257.0,258.0,252.0,258.0,42358,0.04,10756388.8
ADBL,2023-08-10,261.0,262.0,256.0,260.0,23004,0.78,5951091.0
ADBL,2023-08-13,262.0,266.0,258.0,264.0,76591,1.54,20154531.8
ADBL,2023-08-14,269.0,271.0,264.0,267.3,56788,1.25,15263156.2
ADBL,2023-08-15,268.0,271.0,262.3,263.0,36592,-1.61,9699228.1
ADBL,2023-08-16,262.0,265.0,260.1,261.4,19294,-0.61,5046469.7
ADBL,2023-08-17,264.9,264.9,261.0,261.9,18286,0.19,4788137.5
ADBL,2023-08-20,260.0,265.0,259.0,260.0,19605,-0.73,5114960.3
ADBL,2023-08-21,263.8,263.8,260.0,260.8,21850,0.31,5689723.3
ADBL,2023-08-22,261.9,263.0,258.0,263.0,17678,0.84,4605045.6
ADBL,2023-08-23,260.1,265.0,260.1,263.0,19743,0.0,5199045.0
ADBL,2023-08-24,261.0,264.0,260.0,260.1,22080,-1.1,5775998.2
ADBL,2023-08-27,259.0,261.0,256.7,257.0,16373,-1.19,4228741.8
ADBL,2023-08-28,260.0,260.0,256.0,258.0,15772,0.39,4064069.8
ADBL,2023-08-29,256.0,260.0,255.0,257.0,14786,-0.39,3806786.6
ADBL,2023-08-30,261.9,262.9,258.2,258.5,18400,0.58,4790556.8
ADBL,2023-09-03,255.0,260.0,255.0,255.3,33984,-1.24,8715813.3
ADBL,2023-09-04,258.0,258.0,252.1,254.0,17422,-0.51,4431984.3
ADBL,2023-09-05,250.0,255.0,250.0,252.1,16605,-0.75,4209442.9
ADBL,2023-09-07,252.2,253.9,250.6,251.0,10055,-0.44,2529411.6
ADBL,2023-09-10,256.0,256.0,252.0,254.9,12819,1.55,3266248.1
ADBL,2023-09-11,259.0,264.0,255.0,263.9,21840,3.53,5706368.0
ADBL,2023-09-12,267.5,267.5,259.2,260.8,9532,-1.17,2487237.9
ADBL,2023-09-13,257.0,265.5,256.0,264.0,18534,1.23,4888486.4
ADBL,2023-09-17,269.0,269.0,259.0,259.9,28163,-1.55,7354852.0
ADBL,2023-09-18,258.0,260.9,258.0,259.3,24190,-0.23,6270570.3
ADBL,2023-09-19,263.9,263.9,258.0,261.0,14795,0.66,3845276.7
ADBL,2023-09-21,265.0,270.0,262.2,262.7,50228,0.65,13238156.5
ADBL,2023-09-24,267.0,267.0,260.0,261.0,13632,-0.65,3565983.8
ADBL,2023-09-25,261.0,261.9,255.9,260.5,10018,-0.19,2607137.8
ADBL,2023-09-26,264.5,264.5,258.9,260.0,39214,-0.19,10194999.1
ADBL,2023-09-27,262.0,265.0,257.1,259.0,30760,-0.38,7998716.0
ADBL,2023-10-01,259.0,263.0,257.0,258.9,60740,-0.04,15724017.0
ADBL,2023-10-02,257.0,262.1,256.2,260.3,40811,0.54,10592210.4
ADBL,2023-10-03,257.0,262.9,257.0,261.8,35324,0.58,9219741.5
ADBL,2023-10-04,263.0,264.6,259.0,259.3,8133,-0.95,2113414.5
ADBL,2023-10-05,263.0,263.0,256.0,258.0,7398,-0.5,1905020.8
ADBL,2023-10-08,263.0,263.1,254.4,254.5,28146,-1.36,7191107.3
ADBL,2023-10-09,252.5,254.0,251.1,253.0,10233,-0.59,2584008.3
ADBL,2023-10-10,257.0,258.0,251.1,252.0,9470,-0.4,2394063.6
ADBL,2023-10-11,250.0,255.0,248.0,250.3,19245,-0.67,4807925.0
ADBL,2023-10-12,250.0,251.9,247.3,248.3,28503,-0.8,7090011.9
ADBL,2023-10-16,250.0,250.0,246.0,248.0,11941,-0.12,2946188.8
ADBL,2023-10-17,252.0,253.9,249.0,251.0,8118,1.21,2034157.9
ADBL,2023-10-18,252.0,270.0,251.0,260.0,23077,3.59,6008028.0
ADBL,2023-10-19,264.0,264.0,255.3,259.0,9050,-0.38,2343455.1
ADBL,2023-10-29,259.0,259.0,253.0,255.0,16265,-1.54,4147753.6
ADBL,2023-10-30,253.5,255.0,251.0,255.0,33815,0.0,8569072.2
ADBL,2023-10-31,260.0,260.0,250.0,251.7,12366,-1.29,3102423.1
ADBL,2023-11-01,250.0,251.7,248.0,251.0,24366,-0.28,6084726.5
ADBL,2023-11-02,254.0,254.0,248.0,248.2,14152,-1.12,3521359.9
ADBL,2023-11-05,244.0,244.0,236.0,240.9,67192,-2.94,16163462.5
ADBL,2023-11-06,240.0,253.2,236.1,245.0,36331,1.7,8824926.9
ADBL,2023-11-07,248.9,248.9,242.0,244.0,28233,-0.41,6880582.3
ADBL,2023-11-08,240.4,246.9,240.3,246.5,8644,1.02,2117730.1
ADBL,2023-11-09,241.6,245.9,241.0,244.0,10046,-1.01,2445056.7
ADBL,2023-11-20,244.0,248.5,239.6,239.6,13280,-1.8,3203566.2
ADBL,2023-11-21,239.6,239.9,235.0,239.0,12618,-0.25,3005996.9
ADBL,2023-11-22,238.0,245.0,238.0,245.0,8661,2.51,2091879.6
ADBL,2023-11-23,245.0,269.5,240.2,245.0,6824,0.0,1669458.4
ADBL,2023-11-26,240.5,246.0,240.1,242.0,15023,-1.22,3660075.4
ADBL,2023-11-27,240.0,245.1,240.0,244.0,13748,0.83,3342653.5
ADBL,2023-11-28,245.0,245.0,240.2,242.0,8124,-0.82,1961479.3
ADBL,2023-11-29,243.0,264.9,240.1,241.8,9876,-0.08,2394995.2
ADBL,2023-11-30,240.0,241.0,238.0,239.0,10214,-1.16,2447712.8
ADBL,2023-12-03,236.6,242.9,236.6,239.0,14293,0.0,3412903.1
ADBL,2023-12-04,236.0,243.0,236.0,240.0,7552,0.42,1805414.8
ADBL,2023-12-05,239.9,240.0,236.0,238.0,10287,-0.83,2451001.6
ADBL,2023-12-06,240.0,240.0,235.1,236.0,10646,-0.84,2515241.8
ADBL,2023-12-07,236.1,240.5,236.1,239.0,16898,1.27,4044117.9
ADBL,2023-12-10,243.7,248.5,243.7,248.5,60,3.97,14862.0
ADBL,2023-12-11,253.4,258.0,245.0,246.0,36977,-1.01,9184349.5
ADBL,2023-12-12,246.2,252.0,242.0,245.4,68084,-0.24,16885697.6
ADBL,2023-12-13,250.3,251.5,246.0,246.7,31055,0.53,7726674.7
ADBL,2023-12-14,242.6,249.0,242.6,248.0,13670,0.53,3377975.2
ADBL,2023-12-17,243.1,249.8,243.1,248.5,25584,0.2,6334500.4
ADBL,2023-12-18,250.0,255.0,247.0,251.0,44779,1.01,11264998.7
ADBL,2023-12-19,250.0,262.2,250.0,261.0,62432,3.98,16066588.4
ADBL,2023-12-20,256.0,267.2,256.0,261.3,57332,0.11,15045854.6
ADBL,2023-12-21,261.0,264.0,255.3,256.0,39429,-2.03,10219189.5
ADBL,2023-12-24,259.0,260.0,253.1,253.5,44028,-0.98,11289852.0
ADBL,2023-12-27,258.5,258.5,248.5,249.6,15367,-1.54,3846320.8
ADBL,2023-12-28,249.0,249.9,245.3,247.0,19671,-1.04,4850830.6
ADBL,2024-01-01,251.0,251.0,246.2,248.9,33313,0.77,8278812.6
ADBL,2024-01-02,249.0,249.0,245.0,248.5,34706,-0.16,8575110.5
ADBL,2024-01-03,248.0,248.0,243.1,246.9,17254,-0.64,4227147.1
ADBL,2024-01-04,247.0,249.9,244.0,245.0,30433,-0.77,7457873.7
ADBL,2024-01-07,245.0,246.0,241.0,243.4,39659,-0.65,9644017.6
ADBL,2024-01-08,248.0,248.0,241.0,243.7,15763,0.12,3826990.5
ADBL,2024-01-09,248.0,248.0,243.1,245.1,29582,0.57,7253697.7
ADBL,2024-01-10,245.0,248.0,244.0,245.0,31999,-0.04,7854889.8
ADBL,2024-01-11,244.1,246.1,242.5,245.0,13027,0.0,3183707.5
ADBL,2024-01-14,246.1,247.0,243.7,245.9,25759,0.37,6323452.5
ADBL,2024-01-16,245.9,252.0,245.0,246.8,43763,0.37,10872335.0
ADBL,2024-01-17,247.2,251.0,245.0,247.0,76378,0.08,18940463.1
ADBL,2024-01-18,246.0,250.0,243.1,247.0,29336,0.0,7223646.1
ADBL,2024-01-21,247.0,248.2,243.4,243.9,48190,-1.26,11812583.6
ADBL,2024-01-22,243.0,248.0,243.0,244.0,45887,0.04,11234734.5
ADBL,2024-01-23,242.1,246.9,242.1,245.2,21982,0.49,5382654.6
ADBL,2024-01-24,245.0,247.0,242.3,245.5,25650,0.12,6275597.1
ADBL,2024-01-25,244.5,247.0,244.5,245.1,35252,-0.16,8657513.2
ADBL,2024-01-28,245.0,248.0,244.0,245.0,23496,-0.04,5750915.7
ADBL,2024-01-29,249.5,249.5,245.1,246.5,22283,0.61,5496052.8
ADBL,2024-01-30,249.5,249.5,244.5,245.5,17528,-0.41,4295121.0
ADBL,2024-01-31,245.0,247.4,243.2,243.2,16597,-0.94,4046904.8
ADBL,2024-02-01,242.0,242.5,240.1,240.5,18935,-1.11,4566695.2
ADBL,2024-02-04,245.0,245.0,239.2,240.5,21433,0.0,5149031.6
ADBL,2024-02-05,240.0,242.5,239.0,242.0,19382,0.62,4662138.5
ADBL,2024-02-06,244.9,244.9,240.0,240.7,12116,-0.54,2916847.4
ADBL,2024-02-07,245.5,245.5,239.0,241.0,22381,0.12,5380378.9
ADBL,2024-02-08,239.0,242.0,239.0,242.0,19510,0.41,4706656.8
ADBL,2024-02-11,240.0,240.0,233.6,236.8,42535,-2.15,10079327.6
ADBL,2024-02-12,237.2,239.0,235.2,238.0,17401,0.51,4122720.1
ADBL,2024-02-13,238.0,238.0,231.3,231.3,23082,-2.82,5401946.5
ADBL,2024-02-14,232.0,235.0,230.1,233.0,19694,0.73,4575045.8
ADBL,2024-02-15,230.1,236.7,230.0,236.7,42526,1.59,9956723.2
ADBL,2024-02-18,233.0,235.9,230.0,230.6,48129,-2.58,11105439.7
ADBL,2024-02-20,230.0,234.5,230.0,230.0,31788,-0.26,7349419.2
ADBL,2024-02-21,233.0,234.4,229.3,230.3,11891,0.13,2743350.1
ADBL,2024-02-22,230.0,232.0,228.9,229.0,15542,-0.56,3566557.9
ADBL,2024-02-25,230.0,230.0,227.1,227.1,22617,-0.83,5165066.5
ADBL,2024-02-26,228.0,230.0,225.1,228.0,14222,0.4,3226207.8
ADBL,2024-02-27,226.2,229.9,226.0,227.0,15986,-0.44,3624302.0
ADBL,2024-02-28,231.0,231.0,226.2,228.0,10145,0.44,2304421.2
ADBL,2024-02-29,227.0,228.0,225.1,225.8,16986,-0.96,3847648.7
ADBL,2024-03-03,230.0,230.0,223.0,224.0,14194,-0.8,3184330.9
ADBL,2024-03-04,228.0,237.4,228.0,237.4,530,5.98,121182.0
ADBL,2024-03-05,242.1,242.1,228.6,229.5,22320,-3.33,5174348.4
ADBL,2024-03-06,229.5,231.0,225.5,228.3,22025,-0.52,5043571.3
ADBL,2024-03-07,229.0,229.9,226.1,228.1,23094,-0.09,5282655.3
ADBL,2024-03-10,232.6,236.0,228.0,231.0,12089,1.27,2790977.4
ADBL,2024-03-12,235.0,239.7,231.2,239.7,34642,3.77,8161336.3
ADBL,2024-03-13,240.0,242.0,235.0,236.0,14493,-1.54,3431701.7
ADBL,2024-03-14,236.0,236.0,231.4,233.5,23461,-1.06,5456473.3
ADBL,2024-03-17,233.0,235.0,230.0,235.0,26682,0.64,6226215.1
ADBL,2024-03-18,239.7,239.7,234.0,235.0,21615,0.0,5097592.9
ADBL,2024-03-19,235.0,236.0,232.0,234.4,24816,-0.26,5826880.8
ADBL,2024-03-20,239.0,239.0,230.2,234.5,21729,0.04,5059894.2
ADBL,2024-03-21,230.1,238.0,230.0,235.0,18890,0.21,4432653.0
ADBL,2024-03-25,235.0,235.0,230.3,233.5,30270,-0.64,7070949.7
ADBL,2024-03-26,234.0,235.0,231.2,233.5,24395,0.0,5683731.7
ADBL,2024-03-27,233.5,234.4,228.5,230.1,35243,-1.46,8108945.8
ADBL,2024-03-28,234.7,234.7,228.4,230.0,17792,-0.04,4089951.5
ADBL,2024-03-31,228.0,232.0,227.4,228.4,12071,-0.7,2773438.3
ADBL,2024-04-01,228.0,230.0,225.0,228.0,29683,-0.18,6717812.7
ADBL,2024-04-02,232.5,232.5,225.3,228.0,14167,0.0,3206644.7
ADBL,2024-04-03,230.0,230.0,226.0,230.0,27641,0.88,6282366.7
ADBL,2024-04-04,226.1,227.5,226.0,226.2,16873,-1.65,3818198.6
ADBL,2024-04-07,227.0,229.0,225.1,228.0,23508,0.8,5305895.7
ADBL,2024-04-09,228.0,230.0,226.0,227.5,14615,-0.22,3322977.9
ADBL,2024-04-10,230.0,230.0,226.6,227.0,16651,-0.22,3786957.5
ADBL,2024-04-14,225.0,229.0,224.0,226.1,34920,-0.4,7905865.8
ADBL,2024-04-15,226.0,228.0,224.5,225.0,11054,-0.49,2489757.3
ADBL,2024-04-16,225.1,226.0,223.0,223.6,9690,-0.62,2174354.7
ADBL,2024-04-18,223.0,225.0,223.0,223.4,8650,-0.09,1934318.2
ADBL,2024-04-21,227.8,234.0,225.0,233.0,50829,4.3,11649302.1
ADBL,2024-04-22,234.0,235.0,229.0,229.4,20603,-1.55,4769306.5
ADBL,2024-04-24,230.0,231.9,228.1,229.5,18242,0.04,4195411.4
ADBL,2024-04-25,229.0,232.9,227.5,230.0,13249,0.22,3043740.4
ADBL,2024-04-28,228.1,250.9,226.1,235.5,30349,2.39,6992774.2
ADBL,2024-04-29,240.2,240.2,232.0,236.2,25653,0.3,6064420.6
ADBL,2024-04-30,240.9,240.9,235.0,240.0,35982,1.61,8592327.4
ADBL,2024-05-02,244.8,244.8,238.0,241.0,68990,0.42,16586807.2
ADBL,2024-05-05,238.0,240.0,234.5,239.0,22003,-0.83,5207394.7
ADBL,2024-05-06,239.8,240.0,235.0,235.5,22081,-1.46,5213374.2
ADBL,2024-05-07,235.1,237.9,235.0,237.1,20390,0.68,4815076.2
ADBL,2024-05-08,236.5,236.8,228.0,233.0,7893,-1.73,1845944.2
ADBL,2024-05-09,236.8,241.5,233.1,239.0,37949,2.58,9016046.0
ADBL,2024-05-12,243.7,243.7,234.4,239.0,14870,0.0,3514468.3
ADBL,2024-05-13,243.7,246.0,235.0,245.0,51018,2.51,12398418.2
ADBL,2024-05-14,249.9,249.9,242.5,245.0,13509,0.0,3314731.6
ADBL,2024-05-15,241.1,247.0,240.1,244.0,24472,-0.41,5958962.5
ADBL,2024-05-16,248.8,248.8,239.0,241.1,24081,-1.19,5854379.7
ADBL,2024-05-19,245.9,260.1,242.0,254.0,67790,5.35,16906481.8
ADBL,2024-05-20,259.0,265.1,254.0,261.1,147012,2.8,38457283.5
ADBL,2024-05-21,266.3,266.3,260.1,261.5,38353,0.15,10041766.6
ADBL,2024-05-22,258.0,287.6,258.0,280.0,168134,7.07,45697872.8
ADBL,2024-05-26,285.0,285.6,276.0,277.5,93070,-0.89,26082482.6
ADBL,2024-05-27,277.5,280.0,272.0,277.0,63787,-0.18,17497028.4
ADBL,2024-05-29,282.5,292.9,267.0,270.0,55763,-2.53,15262204.4
ADBL,2024-05-30,267.0,267.3,260.0,261.0,30737,-3.33,8058622.4
ADBL,2024-06-02,264.9,265.6,258.1,265.0,36533,1.53,9581141.9
ADBL,2024-06-03,270.3,270.3,261.2,262.0,26425,-1.13,6961479.2
ADBL,2024-06-04,267.2,267.2,258.0,266.9,39795,1.87,10462244.8
ADBL,2024-06-05,272.2,272.2,262.4,264.0,16572,-1.09,4373892.2
ADBL,2024-06-06,268.5,268.5,260.0,261.9,23243,-0.8,6060520.5
ADBL,2024-06-09,267.1,267.1,255.0,255.0,30419,-2.63,7820682.6
ADBL,2024-06-10,260.1,260.1,249.9,254.0,38941,-0.39,9767907.9
ADBL,2024-06-11,259.0,261.0,254.0,259.0,26904,1.97,6911805.4
ADBL,2024-06-12,263.0,282.9,259.6,269.0,35200,3.86,9303155.4
ADBL,2024-06-13,269.0,269.0,264.6,266.0,17533,-1.12,4657802.5
ADBL,2024-06-16,270.0,270.0,261.2,268.0,33067,0.75,8772513.7
ADBL,2024-06-18,267.9,267.9,261.5,261.5,19809,-2.43,5224418.5
ADBL,2024-06-19,266.7,266.7,261.1,263.0,8129,0.57,2129622.1
ADBL,2024-06-20,258.0,265.0,258.0,261.0,14554,-0.76,3791134.0
ADBL,2024-06-23,258.1,287.1,258.0,260.0,22427,-0.38,5847220.4
ADBL,2024-06-24,265.2,286.0,257.1,265.0,41247,1.92,10856480.7
ADBL,2024-06-25,266.0,267.0,261.0,262.5,22605,-0.94,5952486.8
ADBL,2024-06-26,260.1,264.0,260.0,263.0,7484,0.19,1963148.1
ADBL,2024-06-27,260.1,265.0,260.0,261.0,28727,-0.76,7479023.3
ADBL,2024-06-30,262.0,262.9,257.3,259.0,17310,-0.77,4482561.4
ADBL,2024-07-01,256.0,268.0,256.0,267.5,62619,3.28,16596784.8
ADBL,2024-07-02,272.8,286.6,268.4,272.0,87848,1.68,23953893.4
ADBL,2024-07-03,272.0,274.9,262.0,271.0,41796,-0.37,11197687.8
ADBL,2024-07-04,270.0,275.0,267.1,272.9,86098,0.7,23340200.9
ADBL,2024-07-07,271.0,283.0,271.0,281.1,106759,3.0,29570800.6
ADBL,2024-07-08,282.0,286.4,279.4,280.5,49865,-0.21,14044240.7
ADBL,2024-07-09,286.1,287.5,278.0,285.2,274360,1.68,78261794.4
ADBL,2024-07-10,283.0,288.0,282.0,286.5,42559,0.46,12128099.3
ADBL,2024-07-11,288.1,291.8,286.0,291.0,139159,1.57,40177460.2
ADBL,2024-07-14,296.8,308.0,294.0,298.5,113142,2.58,33735563.7
ADBL,2024-07-15,304.4,308.0,290.2,294.0,115912,-1.51,34259252.8
ADBL,2024-07-16,299.0,320.0,288.8,310.0,270358,5.44,80587886.3
ADBL,2024-07-17,316.2,316.2,305.0,314.0,147540,1.29,45815225.8
ADBL,2024-07-18,314.1,340.0,309.0,331.8,213901,5.67,69657317.3
ADBL,2024-07-21,332.0,340.0,321.6,335.0,304300,0.96,101808123.4
ADBL,2024-07-22,335.0,335.0,323.4,330.0,151988,-1.49,50039806.4
ADBL,2024-07-23,330.0,350.0,324.0,343.5,237532,4.09,80016071.5
ADBL,2024-07-24,343.0,347.0,337.2,341.5,194863,-0.58,66541531.3
ADBL,2024-07-25,337.5,354.0,337.0,352.0,222739,3.07,77525495.9
ADBL,2024-07-28,359.0,387.2,359.0,387.2,671424,10.0,255583871.9
ADBL,2024-07-29,394.9,400.0,374.0,377.0,296529,-2.63,113744206.1
ADBL,2024-07-30,384.5,384.5,362.0,377.0,230971,0.0,85649042.0
ADBL,2024-07-31,373.0,384.9,370.1,376.4,287817,-0.16,109362943.2
ADBL,2024-08-01,383.0,383.0,369.5,369.8,302530,-1.75,112890009.8
ADBL,2024-08-05,377.1,400.0,377.1,386.0,622697,4.38,241206158.6
ADBL,2024-08-06,393.0,393.0,372.0,372.1,338449,-3.6,129531986.7
ADBL,2024-08-07,372.1,380.4,367.0,378.0,181152,1.59,68040499.9
ADBL,2024-08-08,380.0,384.9,375.0,375.1,134799,-0.77,50962171.5
ADBL,2024-08-11,379.0,384.9,376.0,383.9,303869,2.35,115793416.4
ADBL,2024-08-12,383.9,392.5,383.1,392.0,283100,2.11,110126483.8
ADBL,2024-08-13,394.0,405.0,393.0,400.0,357409,2.04,142668050.9
ADBL,2024-08-14,402.0,406.0,396.0,402.1,259891,0.53,104298550.2
ADBL,2024-08-15,405.0,423.1,400.0,419.0,511952,4.2,213614740.5
ADBL,2024-08-18,427.3,428.4,407.0,410.0,573837,-2.15,239581433.0
ADBL,2024-08-21,412.0,417.0,406.0,414.9,272796,1.2,112194875.1
ADBL,2024-08-22,411.0,420.2,410.3,411.0,184187,-0.94,76391676.0
ADBL,2024-08-25,402.8,415.0,398.2,399.0,280315,-2.92,112712398.5
ADBL,2024-08-27,397.0,397.0,379.0,382.0,316327,-4.26,122150553.4
ADBL,2024-08-28,382.0,394.9,378.0,382.5,173834,0.13,67225870.2
ADBL,2024-08-29,390.0,390.0,374.0,376.4,171319,-1.59,64791396.0
ADBL,2024-09-01,380.0,384.5,372.6,373.0,129467,-0.9,48842445.0
ADBL,2024-09-02,373.0,387.0,371.0,385.0,150424,3.22,57302444.7
ADBL,2024-09-03,390.0,392.0,379.2,385.2,108022,0.05,41601901.1
ADBL,2024-09-04,392.9,392.9,375.0,376.8,136516,-2.18,51779018.4
ADBL,2024-09-05,378.0,378.0,368.0,373.0,96884,-1.01,36058306.8
ADBL,2024-09-08,378.4,378.4,370.0,373.0,100624,0.0,37484875.1
ADBL,2024-09-09,368.0,374.5,362.6,362.6,86782,-2.79,31794821.3
ADBL,2024-09-10,364.0,368.9,358.2,360.0,66020,-0.72,23952823.8
ADBL,2024-09-11,365.2,365.2,350.0,356.0,88445,-1.11,31608632.1
ADBL,2024-09-12,363.1,366.4,352.0,365.0,61295,2.53,22062319.0
ADBL,2024-09-15,371.0,372.3,359.1,360.0,90671,-1.37,33196564.2
ADBL,2024-09-16,360.0,360.0,349.0,349.1,67066,-3.03,23670900.5
ADBL,2024-09-18,350.0,357.9,346.0,353.1,86056,1.15,30412765.0
ADBL,2024-09-22,360.1,365.0,355.5,355.6,61970,0.71,22226710.5
ADBL,2024-09-23,362.7,362.7,352.0,354.0,59299,-0.45,21128620.4
ADBL,2024-09-24,354.0,359.0,350.1,351.2,83688,-0.79,29547922.3
ADBL,2024-09-25,351.0,359.9,348.9,359.0,78883,2.22,27964765.1
ADBL,2024-09-26,359.0,365.0,355.0,357.0,34594,-0.56,12391495.7
ADBL,2024-09-29,357.0,357.0,350.0,352.3,35272,-1.32,12434920.1
ADBL,2024-09-30,350.0,358.0,350.0,357.5,36555,1.48,13010791.5
ADBL,2024-10-01,357.0,372.0,357.0,370.1,87013,3.52,32006134.4
ADBL,2024-10-02,370.1,377.0,359.0,369.0,79249,-0.3,29332657.8
ADBL,2024-10-06,369.0,378.0,367.0,378.0,89543,2.44,33569771.2
ADBL,2024-10-07,378.0,385.0,378.0,382.0,72876,1.06,27796217.9
ADBL,2024-10-08,387.0,387.0,378.0,381.4,55126,-0.16,21053876.7
ADBL,2024-10-09,378.0,384.0,376.0,383.5,52289,0.55,19865539.8
ADBL,2024-10-15,383.5,389.0,381.0,387.5,51430,1.04,19810485.3
ADBL,2024-10-16,388.0,396.0,388.0,395.4,88954,2.04,35037706.5
ADBL,2024-10-17,400.0,400.0,392.3,394.0,84201,-0.35,33256727.1
ADBL,2024-10-20,390.0,394.9,380.0,386.6,112813,-1.88,43954547.9
ADBL,2024-10-21,381.1,385.9,377.5,377.6,85200,-2.33,32426996.9
ADBL,2024-10-22,375.5,382.0,374.2,378.1,53921,0.13,20337142.8
ADBL,2024-10-23,378.1,384.0,365.0,367.0,135310,-2.94,50127693.2
ADBL,2024-10-24,373.0,373.0,352.8,361.1,118792,-1.61,42683503.8
ADBL,2024-10-27,354.8,365.0,354.8,358.9,43996,-0.61,15803994.9
ADBL,2024-10-28,354.1,366.0,354.1,366.0,44073,1.98,15958086.9
ADBL,2024-10-29,367.0,373.3,366.0,371.0,63203,1.37,23360199.4
ADBL,2024-10-30,377.0,377.0,370.0,371.5,33749,0.13,12577446.7
ADBL,2024-11-05,371.0,376.0,366.2,366.5,31483,-1.35,11626714.3
ADBL,2024-11-06,369.5,369.5,363.1,366.1,32031,-0.11,11716757.3
ADBL,2024-11-10,373.4,373.4,363.0,369.9,58328,1.04,21462792.6
ADBL,2024-11-11,369.0,375.9,369.0,370.0,71670,0.03,26728029.5
ADBL,2024-11-12,377.0,377.0,369.0,369.0,62383,-0.27,23141590.5
ADBL,2024-11-13,375.0,375.0,364.0,367.2,34318,-0.49,12612880.7
ADBL,2024-11-14,367.0,371.4,365.0,365.1,46503,-0.57,17077353.2
ADBL,2024-11-17,366.0,370.9,361.0,363.0,72913,-0.58,26511770.1
ADBL,2024-11-19,360.0,365.0,359.0,359.1,65017,-1.07,23467311.9
ADBL,2024-11-20,365.0,365.0,353.0,358.9,26760,-0.06,9557312.8
ADBL,2024-11-21,357.0,359.0,352.7,353.0,55719,-1.64,19742115.6
ADBL,2024-11-24,359.0,359.0,350.0,350.0,41256,-0.85,14533107.2
ADBL,2024-11-25,357.0,357.0,350.0,351.9,32139,0.54,11298876.7
ADBL,2024-11-26,358.9,358.9,351.0,356.8,28610,1.39,10128807.8
ADBL,2024-11-27,358.0,358.4,356.0,358.0,38927,0.34,13908128.5
ADBL,2024-11-28,358.0,361.0,356.0,360.0,42328,0.56,15176775.5
ADBL,2024-12-01,367.2,367.2,350.0,355.6,43405,-1.22,15422350.8
ADBL,2024-12-02,359.9,359.9,351.2,352.4,47343,-0.9,16725839.3
ADBL,2024-12-03,354.0,354.0,350.2,351.6,33741,-0.23,11881557.6
ADBL,2024-12-04,358.6,358.6,350.5,352.0,38930,0.11,13710860.5
ADBL,2024-12-05,350.2,352.1,348.0,349.0,35035,-0.85,12267815.4
ADBL,2024-12-08,346.1,349.0,340.0,341.2,53335,-2.23,18317019.6
ADBL,2024-12-09,341.6,345.0,336.7,339.0,32050,-0.64,10878210.8
ADBL,2024-12-10,340.0,340.0,330.0,331.0,46578,-2.36,15550207.2
ADBL,2024-12-11,330.0,336.0,323.0,336.0,69547,1.51,22915794.5
ADBL,2024-12-12,342.7,342.7,329.0,333.0,27811,-0.89,9272861.5
ADBL,2024-12-16,333.0,333.0,320.0,321.0,72485,-3.6,23480331.9
ADBL,2024-12-17,322.0,324.9,319.1,322.0,38502,0.31,12430122.2
ADBL,2024-12-18,321.0,324.9,321.0,322.5,27913,0.16,9012849.1
ADBL,2024-12-19,328.9,328.9,323.8,324.0,99471,0.47,32378691.1
ADBL,2024-12-22,317.6,326.4,317.6,323.2,30552,-0.25,9872536.0
ADBL,2024-12-23,321.0,326.0,318.0,325.0,34848,0.56,11232673.4
ADBL,2024-12-24,327.4,329.0,322.1,326.9,24396,0.58,7956093.7
ADBL,2024-12-26,323.4,335.0,322.0,333.8,53904,2.11,17759346.6
ADBL,2024-12-29,334.2,337.0,332.0,333.9,105485,0.03,35314898.3
ADBL,2024-12-31,321.9,321.9,309.8,314.0,52420,-3.14,16402482.9
ADBL,2025-01-01,314.0,315.0,307.0,307.1,33089,-2.2,10242782.0
ADBL,2025-01-02,307.0,308.0,304.0,306.0,28790,-0.36,8795851.9
ADBL,2025-01-05,310.0,310.0,300.1,302.0,31591,-1.31,9548285.4
ADBL,2025-01-06,301.0,305.0,300.0,305.0,33107,0.99,10004250.9
ADBL,2025-01-07,299.0,304.9,299.0,303.0,23953,-0.66,7254800.9
ADBL,2025-01-08,309.0,309.0,300.0,302.1,27123,-0.3,8216170.6
ADBL,2025-01-09,302.0,303.9,299.5,302.1,47238,0.0,14199169.1
ADBL,2025-01-12,305.5,305.5,296.3,296.3,23901,-1.92,7116068.1
ADBL,2025-01-13,297.0,297.0,290.5,293.9,38612,-0.81,11284248.1
ADBL,2025-01-15,293.0,293.0,285.0,285.5,47411,-2.86,13598084.0
ADBL,2025-01-16,285.0,286.0,280.0,283.8,46231,-0.6,13046285.4
ADBL,2025-01-19,280.0,287.0,275.1,286.5,41611,0.95,11706566.7
ADBL,2025-01-20,288.1,289.8,284.0,285.0,19577,-0.52,5593474.5
ADBL,2025-01-21,285.0,285.0,280.0,281.0,29055,-1.4,8184569.9
ADBL,2025-01-22,281.0,284.9,280.5,284.0,36936,1.07,10429877.6
ADBL,2025-01-23,287.5,290.0,285.0,289.0,40746,1.76,11768404.1
ADBL,2025-01-26,290.0,292.7,283.3,287.6,43687,-0.48,12571731.8
ADBL,2025-01-27,287.0,287.0,283.0,283.5,23094,-1.43,6572040.2
ADBL,2025-01-28,285.0,287.0,281.1,286.0,27911,0.88,7954617.2
ADBL,2025-02-02,288.0,295.0,286.0,294.9,53452,3.11,15597732.3
ADBL,2025-02-03,296.0,303.9,296.0,299.0,49607,1.39,14874076.6
ADBL,2025-02-04,300.0,304.9,297.0,297.0,51668,-0.67,15563801.0
ADBL,2025-02-05,296.0,299.0,295.0,297.2,27079,0.07,8045263.8
ADBL,2025-02-06,297.0,302.0,296.7,298.0,39334,0.27,11756797.0
ADBL,2025-02-09,298.0,301.0,293.2,295.0,22682,-1.01,6712938.7
ADBL,2025-02-10,293.5,296.0,293.1,295.0,16601,0.0,4874477.0
ADBL,2025-02-11,295.0,295.0,290.1,291.8,13397,-1.08,3910760.5
ADBL,2025-02-12,291.0,295.0,290.6,291.5,24571,-0.1,7168466.7
ADBL,2025-02-13,295.3,295.3,290.1,293.1,21247,0.55,6206659.8
ADBL,2025-02-16,293.0,295.0,289.3,291.4,30069,-0.58,8740886.8
ADBL,2025-02-17,292.0,300.9,289.5,295.0,70893,1.24,20876768.9
ADBL,2025-02-18,298.0,301.9,296.0,300.0,61491,1.69,18437745.5
ADBL,2025-02-20,300.0,300.0,295.0,296.0,41190,-1.33,12208324.3
ADBL,2025-02-23,290.1,299.0,285.0,294.0,54840,-0.68,16102961.8
ADBL,2025-02-24,292.0,299.0,292.0,293.9,31364,-0.03,9243592.2
ADBL,2025-02-25,295.5,297.8,292.0,293.1,36537,-0.27,10756621.5
ADBL,2025-02-27,298.9,310.0,297.0,303.0,72598,3.38,21975153.2
ADBL,2025-03-02,305.0,311.0,300.0,309.0,140917,1.98,43384695.3
ADBL,2025-03-03,314.0,315.0,306.5,309.0,77760,0.0,24204318.0
ADBL,2025-03-04,302.9,310.9,302.9,304.3,74386,-1.52,22817879.8
ADBL,2025-03-05,301.1,306.0,300.2,301.5,55112,-0.92,16722408.4
ADBL,2025-03-06,302.0,305.0,300.2,301.0,29555,-0.17,8910185.3
ADBL,2025-03-09,300.0,305.0,296.0,297.0,24088,-1.33,7173557.2
ADBL,2025-03-10,297.0,300.0,294.2,294.2,30724,-0.94,9095409.5
ADBL,2025-03-11,299.8,299.8,291.0,292.0,26267,-0.75,7709102.5
ADBL,2025-03-12,289.1,294.9,289.1,293.0,24116,0.34,7025526.5
ADBL,2025-03-16,293.0,293.0,289.0,290.0,35376,-1.02,10276644.4
ADBL,2025-03-17,290.0,291.8,289.0,290.0,20075,0.0,5822417.9
ADBL,2025-03-18,295.8,295.8,289.0,289.6,19349,-0.14,5621101.9
ADBL,2025-03-19,291.0,291.0,286.0,286.1,21954,-1.21,6317880.1
ADBL,2025-03-20,284.0,288.0,283.0,285.66,16174,-0.15,4618907.0
ADBL,2025-03-23,290.0,290.0,282.0,282.36,55957,-1.16,15852138.4
ADBL,2025-03-24,282.9,287.9,280.0,285.87,15084,1.24,4279533.9
ADBL,2025-03-25,289.5,290.0,280.0,280.58,33659,-1.85,9487318.2
ADBL,2025-03-26,280.0,283.0,278.5,282.17,18208,0.57,5119018.8
ADBL,2025-03-27,287.8,287.8,283.7,285.38,21529,1.14,6129493.5
ADBL,2025-03-30,285.0,290.0,285.0,287.3,28128,0.67,8102372.4
ADBL,2025-04-01,290.0,290.0,285.0,288.99,16186,0.59,4653391.8
ADBL,2025-04-02,288.0,313.0,285.2,295.23,41118,2.16,11995502.9
ADBL,2025-04-03,295.0,303.9,295.0,299.13,79398,1.32,23849007.6
ADBL,2025-04-07,305.0,305.0,291.1,291.72,20209,-2.48,5920361.0
ADBL,2025-04-08,290.0,293.0,285.0,291.09,33174,-0.22,9530833.2
ADBL,2025-04-09,296.9,300.0,289.9,290.37,23950,-0.25,6979137.6
ADBL,2025-04-10,291.0,293.0,287.1,287.85,19731,-0.87,5687713.3
ADBL,2025-04-13,290.0,290.0,285.0,288.18,24409,0.11,7024076.9
ADBL,2025-04-15,292.0,292.9,286.2,288.45,21484,0.09,6236362.3
ADBL,2025-04-16,294.0,294.0,289.0,289.97,23865,0.53,6952798.4
ADBL,2025-04-17,295.0,295.0,289.5,291.96,26221,0.69,7651074.8
ADBL,2025-04-20,296.0,297.0,288.2,290.92,37196,-0.36,10809294.5
ADBL,2025-04-21,293.0,293.0,287.0,287.56,23794,-1.15,6867513.3
ADBL,2025-04-22,291.0,291.0,285.1,285.99,20167,-0.55,5767480.3
ADBL,2025-04-23,286.0,287.0,282.1,282.91,21640,-1.08,6142098.4
ADBL,2025-04-24,282.1,284.8,280.5,283.45,20455,0.19,5766008.1
ADBL,2025-04-27,285.0,285.9,280.3,281.27,26308,-0.77,7412711.0
ADBL,2025-04-28,280.4,282.8,280.0,282.06,22512,0.28,6342921.2
ADBL,2025-04-29,280.0,283.0,280.0,281.09,16939,-0.34,4768573.8
ADBL,2025-04-30,280.0,281.9,279.0,280.63,25703,-0.16,7211538.1
ADBL,2025-05-04,285.0,285.0,279.0,280.11,19617,-0.19,5507240.8
ADBL,2025-05-05,280.0,281.5,279.0,280.16,14774,0.02,4139184.2
ADBL,2025-05-06,279.0,281.0,277.5,277.83,24515,-0.83,6822398.1
ADBL,2025-05-07,272.3,287.0,272.3,286.33,29812,3.06,8423092.2
ADBL,2025-05-08,292.0,292.0,283.0,287.17,22151,0.29,6385490.4
ADBL,2025-05-11,292.0,292.0,284.0,284.27,21211,-1.01,6046435.5
ADBL,2025-05-13,286.79,286.79,280.9,282.06,21636,-0.78,6119318.96
ADBL,2025-05-14,280.1,285.0,280.0,281.08,18859,-0.35,5300226.6
ADBL,2025-05-15,280.0,282.0,278.2,281.11,26415,0.01,7412963.8
ADBL,2025-05-18,281.5,283.5,278.0,280.36,26842,-0.27,7510458.4
ADBL,2025-05-19,280.1,284.9,280.1,282.78,21693,0.86,6134099.5
ADBL,2025-05-20,282.0,290.7,280.0,289.4,29990,2.34,8586259.2
ADBL,2025-05-21,295.1,305.0,288.1,289.29,57459,-0.04,16941172.5
ADBL,2025-05-22,290.0,303.0,284.0,296.73,59233,2.57,17531706.8
ADBL,2025-05-25,300.0,300.0,294.1,294.98,29709,-0.59,8816051.4
ADBL,2025-05-26,300.8,303.0,297.0,297.05,56707,0.7,16946564.2
ADBL,2025-05-27,295.0,296.0,290.0,294.44,37980,-0.88,11143808.2
ADBL,2025-05-28,293.0,300.0,291.8,299.6,49484,1.75,14693755.4
ADBL,2025-06-02,305.5,306.0,294.6,296.78,56718,-0.94,16928950.1
ADBL,2025-06-03,295.0,298.0,291.1,291.42,37267,-1.81,10906849.0
ADBL,2025-06-04,285.7,291.0,285.7,290.21,21673,-0.42,6263062.5
ADBL,2025-06-05,290.0,291.0,283.0,288.25,43892,-0.68,12598798.4
ADBL,2025-06-08,288.5,290.0,285.0,287.6,10481,-0.23,3010633.6
ADBL,2025-06-09,286.0,291.0,285.0,288.44,17735,0.29,5128465.9
ADBL,2025-06-10,293.0,293.0,287.2,288.33,25016,-0.04,7230860.2
ADBL,2025-06-11,284.5,291.0,284.2,288.09,13387,-0.08,3857620.9
ADBL,2025-06-12,285.0,289.3,285.0,286.2,28838,-0.66,8250613.9
ADBL,2025-06-15,286.1,288.0,284.0,284.25,35850,-0.68,10207666.6
ADBL,2025-06-16,289.0,289.0,284.5,286.05,25471,0.63,7275801.7
ADBL,2025-06-17,286.2,287.0,283.1,284.77,19099,-0.45,5428592.1
ADBL,2025-06-18,285.0,288.0,284.0,285.52,17243,0.26,4924385.6
ADBL,2025-06-19,280.0,285.0,280.0,284.18,19789,-0.47,5620534.7
ADBL,2025-06-22,284.0,287.0,280.5,281.08,37857,-1.09,10678944.0
ADBL,2025-06-23,278.5,282.4,278.5,281.24,28893,0.06,8105916.6
ADBL,2025-06-24,280.1,285.7,277.0,281.48,24677,0.09,6983497.5
ADBL,2025-06-25,286.0,286.0,281.0,281.73,17868,0.09,5036748.6
ADBL,2025-06-26,281.8,284.0,281.1,281.85,30005,0.04,8456034.1
ADBL,2025-06-29,285.0,287.4,280.0,286.67,37928,1.71,10772527.8
ADBL,2025-06-30,290.0,291.0,286.0,287.28,25817,0.21,7430581.2
ADBL,2025-07-01,281.6,296.0,281.6,293.7,65159,2.23,18965466.8
ADBL,2025-07-02,295.0,301.8,294.0,300.65,124408,2.37,37171581.2
ADBL,2025-07-03,303.0,305.0,297.0,300.74,123907,0.03,37182630.5
ADBL,2025-07-06,300.0,306.0,297.0,299.94,72632,-0.27,21844890.7
ADBL,2025-07-07,297.0,303.5,296.0,296.51,58749,-1.14,17604399.3
ADBL,2025-07-08,295.2,299.0,294.0,297.08,76334,0.19,22577732.4
ADBL,2025-07-09,301.0,307.0,295.1,304.2,122851,2.4,37052937.6
ADBL,2025-07-10,304.2,320.0,304.1,314.7,258347,3.45,81470959.8
ADBL,2025-07-13,320.9,333.5,320.9,327.02,215092,3.91,70109382.3
ADBL,2025-07-14,329.0,329.0,314.2,315.71,115004,-3.46,36558787.3
ADBL,2025-07-15,312.1,326.0,311.7,323.7,106227,2.53,33639078.0
ADBL,2025-07-16,329.9,330.1,324.0,327.13,142187,1.06,46621305.0
ADBL,2025-07-17,328.0,333.5,328.0,331.6,187049,1.37,62017332.4
ADBL,2025-07-20,334.9,342.0,326.0,330.22,226513,-0.42,76062087.3
ADBL,2025-07-21,331.0,335.0,325.4,332.11,104403,0.57,34510759.5
ADBL,2025-07-22,338.0,341.9,334.0,339.57,142308,2.25,48286338.8
ADBL,2025-07-23,340.0,342.0,334.2,339.6,121584,0.01,41182967.2
ADBL,2025-07-24,338.0,341.0,335.1,336.59,72244,-0.89,24367907.8
ADBL,2025-07-27,329.9,339.0,329.9,332.03,129779,-1.35,43423538.0
ADBL,2025-07-28,330.0,333.5,324.0,331.79,118015,-0.07,38745121.4
ADBL,2025-07-29,338.4,340.1,333.1,335.35,187129,1.07,63071404.2
ADBL,2025-07-30,342.0,342.0,331.5,332.08,109653,-0.98,36788785.7
ADBL,2025-07-31,334.8,336.6,327.0,332.18,128639,0.03,42777783.9
ADBL,2025-08-03,328.0,329.9,323.0,326.37,89591,-1.75,29224450.4
ADBL,2025-08-04,322.0,329.0,322.0,327.91,73743,0.47,24069357.3
ADBL,2025-08-05,325.6,334.0,325.0,325.39,52835,-0.77,17323759.5
ADBL,2025-08-06,331.8,331.8,322.5,327.8,47800,0.74,15610082.0
ADBL,2025-08-07,334.3,334.3,325.1,326.85,41801,-0.29,13696872.3
ADBL,2025-08-11,333.3,344.9,333.0,334.44,377771,2.32,127070981.7
ADBL,2025-08-12,333.0,334.5,328.0,330.97,123924,-1.04,41007028.9
ADBL,2025-08-13,332.0,335.0,330.0,330.48,77384,-0.15,25688106.5
ADBL,2025-08-14,331.1,333.9,330.3,332.45,86636,0.6,28776378.5
ADBL,2025-08-17,332.5,337.0,332.0,334.66,80302,0.66,26881288.1
ADBL,2025-08-18,337.0,338.8,334.0,337.68,81072,0.9,27303826.8
ADBL,2025-08-19,338.0,339.0,335.0,335.67,42199,-0.6,14206187.0
ADBL,2025-08-20,336.0,338.0,332.1,332.5,31830,-0.94,10611929.6
ADBL,2025-08-21,333.0,334.0,328.6,329.26,56884,-0.97,18775560.3
ADBL,2025-08-24,330.9,330.9,326.0,326.2,50565,-0.93,16540565.6
ADBL,2025-08-25,323.0,328.0,323.0,326.49,53184,0.09,17307499.8
ADBL,2025-08-26,326.0,329.0,325.4,326.28,27429,-0.06,8951746.5
ADBL,2025-08-27,332.8,332.8,326.0,331.31,45857,1.54,15106965.6
ADBL,2025-08-28,327.1,332.0,326.0,327.55,66102,-1.13,21736108.5
ADBL,2025-08-31,331.0,331.0,322.5,323.22,42198,-1.32,13713519.1
ADBL,2025-09-01,329.6,329.6,323.2,327.47,37584,1.31,12228556.1
ADBL,2025-09-02,334.0,334.0,325.0,325.5,25961,-0.6,8487008.4
ADBL,2025-09-03,323.5,326.7,323.5,324.08,29206,-0.44,9482167.1
ADBL,2025-09-04,324.0,325.4,322.2,324.71,32179,0.19,10417268.6
ADBL,2025-09-07,327.8,327.8,320.6,321.11,49379,-1.11,15897110.9
ADBL,2025-09-08,320.3,321.0,317.0,317.16,69424,-1.23,22091514.0
ADBL,2025-09-18,310.9,310.9,293.0,298.7,3170,-5.82,948638.0
ADBL,2025-09-21,293.0,322.0,293.0,317.01,67958,6.13,21036109.0
ADBL,2025-09-23,317.0,321.0,312.2,317.0,61925,0.0,19628069.4
ADBL,2025-09-24,321.5,321.5,312.0,316.0,28083,-0.32,8841447.3
ADBL,2025-09-25,311.0,317.9,311.0,317.3,29186,0.41,9236251.3
ADBL,2025-09-28,317.3,321.0,315.0,319.5,26821,0.69,8532207.9
ADBL,2025-10-07,320.0,322.9,315.8,316.9,35362,-0.81,11215883.7
ADBL,2025-10-08,315.0,315.0,310.5,312.4,43145,-1.42,13452253.4
ADBL,2025-10-09,318.0,324.0,314.0,317.0,44571,1.47,14183868.3
ADBL,2025-10-12,317.0,317.0,307.0,307.7,73570,-2.93,22745799.3
ADBL,2025-10-13,307.0,311.0,306.2,310.0,18227,0.75,5619864.7
ADBL,2025-10-14,310.5,313.9,307.0,309.0,26968,-0.32,8314724.9
ADBL,2025-10-15,308.0,308.5,306.0,308.0,24390,-0.32,7493603.4
ADBL,2025-10-16,312.0,312.0,305.5,308.9,18464,0.29,5661314.4
ADBL,2025-10-19,307.9,311.0,305.0,309.9,14571,0.32,4476640.7
ADBL,2025-10-26,310.0,310.0,305.0,309.0,18308,-0.29,5623206.8
ADBL,2025-10-28,309.0,318.0,309.0,315.0,20072,1.94,6307339.6
ADBL,2025-10-29,308.7,320.0,308.7,312.0,27920,-0.95,8746121.8
ADBL,2025-10-30,316.6,319.9,310.0,313.5,28033,0.48,8779259.1
ADBL,2025-11-02,319.7,325.9,313.0,315.0,34431,0.48,10855529.0
ADBL,2025-11-03,320.3,320.3,312.0,317.0,26537,0.63,8347086.8
ADBL,2025-11-04,322.0,322.0,309.1,312.0,56192,-1.58,17517405.3
ADBL,2025-11-05,309.1,315.0,308.0,315.0,41787,0.96,12968375.1
ADBL,2025-11-06,317.0,320.8,316.0,318.0,223177,0.95,71060057.8
ADBL,2025-11-09,318.0,318.8,312.0,315.0,121484,-0.94,38117064.4
ADBL,2025-11-10,315.0,315.0,312.0,312.6,60370,-0.76,18863894.3
ADBL,2025-11-11,312.0,314.0,312.0,313.8,29052,0.38,9089277.5
ADBL,2025-11-12,313.0,316.9,312.0,313.0,19975,-0.25,6242919.6
ADBL,2025-11-13,313.0,313.9,311.5,312.0,39923,-0.32,12469171.3
ADBL,2025-11-16,313.0,314.5,310.1,312.0,22740,0.0,7086510.6
ADBL,2025-11-17,318.2,318.2,310.1,313.7,24424,0.54,7619221.4
ADBL,2025-11-18,314.0,316.9,311.6,314.5,24019,0.26,7533338.6
ADBL,2025-11-19,315.0,315.0,312.0,312.8,22061,-0.54,6893003.7
ADBL,2025-11-20,312.0,313.9,312.0,312.4,23008,-0.13,7195946.3
ADBL,2025-11-23,315.0,316.0,313.2,316.0,61239,1.15,19272047.0
ADBL,2025-11-24,317.9,318.0,312.0,317.0,33678,0.32,10682338.5
ADBL,2025-11-25,319.0,321.0,316.3,320.0,48790,0.95,15555151.1
ADBL,2025-11-26,325.0,325.0,321.0,324.5,63588,1.41,20576015.0
ADBL,2025-11-27,330.0,330.0,322.1,328.9,192110,1.36,62835151.2
ADBL,2025-11-30,322.4,322.4,306.0,307.0,67768,-3.63,20956928.8
ADBL,2025-12-01,305.0,306.0,300.3,303.9,56148,-1.01,16981122.6
ADBL,2025-12-02,302.9,302.9,300.0,301.0,40658,-0.95,12222393.7
ADBL,2025-12-03,304.0,304.0,298.1,298.2,23796,-0.93,7133576.8
ADBL,2025-12-07,304.0,304.0,295.5,298.9,22681,0.23,6735304.1
ADBL,2025-12-08,302.0,302.0,295.0,296.6,24934,-0.77,7391367.6
ADBL,2025-12-09,298.9,298.9,292.0,292.3,37931,-1.45,11132498.7
ADBL,2025-12-10,297.0,297.0,290.0,291.4,24514,-0.31,7124583.7
ADBL,2025-12-11,293.0,293.0,288.0,292.0,26009,0.21,7529284.4
ADBL,2025-12-14,292.0,293.0,287.1,290.0,27744,-0.68,8008254.7
ADBL,2025-12-15,288.0,290.0,286.2,289.4,24328,-0.21,7006418.9
ADBL,2025-12-16,292.0,292.9,288.0,292.9,14912,1.21,4341221.6
ADBL,2025-12-17,294.9,296.0,292.0,294.0,26518,0.38,7791190.3
ADBL,2025-12-18,297.0,297.0,291.0,292.0,11848,-0.68,3463805.3
ADBL,2025-12-21,290.0,291.0,287.2,289.8,27646,-0.75,7969548.3
ADBL,2025-12-22,288.0,290.0,286.0,288.8,20208,-0.35,5801029.3
ADBL,2025-12-23,288.0,290.0,285.2,286.9,23575,-0.66,6746825.5
ADBL,2025-12-24,286.0,290.0,285.2,288.0,20792,0.38,5948636.7
ADBL,2025-12-28,291.0,316.8,286.0,297.0,49373,3.13,14481034.8
ADBL,2025-12-29,302.9,302.9,292.0,294.4,31487,-0.88,9295774.0
ADBL,2025-12-31,294.4,298.5,292.0,298.0,51018,1.22,15100726.3
ADBL,2026-01-01,295.0,296.5,290.0,295.0,89799,-1.01,26242678.0
ADBL,2026-01-04,290.0,295.0,288.3,292.0,43097,-1.02,12521869.3
ADBL,2026-01-05,294.8,295.0,292.1,293.0,17448,0.34,5129810.8
ADBL,2026-01-06,297.0,297.4,292.6,297.4,43501,1.5,12857015.3
ADBL,2026-01-07,300.0,300.0,294.0,299.7,29448,0.77,8748832.2
ADBL,2026-01-08,294.3,303.0,294.3,300.0,39057,0.1,11691238.4
ADBL,2026-01-12,300.0,302.0,298.0,299.5,36804,-0.17,11038917.3
ADBL,2026-01-13,300.0,302.0,296.3,298.0,11348,-0.5,3391541.1
ADBL,2026-01-14,294.1,300.0,288.4,300.0,39336,0.67,11668639.3
ADBL,2026-01-18,303.0,304.8,299.0,304.8,88350,1.6,26762909.1
ADBL,2026-01-20,303.0,310.7,302.0,307.9,51596,1.02,15901946.3
ADBL,2026-01-21,307.0,313.0,303.1,306.9,34955,-0.32,10705633.1
ADBL,2026-01-22,310.0,310.0,300.1,304.0,28495,-0.94,8635838.0
ADBL,2026-01-25,307.0,309.9,302.0,307.5,46807,1.15,14282934.5
ADBL,2026-01-26,309.0,310.0,305.7,307.0,67671,-0.16,20831850.6
ADBL,2026-01-27,306.0,312.0,303.2,304.5,56138,-0.81,17275314.9
ADBL,2026-01-28,301.0,305.0,298.9,304.0,23915,-0.16,7226797.6
ADBL,2026-01-29,304.0,304.0,297.0,300.0,29200,-1.32,8770395.8
ADBL,2026-02-01,302.0,304.0,297.0,298.1,41620,-0.63,12452476.4
ADBL,2026-02-02,304.0,304.0,296.0,299.0,17660,0.3,5261467.5
ADBL,2026-02-03,302.0,304.8,296.2,298.0,10054,-0.33,2984354.0
ADBL,2026-02-04,293.0,299.0,293.0,295.1,22157,-0.97,6558735.5
ADBL,2026-02-05,295.0,298.5,292.9,296.0,19054,0.3,5621421.0
ADBL,2026-02-08,301.0,301.0,295.5,296.0,24811,0.0,7366885.3
ADBL,2026-02-09,294.79,296.0,292.5,295.0,25210,-0.34,7399661.82
ADBL,2026-02-10,295.0,295.0,292.3,294.0,12965,-0.34,3798846.4
ADBL,2026-02-11,295.0,298.0,293.0,295.0,27330,0.34,8068152.3
ADBL,2026-02-12,291.2,299.1,291.2,297.0,27084,0.68,8059207.3
ADBL,2026-02-16,299.0,299.0,294.1,297.0,69167,0.0,20422449.1
ADBL,2026-02-17,299.0,299.0,293.0,296.5,59291,-0.17,17469420.0
ADBL,2026-02-22,296.5,298.0,292.0,293.0,70740,-1.18,20717094.1
ADBL,2026-02-23,293.0,295.0,291.0,292.5,26805,-0.17,7814199.4
ADBL,2026-02-24,292.0,297.8,291.0,293.0,18006,0.17,5270482.3
ADBL,2026-02-25,293.5,295.5,291.0,294.6,36465,0.55,10663448.1
ADBL,2026-02-26,300.4,300.4,292.3,298.0,21933,1.15,6475022.88
ADBL,2026-03-01,295.0,305.0,291.1,302.6,64794,1.54,19514957.4
ADBL,2026-03-03,308.6,308.6,297.1,305.0,47965,0.79,14601174.9
ADBL,2026-03-09,311.0,327.7,311.0,327.7,776,7.44,246280.8
ADBL,2026-03-10,330.0,330.0,310.0,317.0,163883,-3.27,51997527.1
ADBL,2026-03-11,320.0,320.0,310.0,311.2,43238,-1.83,13574913.5
ADBL,2026-03-12,308.7,318.9,308.7,316.0,65807,1.54,20735416.9
ADBL,2026-03-15,319.0,319.0,313.0,317.0,58743,0.32,18655257.6
ADBL,2026-03-16,310.7,319.0,310.7,313.1,46720,-1.23,14665725.3
ADBL,2026-03-17,310.0,316.3,310.0,316.3,57612,1.02,18124920.1
ADBL,2026-03-19,310.0,327.9,310.0,326.5,251474,3.22,81118236.4
ADBL,2026-03-22,326.0,335.0,326.0,330.0,188185,1.07,61850589.8
ADBL,2026-03-23,335.0,335.0,323.0,329.0,75576,-0.3,24694870.9
ADBL,2026-03-24,333.0,335.1,326.5,334.9,144856,1.79,48125888.6
ADBL,2026-03-25,328.5,340.0,328.5,330.0,106584,-1.46,35389939.3
ADBL,2026-03-26,330.0,334.0,321.5,333.1,85296,0.94,28064017.3
ADBL,2026-03-29,333.0,335.0,320.5,324.0,106944,-2.73,34707703.5
ADBL,2026-03-30,318.0,324.0,314.1,316.0,90641,-2.47,28856030.3
ADBL,2026-03-31,316.0,322.0,310.3,316.0,44747,0.0,14070924.2
ADBL,2026-04-01,320.0,320.0,309.2,309.5,53170,-2.06,16553101.4
ADBL,2026-04-02,307.4,312.9,304.0,309.1,51652,-0.13,15991251.4
ADBL,2026-04-05,305.0,311.1,302.0,302.0,81577,-2.3,24837160.0
ADBL,2026-04-06,308.0,313.0,301.2,309.0,93235,2.32,28591944.5
ADBL,2026-04-07,315.0,315.0,307.0,308.0,29429,-0.32,9113724.7
ADBL,2026-04-08,313.7,313.7,307.0,310.9,92440,0.94,28496920.5
ADBL,2026-04-09,312.0,319.0,311.0,317.6,76204,2.16,24145710.9
ADBL,2026-04-10,322.8,322.8,313.1,316.5,47257,-0.35,14957745.2
ADBL,2026-04-13,317.0,318.0,313.1,315.3,60185,-0.38,18980234.6
ADBL,2026-04-15,313.3,327.0,313.3,322.0,195466,2.12,62879665.1
ADBL,2026-04-16,325.0,327.9,317.1,318.4,58004,-1.12,18532985.9
ADBL,2026-04-17,322.0,322.0,313.1,318.0,29709,-0.13,9371588.4
ADBL,2026-04-20,302.5,318.0,302.5,316.0,51411,-0.63,16305879.5
ADBL,2026-04-21,312.3,318.0,312.3,316.9,24666,0.28,7801237.0
ADBL,2026-04-22,312.2,316.9,310.0,315.0,23838,-0.6,7452188.2
ADBL,2026-04-23,312.0,320.0,312.0,312.0,21470,-0.95,6724688.2
ADBL,2026-04-24,312.0,313.4,306.2,313.0,17185,0.32,5338674.6
ADBL,2026-04-27,297.4,319.0,297.4,316.0,20187,0.96,6345818.5
ADBL,2026-04-28,316.0,316.0,310.0,311.8,10363,-1.33,3226856.1
ADBL,2026-04-29,311.8,311.0,307.2,308.7,18742,-0.99,5789150.4
ADBL,2026-04-30,317.8,317.8,305.1,309.5,20081,0.26,6186700.6
ADBL,2026-05-04,314.0,314.0,305.1,305.5,21066,-1.29,6474763.6
ADBL,2026-05-05,305.5,308.0,300.2,306.0,19887,0.16,6070710.6
ADBL,2026-05-06,304.0,307.0,304.0,305.0,18022,-0.33,5501192.0
ADBL,2026-05-07,305.0,308.0,305.0,308.0,14376,0.98,4404348.8
ADBL,2026-05-08,311.0,311.0,308.0,310.0,15077,0.65,4666198.9
ADBL,2026-05-11,310.0,313.5,310.0,312.0,22801,0.65,7098487.0
ADBL,2026-05-12,312.0,314.1,310.0,310.0,25054,-0.64,7790921.9
ADBL,2026-05-13,310.0,311.0,305.4,310.7,21106,0.23,6511919.5
ADBL,2026-05-14,311.0,311.0,306.3,309.0,9404,-0.55,2892913.2
ADBL,2026-05-15,306.0,312.0,306.0,310.2,27571,0.39,8566116.4
ADBL,2026-05-18,307.1,311.0,307.1,311.0,13470,0.26,4164139.3
ADBL,2026-05-19,311.8,312.5,308.0,311.0,16428,0.0,5106557.3
ADBL,2026-05-20,307.1,313.9,307.1,313.8,28637,0.9,8932903.3
ADBL,2026-05-21,314.0,314.0,310.3,313.5,12856,-0.1,4014984.6
ADBL,2026-05-22,314.9,314.9,310.0,313.0,11713,-0.16,3650688.0
ADBL,2026-05-25,317.9,318.5,312.3,317.0,45333,1.28,14351320.5
ADBL,2026-05-26,318.0,319.0,315.4,316.7,14963,-0.09,4727750.5
ADBL,2026-05-27,322.29,322.29,312.5,320.0,50166,1.04,16017350.8
ADBL,2026-06-01,320.0,320.0,315.0,315.2,17306,-1.5,5470466.0
ADBL,2026-06-02,330.9,330.9,311.4,316.8,10742,0.51,3379137.1
ADBL,2026-06-03,316.0,317.9,313.0,317.4,48420,0.19,15273698.2
ADBL,2026-06-04,318.0,320.0,315.0,317.9,29880,0.16,9456863.9
ADBL,2026-06-05,312.4,319.0,311.0,317.0,36488,-0.28,11405383.9
ADBL,2026-06-08,316.6,316.6,310.0,314.5,39867,-0.79,12403750.5
ADBL,2026-06-09,310.0,313.0,308.0,312.0,25126,-0.79,7782938.0
ADBL,2026-06-10,297.0,314.9,297.0,309.0,20348,-0.96,6308193.3
ADBL,2026-06-11,324.4,324.4,307.3,310.0,17589,0.32,5435402.0
ADBL,2026-06-12,308.0,311.0,307.6,309.9,23091,-0.03,7123350.9
ADBL,2026-06-15,310.0,313.9,306.0,311.0,14590,0.35,4520116.4
ADBL,2026-06-16,312.5,312.5,306.0,309.0,14647,-0.64,4516388.8
ADBL,2026-06-17,294.0,317.0,294.0,308.4,10225,-0.19,3154308.8
ADBL,2026-06-18,293.0,312.0,293.0,309.0,8649,0.19,2662071.8
ADBL,2026-06-19,307.2,309.9,307.2,309.0,9697,0.0,2987368.8
ADBL,2026-06-22,316.0,316.0,305.1,307.9,40052,-0.36,12339652.2
ADBL,2026-06-23,305.1,311.0,301.8,307.5,82207,-0.13,25002306.3
ADBL,2026-06-24,302.1,307.7,302.0,307.7,17126,0.07,5207285.4
ADBL,2026-06-25,307.7,307.7,303.1,306.0,10643,-0.55,3240214.5
ADBL,2026-06-26,308.0,308.0,303.0,305.0,8138,-0.33,2477045.6
ADBL,2026-06-29,300.2,305.0,300.2,304.7,7222,-0.1,2190116.9
ADBL,2026-06-30,302.0,305.0,301.0,302.0,14556,-0.89,4396078.6
ADBL,2026-07-01,300.0,305.0,300.0,305.0,11287,0.99,3416381.6
ADBL,2026-07-02,320.0,320.0,302.0,306.8,11685,0.59,3563060.3
ADBL,2026-07-03,310.0,310.0,304.0,307.0,10218,0.07,3127809.5
ADBL,2026-07-06,307.0,307.0,301.1,303.5,8251,-1.14,2504960.0
ADBL,2026-07-07,290.0,308.8,290.0,308.0,25330,1.48,7745029.1
ADBL,2026-07-08,307.0,307.0,301.2,304.9,24412,-1.01,7412446.9
ADBL,2026-07-09,303.5,306.0,303.0,304.0,13934,-0.3,4240969.0
ADBL,2026-07-10,288.8,308.9,288.8,303.2,17742,-0.26,5384439.1
ADBL,2026-07-13,301.0,304.8,301.0,302.5,24807,-0.23,7508426.0
ADBL,2026-07-14,305.0,305.0,301.2,303.0,23635,0.17,7163140.4
ADBL,2026-07-15,306.0,306.4,302.0,303.0,27903,0.0,8453972.1
ADBL,2026-07-16,303.1,309.0,303.1,309.0,21483,1.98,6573100.5
ADBL,2026-07-17,309.0,312.9,305.2,311.0,29794,0.65,9275758.1
ADBL,2026-07-20,296.0,315.0,296.0,312.8,11892,0.58,3714656.1
ADBL,2026-07-21,314.9,319.0,310.0,314.0,39052,0.38,12310082.9
ADBL,2026-07-22,314.0,320.0,310.2,318.9,79891,1.56,25343030.0
ADBL,2026-07-23,310.0,325.0,310.0,317.0,19009,-0.6,5996917.5
ADBL,2026-07-24,317.0,321.4,316.0,320.0,113909,0.95,36395473.4
ADBL,2026-07-27,304.0,329.0,304.0,322.0,84053,0.63,27182336.2
ADBL,2026-07-28,320.0,323.5,318.2,320.5,109926,-0.47,35140963.2
ADBL,2026-07-29,323.0,323.0,318.1,321.1,114885,0.19,36838064.4
ADBL,2026-07-30,306.0,325.0,306.0,320.0,44241,-0.34,14142952.3
ADBL,2026-07-31,318.2,324.0,317.3,322.5,147317,0.78,47517908.7
ADBL,2026-08-03,306.5,326.0,306.5,325.0,134712,0.78,43660537.1
ADBL,2026-08-04,325.0,325.0,318.6,323.0,78882,-0.62,25249128.3
ADBL,2026-08-05,325.0,325.0,319.1,320.0,40701,-0.93,13047417.0
ADBL,2026-08-06,304.0,325.0,304.0,308.8,143216,-3.5,44339877.65
ADBL,2026-08-07,309.0,309.0,304.0,307.9,45973,-0.29,14051047.0
ADBL,2026-08-10,311.0,311.0,301.0,305.0,41071,-0.94,12433389.3
ADBL,2026-08-11,302.1,305.9,301.0,302.5,71707,-0.82,21707236.3
ADBL,2026-08-12,301.0,304.8,301.0,304.0,34081,0.5,10338632.1
ADBL,2026-08-13,302.0,305.8,302.0,304.8,70052,0.26,21310989.8
ADBL,2026-08-14,305.0,306.0,303.1,304.0,22448,-0.26,6833113.2
ADBL,2026-08-17,304.0,305.0,299.7,302.2,121643,-0.59,36543087.0
ADBL,2026-08-18,302.0,302.0,295.5,300.0,45445,-0.73,13588037.6
ADBL,2026-08-19,302.0,302.0,299.5,300.9,25174,0.3,7568127.2
ADBL,2026-08-20,300.0,302.0,298.0,300.1,49169,-0.27,14739926.6
ADBL,2026-08-21,300.1,302.4,299.0,301.0,31051,0.3,9330234.1
ADBL,2026-08-24,301.0,302.0,298.2,299.5,22197,-0.5,6649424.1
ADBL,2026-08-25,300.0,300.0,298.6,298.8,20967,-0.23,6267011.3
ADBL,2026-08-26,299.1,301.0,295.1,296.0,30400,-0.94,9008129.2
ADBL,2026-08-27,295.0,299.0,290.0,299.0,47003,1.01,13947288.6
AHL,2023-03-23,298.8,328.6,298.8,328.6,3220,9.97,1055530.8
AHL,2023-03-26,335.0,361.4,335.0,361.4,980,9.98,353522.0
AHL,2023-03-27,368.6,397.5,368.6,397.5,6410,9.99,2547264.0
AHL,2023-03-28,405.4,437.2,405.4,437.2,5420,9.99,2368772.0
AHL,2023-03-29,445.9,480.9,445.0,448.0,52292,2.47,23775403.1
AHL,2023-03-30,440.1,450.0,430.4,437.6,23220,-2.32,10186483.0
AHL,2023-04-02,435.0,440.0,404.0,419.1,19656,-4.23,8296047.0
AHL,2023-04-03,411.0,412.0,390.2,398.0,16906,-5.03,6727166.8
AHL,2023-04-04,399.0,407.9,388.0,393.6,5547,-1.11,2197591.3
AHL,2023-04-05,390.0,408.9,388.2,408.9,7492,3.89,2996571.0
AHL,2023-04-06,403.0,411.0,401.0,407.0,5440,-0.46,2205475.5
AHL,2023-04-09,400.1,402.0,390.1,392.0,5680,-3.69,2242547.0
AHL,2023-04-10,385.1,406.0,382.7,398.9,5370,1.76,2089464.1
AHL,2023-04-11,391.0,399.0,390.0,398.0,3836,-0.23,1513311.0
AHL,2023-04-12,405.0,417.9,391.1,417.9,6880,5.0,2818297.2
AHL,2023-04-13,415.0,434.0,402.2,434.0,7351,3.85,3023348.5
AHL,2023-04-16,425.4,430.0,400.0,400.0,19740,-7.83,8082087.0
AHL,2023-04-17,398.0,400.0,392.3,400.0,3120,0.0,1234922.0
AHL,2023-04-18,392.0,398.0,386.0,396.5,2600,-0.88,1024715.0
AHL,2023-04-19,395.0,399.8,392.0,397.0,1840,0.13,728255.0
AHL,2023-04-20,404.9,404.9,385.0,394.0,6555,-0.76,2555631.0
AHL,2023-04-23,386.2,390.0,375.1,376.0,4040,-4.57,1536140.3
AHL,2023-04-24,370.0,380.0,367.1,378.0,3151,0.53,1176905.8
AHL,2023-04-25,370.6,382.0,360.9,379.0,7262,0.26,2696263.6
AHL,2023-04-26,383.0,385.0,371.5,376.0,3490,-0.79,1305532.0
AHL,2023-04-27,380.0,380.0,365.2,374.0,6634,-0.53,2439882.0
AHL,2023-04-30,366.8,375.0,352.0,359.0,10243,-4.01,3694226.0
AHL,2023-05-02,366.0,369.0,347.1,369.0,3222,2.79,1135850.2
AHL,2023-05-03,369.0,369.0,348.0,358.0,3370,-2.98,1201804.0
AHL,2023-05-04,351.1,361.0,346.0,358.0,1720,0.0,604667.0
AHL,2023-05-07,350.9,350.9,341.0,347.8,1800,-2.85,620222.0
AHL,2023-05-08,341.0,343.3,330.1,337.0,1890,-3.11,634057.0
AHL,2023-05-09,335.0,349.0,330.1,343.0,2590,1.78,884419.0
AHL,2023-05-10,340.5,351.9,335.1,351.9,1122,2.59,385158.0
AHL,2023-05-11,354.0,354.0,335.6,335.6,1992,-4.63,677154.0
AHL,2023-05-14,335.6,342.3,330.3,334.0,1902,-0.48,635775.0
AHL,2023-05-15,327.4,337.0,323.0,328.0,1090,-1.8,358092.0
AHL,2023-05-16,325.0,335.0,323.0,330.1,3350,0.64,1101873.0
AHL,2023-05-17,325.0,336.0,325.0,335.9,1570,1.76,523170.0
AHL,2023-05-18,330.4,351.0,330.4,350.0,7120,4.2,2459646.0
AHL,2023-05-21,350.0,364.0,338.0,345.0,6066,-1.43,2084798.6
AHL,2023-05-22,351.0,351.9,332.2,343.5,2604,-0.43,888462.0
AHL,2023-05-23,340.0,365.0,340.0,365.0,20052,6.26,7087406.2
AHL,2023-05-24,365.0,371.9,359.0,368.4,5575,0.93,2041772.0
AHL,2023-05-28,361.6,377.4,353.0,377.4,15729,2.44,5716649.5
AHL,2023-05-30,369.9,369.9,348.7,362.9,13364,-3.84,4735298.3
AHL,2023-05-31,356.0,356.0,327.5,327.5,13708,-9.75,4672128.3
AHL,2023-06-01,327.5,350.0,323.6,344.1,5851,5.07,1971283.5
AHL,2023-06-04,344.0,362.0,338.1,361.9,5460,5.17,1928995.0
AHL,2023-06-05,367.0,367.0,338.0,349.9,10704,-3.32,3738716.7
AHL,2023-06-06,343.0,351.8,337.0,346.8,16854,-0.89,5773063.9
AHL,2023-06-07,350.0,357.0,338.0,346.0,8067,-0.23,2786656.7
AHL,2023-06-08,352.9,354.0,339.0,346.0,6162,0.0,2140912.0
AHL,2023-06-11,341.5,360.7,341.5,357.3,18836,3.27,6682482.6
AHL,2023-06-12,357.2,363.0,351.2,353.0,6223,-1.2,2207327.0
AHL,2023-06-13,350.0,367.0,348.1,360.0,8622,1.98,3124515.5
AHL,2023-06-14,360.0,379.0,358.0,366.0,14791,1.67,5443973.6
AHL,2023-06-15,358.7,366.0,355.1,355.2,6210,-2.95,2231552.6
AHL,2023-06-18,355.2,379.0,355.2,376.6,12019,6.02,4468333.3
AHL,2023-06-19,376.0,406.0,370.0,397.0,16499,5.42,6468637.0
AHL,2023-06-20,397.0,404.8,381.0,381.0,7767,-4.03,3057593.2
AHL,2023-06-21,381.0,382.0,360.5,362.6,13984,-4.83,5162053.5
AHL,2023-06-22,369.7,375.3,356.1,356.4,4980,-1.71,1813100.0
AHL,2023-06-25,350.1,374.3,349.2,374.3,7695,5.02,2768566.2
AHL,2023-06-26,371.0,376.0,364.8,365.1,5145,-2.46,1892734.2
AHL,2023-06-27,358.0,372.0,358.0,372.0,5422,1.89,1970460.4
AHL,2023-06-28,364.6,364.6,348.0,355.0,10242,-4.57,3639363.5
AHL,2023-07-02,348.0,354.0,335.8,335.8,5723,-5.41,1962027.8
AHL,2023-07-03,342.5,351.9,336.0,337.0,9884,0.36,3387078.0
AHL,2023-07-04,335.0,345.0,335.0,340.0,1140,0.89,387079.0
AHL,2023-07-05,345.9,346.0,330.0,330.4,2815,-2.82,941386.0
AHL,2023-07-06,324.5,345.0,324.5,336.0,3084,1.69,1019903.0
AHL,2023-07-09,329.4,342.7,329.4,333.1,3575,-0.86,1198596.5
AHL,2023-07-10,328.0,340.0,328.0,330.1,3580,-0.9,1201399.4
AHL,2023-07-11,325.5,339.6,325.5,334.5,2330,1.33,769187.0
AHL,2023-07-12,335.9,348.9,330.0,342.0,6547,2.24,2224603.4
AHL,2023-07-13,342.0,349.9,338.1,338.1,4313,-1.14,1483865.7
AHL,2023-07-16,332.5,337.9,330.0,330.0,2350,-2.4,781214.0
AHL,2023-07-17,330.0,349.7,326.3,340.0,2580,3.03,871951.0
AHL,2023-07-18,345.0,345.0,334.3,335.2,3175,-1.41,1078179.5
AHL,2023-07-19,328.5,341.9,328.5,334.0,2520,-0.36,845727.5
AHL,2023-07-20,328.1,347.0,328.1,339.1,4735,1.53,1613691.0
AHL,2023-07-23,340.1,354.8,335.4,345.0,5845,1.74,2007616.5
AHL,2023-07-24,338.2,360.0,338.2,356.0,8818,3.19,3116810.9
AHL,2023-07-25,363.0,363.0,350.0,353.0,6120,-0.84,2180495.4
AHL,2023-07-26,360.0,360.0,346.1,348.9,2954,-1.16,1040033.1
AHL,2023-07-27,350.0,354.0,344.0,348.9,2985,0.0,1040681.0
AHL,2023-07-30,345.0,347.0,335.0,344.9,3129,-1.15,1068034.8
AHL,2023-07-31,338.4,347.0,326.1,332.0,3940,-3.74,1323794.0
AHL,2023-08-01,338.0,338.0,330.7,335.0,2800,0.9,932962.0
AHL,2023-08-02,329.3,341.7,329.1,341.7,4070,2.0,1352442.0
AHL,2023-08-03,335.0,341.7,332.2,337.0,2351,-1.38,789410.0
AHL,2023-08-06,335.0,335.0,327.6,331.9,3037,-1.51,998490.0
AHL,2023-08-07,325.3,330.1,320.0,324.0,4101,-2.38,1338774.0
AHL,2023-08-08,320.0,328.5,320.0,320.0,2110,-1.23,680106.0
AHL,2023-08-09,315.1,348.5,312.0,348.5,3085,8.91,980030.5
AHL,2023-08-10,341.6,345.5,318.9,331.1,1145,-4.99,381860.5
AHL,2023-08-13,325.0,329.9,325.0,326.0,1506,-1.54,490837.0
AHL,2023-08-14,320.0,329.4,320.0,324.0,1300,-0.61,421005.0
AHL,2023-08-15,320.0,326.5,315.5,316.1,1525,-2.44,488676.5
AHL,2023-08-16,311.0,317.0,310.0,310.0,3484,-1.93,1087258.0
AHL,2023-08-17,304.1,314.0,304.1,311.0,1830,0.32,569177.0
AHL,2023-08-20,305.1,311.2,304.1,304.3,2140,-2.15,654259.0
AHL,2023-08-21,300.1,324.0,296.0,302.9,2715,-0.46,816777.0
AHL,2023-08-22,296.9,310.0,296.9,302.2,1000,-0.23,300357.0
AHL,2023-08-23,298.2,315.0,298.2,315.0,2505,4.24,765055.4
AHL,2023-08-24,308.7,315.1,302.6,303.1,2310,-3.78,710844.0
AHL,2023-08-27,297.1,297.8,292.1,297.0,1460,-2.01,430462.0
AHL,2023-08-28,291.1,304.9,291.1,299.0,2220,0.67,658380.0
AHL,2023-08-29,300.0,303.0,293.7,297.7,1170,-0.43,345799.0
AHL,2023-08-30,292.5,299.0,292.5,293.2,530,-1.51,156359.0
AHL,2023-09-03,287.6,293.0,285.7,290.0,2070,-1.09,598852.0
AHL,2023-09-04,286.0,291.0,280.0,290.1,1490,0.03,424091.0
AHL,2023-09-05,290.0,290.0,278.8,289.0,603,-0.38,171450.9
AHL,2023-09-07,284.0,285.0,277.0,277.2,1288,-4.08,361552.0
AHL,2023-09-10,273.1,285.6,273.1,285.6,1400,3.03,390931.0
AHL,2023-09-11,285.6,297.0,285.6,292.0,1010,2.24,294160.0
AHL,2023-09-12,286.2,289.0,280.5,286.2,460,-1.99,131973.0
AHL,2023-09-13,281.2,303.0,281.2,301.0,2536,5.17,754126.0
AHL,2023-09-17,298.0,299.7,288.3,293.5,1062,-2.49,312546.0
AHL,2023-09-18,288.1,303.0,288.0,296.1,900,0.89,267127.0
AHL,2023-09-19,290.9,313.1,290.8,306.3,4875,3.44,1486543.0
AHL,2023-09-21,312.4,334.8,308.0,324.0,7538,5.78,2445496.9
AHL,2023-09-24,318.4,356.4,318.4,356.4,25896,10.0,9021565.5
AHL,2023-09-25,363.5,392.0,363.5,392.0,48770,9.99,19109992.8
AHL,2023-09-26,399.0,424.0,382.8,392.0,26706,0.0,10603723.5
AHL,2023-09-27,392.1,423.3,376.1,423.0,27321,7.91,10503555.9
AHL,2023-10-01,414.6,414.6,380.7,380.7,14935,-10.0,5699210.5
AHL,2023-10-02,373.1,373.1,345.1,366.0,21453,-3.86,7694559.0
AHL,2023-10-03,360.0,371.9,353.0,358.0,6873,-2.19,2477412.8
AHL,2023-10-04,351.0,372.4,351.0,365.0,12739,1.96,4617619.6
AHL,2023-10-05,358.0,365.0,351.0,358.0,6176,-1.92,2191402.8
AHL,2023-10-08,350.9,353.0,336.2,343.0,8549,-4.19,2952240.7
AHL,2023-10-09,337.0,354.0,328.1,338.0,9312,-1.46,3174579.5
AHL,2023-10-10,336.0,344.7,326.0,326.0,12721,-3.55,4269589.0
AHL,2023-10-11,332.5,355.6,326.0,346.1,13417,6.17,4575806.6
AHL,2023-10-12,340.1,352.8,335.1,335.4,1770,-3.09,600363.0
AHL,2023-10-16,329.0,333.0,321.5,321.7,4145,-4.08,1345026.5
AHL,2023-10-17,321.0,333.5,318.5,322.0,3664,0.09,1185320.0
AHL,2023-10-18,322.0,331.5,317.1,330.0,4227,2.48,1373630.7
AHL,2023-10-19,336.6,336.6,321.0,321.0,8045,-2.73,2606267.0
AHL,2023-10-29,314.6,318.0,308.4,318.0,1926,-0.93,601221.6
AHL,2023-10-30,312.1,321.0,312.1,318.0,1530,0.0,487877.2
AHL,2023-10-31,312.6,317.8,311.8,317.8,4289,-0.06,1340726.9
AHL,2023-11-01,312.0,318.0,305.3,317.7,4089,-0.03,1269343.9
AHL,2023-11-02,311.5,312.1,305.5,306.5,1700,-3.53,523677.4
AHL,2023-11-05,304.0,322.5,301.0,318.0,3315,3.75,1044090.5
AHL,2023-11-06,312.0,324.0,312.0,324.0,3565,1.89,1139855.5
AHL,2023-11-07,324.0,324.0,314.0,324.0,3355,0.0,1069603.0
AHL,2023-11-08,317.6,320.0,313.7,314.1,845,-3.06,267211.0
AHL,2023-11-09,314.0,320.2,310.0,314.9,1495,0.25,471952.0
AHL,2023-11-20,315.0,315.0,299.0,306.0,3714,-2.83,1136162.4
AHL,2023-11-21,309.0,309.0,297.3,306.0,9440,0.0,2834627.0
AHL,2023-11-22,301.0,313.1,300.0,311.0,3072,1.63,945994.0
AHL,2023-11-23,306.1,326.0,306.1,324.3,6683,4.28,2142106.9
AHL,2023-11-26,324.3,336.6,323.0,335.0,6553,3.3,2174322.6
AHL,2023-11-27,335.0,346.8,325.0,346.8,14296,3.52,4795372.1
AHL,2023-11-28,340.0,353.6,336.1,349.9,4811,0.89,1657344.5
AHL,2023-11-29,343.0,354.1,340.2,350.0,10125,0.03,3481690.8
AHL,2023-11-30,343.0,343.0,331.4,341.9,12957,-2.31,4328577.0
AHL,2023-12-03,335.1,335.7,324.2,335.0,3398,-2.02,1117662.7
AHL,2023-12-04,328.3,345.0,328.0,345.0,6396,2.99,2152085.1
AHL,2023-12-05,340.0,349.0,332.0,337.0,2911,-2.32,980529.5
AHL,2023-12-06,332.0,357.0,331.0,340.6,3972,1.07,1338216.2
AHL,2023-12-07,333.8,354.3,328.2,345.0,8749,1.29,2958876.4
AHL,2023-12-10,351.0,370.0,351.0,370.0,341,7.25,123510.0
AHL,2023-12-11,376.0,376.0,350.1,350.1,11420,-5.38,4086288.8
AHL,2023-12-12,343.3,367.0,343.3,364.0,15042,3.97,5432984.3
AHL,2023-12-13,360.0,377.0,359.0,372.0,14782,2.2,5413220.0
AHL,2023-12-14,375.0,386.8,357.0,376.3,6072,1.16,2235941.6
AHL,2023-12-17,368.8,395.0,356.0,391.9,31787,4.15,11943930.4
AHL,2023-12-18,399.6,399.6,371.0,379.0,20948,-3.29,8008420.2
AHL,2023-12-19,379.0,385.0,363.0,376.1,12811,-0.77,4752828.0
AHL,2023-12-20,380.0,385.9,364.0,376.0,14881,-0.03,5631322.4
AHL,2023-12-21,380.0,387.6,370.2,380.0,16546,1.06,6295232.4
AHL,2023-12-24,380.0,416.0,375.0,387.0,21482,1.84,8334189.3
AHL,2023-12-27,394.7,416.0,384.5,385.0,22619,-0.52,8902952.6
AHL,2023-12-28,381.1,393.7,381.1,384.2,12169,-0.21,4709338.1
AHL,2024-01-01,384.2,395.0,379.0,379.0,9908,-1.35,3830260.7
AHL,2024-01-02,380.0,380.0,367.9,372.0,6888,-1.85,2568526.1
AHL,2024-01-03,364.7,386.0,364.7,382.0,5420,2.69,2035366.5
AHL,2024-01-04,384.0,408.0,383.0,392.9,22360,2.85,8807414.4
AHL,2024-01-07,392.5,400.7,388.0,392.0,15793,-0.23,6222002.0
AHL,2024-01-08,388.2,406.0,388.2,405.9,10028,3.55,4015053.0
AHL,2024-01-09,404.0,424.0,398.0,400.0,26096,-1.45,10718721.0
AHL,2024-01-10,392.0,417.0,392.0,409.0,21294,2.25,8759601.7
AHL,2024-01-11,402.1,433.0,402.1,422.1,20515,3.2,8609441.0
AHL,2024-01-14,430.0,459.0,422.1,452.0,22533,7.08,9968273.2
AHL,2024-01-16,456.0,460.9,443.0,446.0,17441,-1.33,7834980.2
AHL,2024-01-17,439.0,450.0,417.0,420.0,26560,-5.83,11471944.9
AHL,2024-01-18,412.0,440.0,412.0,422.0,10065,0.48,4229475.1
AHL,2024-01-21,430.0,430.0,412.6,416.5,14580,-1.3,6116294.4
AHL,2024-01-22,410.5,418.7,396.2,398.0,14002,-4.44,5692629.5
AHL,2024-01-23,396.0,407.0,392.3,394.0,9618,-1.01,3815375.0
AHL,2024-01-24,395.1,414.1,395.1,400.0,9440,1.52,3815434.0
AHL,2024-01-25,396.2,419.7,396.2,410.1,13461,2.53,5558060.9
AHL,2024-01-28,410.0,438.0,406.0,438.0,30255,6.8,12813677.0
AHL,2024-01-29,440.0,444.0,427.3,434.0,11074,-0.91,4825300.0
AHL,2024-01-30,428.0,445.0,428.0,436.1,18099,0.48,7934155.2
AHL,2024-01-31,442.0,454.0,424.9,425.3,12349,-2.48,5398959.2
AHL,2024-02-01,421.0,425.0,408.0,409.0,15705,-3.83,6556489.5
AHL,2024-02-04,402.1,421.2,402.1,415.0,5925,1.47,2438103.9
AHL,2024-02-05,422.9,422.9,410.0,418.0,1825,0.72,757700.1
AHL,2024-02-06,426.0,426.0,411.2,424.3,2756,1.51,1153790.0
AHL,2024-02-07,432.0,466.7,419.2,466.7,50136,9.99,22741780.8
AHL,2024-02-08,466.0,504.0,460.0,488.0,34192,4.56,16606887.0
AHL,2024-02-11,497.7,497.7,461.2,474.0,30748,-2.87,14505069.4
AHL,2024-02-12,465.0,486.4,460.1,481.0,10270,1.48,4846602.0
AHL,2024-02-13,481.0,500.0,465.9,477.0,50699,-0.83,24193652.8
AHL,2024-02-14,467.6,476.0,458.0,465.9,25507,-2.33,11837835.8
AHL,2024-02-15,473.9,474.0,457.4,467.1,13797,0.26,6459486.0
AHL,2024-02-18,458.0,467.5,450.0,457.5,11769,-2.06,5381031.3
AHL,2024-02-20,449.0,460.0,446.0,450.0,9796,-1.64,4443536.0
AHL,2024-02-21,450.0,466.0,443.2,455.0,4752,1.11,2158759.7
AHL,2024-02-22,460.0,460.0,435.0,436.6,13028,-4.04,5739064.6
AHL,2024-02-25,431.6,435.0,416.1,429.0,15197,-1.74,6491960.5
AHL,2024-02-26,420.6,439.0,415.0,435.0,6400,1.4,2715898.0
AHL,2024-02-27,440.0,450.0,422.2,427.0,3699,-1.84,1593245.0
AHL,2024-02-28,435.5,435.5,426.3,430.0,16304,0.7,7010890.6
AHL,2024-02-29,437.0,437.0,420.3,429.0,21480,-0.23,9149244.6
AHL,2024-03-03,434.3,434.3,416.1,421.3,7650,-1.79,3252609.0
AHL,2024-03-04,429.7,463.4,429.7,463.4,130,9.99,57560.0
AHL,2024-03-05,472.6,472.6,429.0,432.5,11046,-6.67,4860581.5
AHL,2024-03-06,425.3,445.0,422.0,431.2,7680,-0.3,3316508.5
AHL,2024-03-07,435.0,461.0,426.0,439.0,8151,1.81,3581336.9
AHL,2024-03-10,447.7,453.0,439.5,448.0,9620,2.05,4310684.0
AHL,2024-03-12,446.0,468.0,446.0,455.9,9758,1.76,4440977.0
AHL,2024-03-13,447.0,455.9,446.0,447.1,1926,-1.93,866555.0
AHL,2024-03-14,456.0,474.0,440.4,442.5,4910,-1.03,2187220.6
AHL,2024-03-17,433.8,452.0,410.1,435.0,2850,-1.69,1247057.8
AHL,2024-03-18,429.0,447.0,429.0,446.9,5599,2.74,2470595.6
AHL,2024-03-19,455.8,470.1,436.0,436.3,9662,-2.37,4284581.0
AHL,2024-03-20,444.0,453.9,433.0,439.9,4612,0.83,2020775.5
AHL,2024-03-21,448.5,448.5,430.3,437.0,6101,-0.66,2646185.6
AHL,2024-03-25,442.9,442.9,427.0,427.0,2071,-2.29,891459.0
AHL,2024-03-26,435.5,453.0,420.0,440.0,3611,3.04,1581800.0
AHL,2024-03-27,448.0,460.0,431.1,455.1,40280,3.43,18141101.7
AHL,2024-03-28,464.0,464.0,444.1,455.0,7365,-0.02,3332336.5
AHL,2024-03-31,463.9,463.9,441.5,447.0,17247,-1.76,7698869.9
AHL,2024-04-01,451.0,451.0,439.0,441.0,5336,-1.34,2357519.5
AHL,2024-04-02,448.9,448.9,435.1,441.0,7384,0.0,3247074.6
AHL,2024-04-03,449.0,466.0,433.0,441.9,3281,0.2,1446667.0
AHL,2024-04-04,448.0,448.0,433.0,437.0,11440,-1.11,4969751.2
AHL,2024-04-07,435.0,443.7,432.0,440.0,3740,0.69,1634007.5
AHL,2024-04-09,447.7,450.0,432.0,447.0,13451,1.59,5936064.2
AHL,2024-04-10,455.9,462.8,440.0,451.0,12462,0.89,5601402.0
AHL,2024-04-14,442.0,469.2,441.0,449.8,4887,-0.27,2183103.3
AHL,2024-04-15,441.0,468.1,441.0,442.2,3452,-1.69,1548847.9
AHL,2024-04-16,445.0,449.7,437.0,443.0,4206,0.18,1851043.0
AHL,2024-04-18,451.8,451.8,426.2,436.0,3514,-1.58,1527302.8
AHL,2024-04-21,444.7,450.0,432.1,450.0,7302,3.21,3221701.0
AHL,2024-04-22,450.0,458.0,436.0,436.0,11391,-3.11,5001583.0
AHL,2024-04-24,444.7,455.0,438.0,445.9,6374,2.27,2831498.0
AHL,2024-04-25,454.8,454.8,439.0,446.0,7599,0.02,3400991.9
AHL,2024-04-28,454.9,463.0,438.0,446.0,2815,0.0,1243058.5
AHL,2024-04-29,454.0,454.0,435.0,436.0,5658,-2.24,2482733.0
AHL,2024-04-30,432.0,468.0,432.0,447.0,9756,2.52,4340752.6
AHL,2024-05-02,455.0,474.3,435.2,435.2,3781,-2.64,1674186.0
AHL,2024-05-05,430.5,452.7,428.1,441.0,7743,1.33,3360172.0
AHL,2024-05-06,448.9,448.9,432.0,439.8,2170,-0.27,956941.0
AHL,2024-05-07,445.0,445.0,431.0,439.0,1987,-0.18,866326.6
AHL,2024-05-08,441.0,446.0,429.2,429.2,3337,-2.23,1446544.5
AHL,2024-05-09,437.0,440.0,427.3,436.0,1362,1.58,587232.0
AHL,2024-05-12,428.8,441.6,428.8,439.8,1530,0.87,665622.0
AHL,2024-05-13,431.3,444.0,427.0,435.9,8450,-0.89,3639216.8
AHL,2024-05-14,444.0,449.6,428.0,448.7,12310,2.94,5432246.0
AHL,2024-05-15,455.0,464.0,433.0,443.0,11701,-1.27,5148020.0
AHL,2024-05-16,449.0,451.0,428.0,429.2,16194,-3.12,6988614.4
AHL,2024-05-19,435.0,443.0,426.1,436.9,6724,1.79,2909350.3
AHL,2024-05-20,444.9,451.0,432.1,444.0,12588,1.63,5540386.7
AHL,2024-05-21,445.0,463.0,431.4,456.0,29425,2.7,13358653.6
AHL,2024-05-22,464.0,501.6,453.0,479.0,26535,5.04,12579568.6
AHL,2024-05-26,486.0,488.0,455.0,462.0,9347,-3.55,4325843.1
AHL,2024-05-27,471.2,480.0,455.0,469.0,8651,1.52,3997918.3
AHL,2024-05-29,478.3,478.3,451.1,455.1,6536,-2.96,3056307.5
AHL,2024-05-30,464.2,471.9,446.2,462.0,11732,1.52,5396989.0
AHL,2024-06-02,453.0,490.5,453.0,490.0,29227,6.06,14038753.7
AHL,2024-06-03,480.3,509.5,480.3,486.1,18536,-0.8,9090386.4
AHL,2024-06-04,495.8,499.8,472.0,472.0,12601,-2.9,6125980.8
AHL,2024-06-05,480.0,490.6,464.0,473.0,7299,0.21,3423089.5
AHL,2024-06-06,472.9,487.0,464.5,468.0,6083,-1.06,2869035.0
AHL,2024-06-09,475.0,500.0,473.0,493.0,37564,5.34,18369593.6
AHL,2024-06-10,500.0,529.3,485.1,520.0,29179,5.48,15013322.1
AHL,2024-06-11,530.4,547.0,516.0,520.0,22918,0.0,12080171.2
AHL,2024-06-12,530.0,540.0,496.9,506.0,35547,-2.69,18047917.2
AHL,2024-06-13,516.1,519.9,490.9,504.0,25468,-0.4,12743629.7
AHL,2024-06-16,504.0,534.6,497.0,497.0,17820,-1.39,8954589.5
AHL,2024-06-18,505.0,508.9,492.0,500.0,16996,0.6,8481044.7
AHL,2024-06-19,499.0,519.0,497.9,508.0,20609,1.6,10344383.9
AHL,2024-06-20,518.0,518.0,497.0,500.0,34334,-1.57,17364021.8
AHL,2024-06-23,505.0,525.3,500.0,508.0,19648,1.6,9983068.1
AHL,2024-06-24,518.0,518.0,508.0,511.2,19283,0.63,9881576.1
AHL,2024-06-25,512.0,536.0,509.2,528.0,32349,3.29,16964989.0
AHL,2024-06-26,538.5,538.5,513.0,513.1,13040,-2.82,6789273.6
AHL,2024-06-27,523.0,523.0,482.6,514.0,14016,0.18,7166770.6
AHL,2024-06-30,524.0,524.0,501.1,503.0,10515,-2.14,5323725.0
AHL,2024-07-01,493.0,513.0,493.0,510.0,6102,1.39,3089026.5
AHL,2024-07-02,520.2,550.0,509.0,511.0,11158,0.2,5743139.0
AHL,2024-07-03,500.8,520.0,500.8,514.5,9946,0.68,5089652.2
AHL,2024-07-04,524.0,534.1,515.0,516.6,13952,0.41,7258404.5
AHL,2024-07-07,526.9,536.0,515.0,517.0,8760,0.08,4552393.5
AHL,2024-07-08,527.3,535.0,516.5,517.0,25752,0.0,13527012.2
AHL,2024-07-09,520.0,527.0,517.0,521.3,9636,0.83,4995300.6
AHL,2024-07-10,530.9,530.9,518.0,524.0,9369,0.52,4882649.5
AHL,2024-07-11,524.0,540.0,524.0,530.0,35295,1.15,18698506.4
AHL,2024-07-14,540.6,551.0,528.0,533.0,19487,0.57,10402224.3
AHL,2024-07-15,533.0,537.0,520.0,520.3,13490,-2.38,7095817.8
AHL,2024-07-16,521.0,562.0,521.0,541.0,32072,3.98,17342477.3
AHL,2024-07-17,550.0,559.9,536.0,547.0,30273,1.11,16540991.4
AHL,2024-07-18,550.1,563.0,548.0,552.0,25748,0.91,14297772.9
AHL,2024-07-21,552.0,590.0,545.2,580.0,34695,5.07,19588526.8
AHL,2024-07-22,591.6,595.0,560.1,590.0,42882,1.72,24841604.1
AHL,2024-07-23,601.0,648.0,585.0,627.2,58146,6.31,35366266.6
AHL,2024-07-24,627.2,689.9,627.2,689.9,33768,10.0,22831428.8
AHL,2024-07-25,703.6,758.8,703.6,758.8,43235,9.99,32009037.2
AHL,2024-07-28,770.0,832.0,710.0,832.0,55071,9.65,41812862.9
AHL,2024-07-29,815.4,880.0,748.9,880.0,62183,5.77,47756492.9
AHL,2024-07-30,862.4,904.0,792.0,792.0,104377,-10.0,83244083.7
AHL,2024-07-31,777.0,823.0,713.0,760.0,73475,-4.04,55570314.7
AHL,2024-08-01,773.2,773.2,730.1,733.1,41975,-3.54,31349536.6
AHL,2024-08-05,733.1,758.9,720.0,727.0,30992,-0.83,22929088.0
AHL,2024-08-06,715.0,740.0,691.0,692.5,27938,-4.75,19866687.9
AHL,2024-08-07,690.0,735.0,688.0,717.0,12872,3.54,9146750.6
AHL,2024-08-08,731.3,732.0,682.2,690.0,21453,-3.77,15080835.9
AHL,2024-08-11,690.0,733.0,682.0,720.0,38058,4.35,26942584.0
AHL,2024-08-12,725.0,735.0,700.0,705.0,26675,-2.08,19330195.8
AHL,2024-08-13,705.0,725.0,695.0,713.5,20301,1.21,14529976.8
AHL,2024-08-14,715.0,741.9,715.0,730.0,25776,2.31,18773514.6
AHL,2024-08-15,725.0,730.0,701.0,702.4,18268,-3.78,13044459.7
AHL,2024-08-18,710.0,710.0,684.0,684.0,16806,-2.62,11696126.4
AHL,2024-08-21,671.0,711.0,671.0,674.0,12569,-1.46,8559104.0
AHL,2024-08-22,671.0,711.5,671.0,706.0,25531,4.75,17766034.7
AHL,2024-08-25,714.0,750.0,714.0,717.0,42105,1.56,30882756.8
AHL,2024-08-27,717.0,740.0,703.0,713.0,18330,-0.56,13215364.5
AHL,2024-08-28,713.0,741.0,686.2,705.0,15974,-1.12,11400191.6
AHL,2024-08-29,704.0,715.0,692.0,697.0,8522,-1.13,5990929.8
AHL,2024-09-01,684.0,714.0,675.0,675.0,7971,-3.16,5476971.0
AHL,2024-09-02,687.0,700.0,680.0,691.2,4891,2.4,3393282.2
AHL,2024-09-03,700.0,708.0,680.0,685.0,9285,-0.9,6422999.9
AHL,2024-09-04,676.1,749.0,676.1,746.0,68204,8.91,49838990.1
AHL,2024-09-05,748.0,754.0,727.0,727.0,14321,-2.55,10591688.7
AHL,2024-09-08,741.0,741.0,699.9,719.0,16041,-1.1,11458972.4
AHL,2024-09-09,710.0,730.0,678.0,680.1,11211,-5.41,7716295.4
AHL,2024-09-10,673.0,707.5,663.0,663.0,8388,-2.51,5696319.5
AHL,2024-09-11,662.0,662.0,617.4,617.4,14374,-6.88,9222754.4
AHL,2024-09-12,620.0,679.1,620.0,679.1,21679,9.99,14152049.0
AHL,2024-09-15,675.0,730.0,675.0,719.0,38746,5.88,27132920.9
AHL,2024-09-16,717.0,717.0,665.0,675.0,12472,-6.12,8516897.0
AHL,2024-09-18,661.5,702.0,661.5,680.0,9303,0.74,6305848.6
AHL,2024-09-22,693.6,693.6,671.0,673.1,3961,-1.01,2681005.2
AHL,2024-09-23,679.0,685.0,646.8,658.0,12126,-2.24,8081292.5
AHL,2024-09-24,671.0,671.0,623.0,627.0,5726,-4.71,3648026.7
AHL,2024-09-25,639.5,650.0,616.0,630.1,3956,0.49,2500994.0
AHL,2024-09-26,642.7,667.0,623.0,634.0,6731,0.62,4294882.0
AHL,2024-09-29,621.4,635.0,613.0,630.0,4539,-0.63,2828156.0
AHL,2024-09-30,630.0,630.0,600.0,615.0,3797,-2.38,2312814.0
AHL,2024-10-01,627.0,672.0,627.0,648.0,7178,5.37,4593410.7
AHL,2024-10-02,648.0,648.0,626.1,630.0,3941,-2.78,2500810.3
AHL,2024-10-06,623.0,664.9,623.0,650.0,10171,3.17,6592918.7
AHL,2024-10-07,663.0,670.0,648.3,648.7,11004,-0.2,7269850.5
AHL,2024-10-08,660.0,668.0,650.4,659.0,9236,1.59,6088463.2
AHL,2024-10-09,671.0,685.0,651.0,675.0,9475,2.43,6429178.9
AHL,2024-10-15,661.5,682.0,661.5,672.0,3088,-0.44,2075333.0
AHL,2024-10-16,685.4,692.0,661.2,689.0,7296,2.53,4943978.3
AHL,2024-10-17,702.7,702.7,675.1,683.0,8438,-0.87,5816913.1
AHL,2024-10-20,669.4,686.0,660.3,673.8,6850,-1.35,4630693.6
AHL,2024-10-21,675.0,675.0,625.1,648.0,6349,-3.83,4100052.8
AHL,2024-10-22,660.0,660.0,639.0,649.0,1986,0.15,1283357.5
AHL,2024-10-23,641.0,655.0,636.0,651.0,7164,0.31,4635413.6
AHL,2024-10-24,651.0,680.0,650.1,671.0,15267,3.07,10167143.5
AHL,2024-10-27,684.4,715.0,675.2,700.0,35106,4.32,24649384.1
AHL,2024-10-28,686.1,705.0,686.1,697.8,19765,-0.31,13707139.3
AHL,2024-10-29,684.2,708.3,671.0,706.5,10246,1.25,7173467.9
AHL,2024-10-30,694.1,702.0,686.0,698.7,8526,-1.1,5903624.4
AHL,2024-11-05,690.5,701.0,677.0,680.0,5233,-2.68,3590805.6
AHL,2024-11-06,679.0,684.0,673.2,684.0,3733,0.59,2525799.2
AHL,2024-11-10,685.0,707.0,660.1,694.3,9319,1.51,6503189.7
AHL,2024-11-11,695.0,714.0,691.0,704.0,14662,1.4,10327167.5
AHL,2024-11-12,714.0,714.0,698.3,702.0,8788,-0.28,6186363.6
AHL,2024-11-13,692.0,716.0,692.0,709.8,8773,1.11,6165493.9
AHL,2024-11-14,708.0,723.0,705.0,719.0,15836,1.3,11314527.7
AHL,2024-11-17,721.1,748.0,721.0,728.0,14665,1.25,10723631.5
AHL,2024-11-19,730.0,730.0,687.0,690.0,11966,-5.22,8437613.9
AHL,2024-11-20,695.0,700.0,683.0,699.0,3832,1.3,2662693.5
AHL,2024-11-21,710.0,712.0,687.1,691.0,12617,-1.14,8839368.9
AHL,2024-11-24,678.0,715.0,678.0,699.0,11380,1.16,7969289.3
AHL,2024-11-25,689.0,702.0,687.2,700.0,5440,0.14,3790920.0
AHL,2024-11-26,712.0,714.9,701.5,710.0,9191,1.43,6520871.0
AHL,2024-11-27,712.0,730.0,701.1,724.0,14919,1.97,10788662.6
AHL,2024-11-28,725.1,740.0,725.1,730.0,20929,0.83,15318268.9
AHL,2024-12-01,715.4,733.0,703.0,728.7,10062,-0.18,7280451.5
AHL,2024-12-02,743.2,743.2,720.0,730.0,12049,0.18,8774180.5
AHL,2024-12-03,720.0,743.0,720.0,738.0,14183,1.1,10398654.5
AHL,2024-12-04,724.0,801.1,724.0,775.0,23622,5.01,18212109.1
AHL,2024-12-05,762.1,777.0,740.3,741.0,10166,-4.39,7677695.1
AHL,2024-12-08,741.0,742.0,720.1,727.0,11265,-1.89,8202628.2
AHL,2024-12-09,741.5,741.5,717.0,729.0,6067,0.28,4388036.0
AHL,2024-12-10,720.2,734.6,715.0,716.0,5127,-1.78,3700609.4
AHL,2024-12-11,730.3,744.9,715.0,737.0,9055,2.93,6615751.5
AHL,2024-12-12,725.0,769.0,725.0,734.0,16085,-0.41,12042222.0
AHL,2024-12-16,722.1,736.5,701.1,705.0,9891,-3.95,7095469.6
AHL,2024-12-17,706.0,710.0,690.0,704.0,8624,-0.14,5999354.9
AHL,2024-12-18,705.0,714.0,689.1,714.0,6952,1.42,4847785.0
AHL,2024-12-19,700.1,708.0,692.1,698.0,4486,-2.24,3138116.7
AHL,2024-12-22,695.0,720.0,687.1,710.0,9706,1.72,6804929.4
AHL,2024-12-23,710.0,734.9,704.5,734.0,11149,3.38,8087735.4
AHL,2024-12-24,734.0,748.5,720.0,732.0,13051,-0.27,9656994.3
AHL,2024-12-26,732.0,735.0,715.0,730.0,3868,-0.27,2812966.0
AHL,2024-12-29,730.0,730.0,706.0,719.0,3352,-1.51,2396919.9
AHL,2024-12-31,705.0,705.0,676.2,694.0,7690,-3.48,5287945.6
AHL,2025-01-01,685.0,727.0,685.0,710.0,4209,2.31,2939936.0
AHL,2025-01-02,696.4,719.0,696.4,718.9,9477,1.25,6699821.2
AHL,2025-01-05,707.4,731.0,707.4,730.9,10644,1.67,7704602.1
AHL,2025-01-06,730.9,745.0,730.0,740.0,9176,1.25,6776967.8
AHL,2025-01-07,740.0,751.0,726.0,736.9,6260,-0.42,4630761.6
AHL,2025-01-08,735.2,771.0,735.2,764.9,22957,3.8,17336671.0
AHL,2025-01-09,768.0,786.0,766.1,771.0,28841,0.8,22348330.9
AHL,2025-01-12,760.5,778.0,760.5,772.0,6054,0.13,4647615.2
AHL,2025-01-13,772.0,772.0,750.0,750.6,17174,-2.77,13033509.6
AHL,2025-01-15,750.0,769.8,750.0,760.0,8679,1.25,6607699.9
AHL,2025-01-16,760.0,805.0,760.0,787.0,35755,3.55,28160657.3
AHL,2025-01-19,780.0,812.0,780.0,812.0,24310,3.18,19463992.1
AHL,2025-01-20,824.9,824.9,796.0,800.0,15489,-1.48,12511373.4
AHL,2025-01-21,800.0,816.0,784.0,803.0,16720,0.38,13412520.4
AHL,2025-01-22,813.6,818.9,803.2,817.0,12336,1.74,10025601.6
AHL,2025-01-23,833.0,833.0,816.0,823.0,16202,0.73,13334515.4
AHL,2025-01-26,815.1,843.5,815.0,835.0,18122,1.46,15086052.5
AHL,2025-01-27,850.0,850.0,804.0,829.0,23012,-0.72,19206978.1
AHL,2025-01-28,820.0,844.9,807.5,835.0,17389,0.72,14363815.0
AHL,2025-02-02,825.0,855.0,822.1,834.0,31804,-0.12,26724896.8
AHL,2025-02-03,850.0,850.0,818.0,826.0,25640,-0.96,21250233.5
AHL,2025-02-04,842.5,842.5,815.1,827.0,18969,0.12,15744337.7
AHL,2025-02-05,827.0,859.0,827.0,840.5,17930,1.63,15161100.2
AHL,2025-02-06,840.0,850.0,821.5,833.0,15137,-0.89,12594882.5
AHL,2025-02-09,821.2,842.0,821.0,824.5,13520,-1.02,11247818.6
AHL,2025-02-10,824.0,830.0,800.0,810.0,10906,-1.76,8852489.3
AHL,2025-02-11,823.0,842.0,814.0,814.0,4425,0.49,3624685.0
AHL,2025-02-12,814.0,846.6,814.0,837.0,15152,2.83,12652055.9
AHL,2025-02-13,845.0,848.0,825.0,840.0,9729,0.36,8123047.7
AHL,2025-02-16,845.0,845.0,825.0,825.0,8812,-1.79,7353082.5
AHL,2025-02-17,811.0,891.0,811.0,849.0,17591,2.91,15040882.0
AHL,2025-02-18,860.0,865.9,827.0,831.0,15236,-2.12,12819224.3
AHL,2025-02-20,820.0,836.0,819.9,836.0,13336,0.6,11018454.5
AHL,2025-02-23,819.3,829.0,815.0,818.0,6217,-2.15,5094951.5
AHL,2025-02-24,815.0,831.0,805.1,828.0,5750,1.22,4699257.4
AHL,2025-02-25,828.0,835.0,815.9,824.0,4771,-0.48,3914919.0
AHL,2025-02-27,810.2,839.9,791.0,804.0,18665,-2.43,15059582.2
AHL,2025-03-02,805.0,806.0,774.3,785.0,19067,-2.36,14907304.8
AHL,2025-03-03,775.1,785.0,744.8,770.0,27785,-1.91,21218221.4
AHL,2025-03-04,770.0,783.0,749.0,759.4,11746,-1.38,8891198.1
AHL,2025-03-05,760.0,772.0,745.0,759.0,8596,-0.05,6461656.0
AHL,2025-03-06,760.0,770.0,752.0,764.0,8598,0.66,6539330.6
AHL,2025-03-09,770.0,784.8,746.0,755.0,3256,-1.18,2455475.0
AHL,2025-03-10,742.0,768.6,735.0,744.0,8226,-1.46,6151020.3
AHL,2025-03-11,755.0,755.0,705.6,734.0,10469,-1.34,7587317.3
AHL,2025-03-12,745.0,745.0,716.0,723.0,4350,-1.5,3136560.5
AHL,2025-03-16,715.0,725.0,681.1,698.0,3455,-3.46,2429321.0
AHL,2025-03-17,690.4,710.0,690.4,705.0,3846,1.0,2701120.8
AHL,2025-03-18,692.0,719.0,692.0,707.1,6479,0.3,4576689.8
AHL,2025-03-19,719.0,719.0,706.1,711.0,5916,0.55,4201307.2
AHL,2025-03-20,708.0,757.0,707.1,750.83,14801,5.6,10971028.0
AHL,2025-03-23,765.8,765.8,719.4,725.7,7323,-3.35,5357753.4
AHL,2025-03-24,715.0,748.0,713.0,745.47,6888,2.72,5083132.1
AHL,2025-03-25,734.0,734.0,710.0,719.98,4507,-3.42,3250494.6
AHL,2025-03-26,734.0,734.0,706.2,723.84,3571,0.54,2585781.4
AHL,2025-03-27,715.0,753.0,712.3,730.82,3842,0.96,2804255.8
AHL,2025-03-30,745.0,746.0,730.1,738.1,4301,1.0,3179954.7
AHL,2025-04-01,740.0,751.7,720.0,745.38,10230,0.99,7568731.6
AHL,2025-04-02,750.0,750.0,730.7,744.59,2654,-0.11,1968660.0
AHL,2025-04-03,732.0,746.6,729.8,732.79,6713,-1.58,4928670.5
AHL,2025-04-07,720.0,730.0,717.0,720.54,1910,-1.67,1375569.5
AHL,2025-04-08,710.0,749.0,710.0,729.12,2081,1.19,1507180.0
AHL,2025-04-09,734.0,740.0,727.0,733.51,1273,0.6,930753.5
AHL,2025-04-10,719.8,747.5,719.8,722.07,1883,-1.56,1361762.0
AHL,2025-04-13,715.0,725.0,711.1,716.35,1976,-0.79,1414997.3
AHL,2025-04-15,717.0,730.0,715.0,721.62,3200,0.74,2315726.5
AHL,2025-04-16,719.1,721.6,715.0,717.36,1901,-0.59,1364558.3
AHL,2025-04-17,714.3,730.0,714.3,720.68,4387,0.46,3178358.5
AHL,2025-04-20,720.0,738.0,715.0,734.25,4587,1.88,3324027.7
AHL,2025-04-21,735.0,748.0,730.0,736.69,22984,0.33,17037883.2
AHL,2025-04-22,725.0,750.0,725.0,738.9,1590,0.3,1176688.0
AHL,2025-04-23,730.0,732.2,717.5,724.39,2200,-1.96,1595228.5
AHL,2025-04-24,735.0,737.0,713.0,732.27,3308,1.09,2413196.0
AHL,2025-04-27,725.0,726.0,708.0,709.2,4871,-3.15,3477540.2
AHL,2025-04-28,700.0,718.0,700.0,703.81,1642,-0.76,1161475.0
AHL,2025-04-29,706.0,715.5,677.0,699.74,10155,-0.58,6996354.2
AHL,2025-04-30,700.0,710.9,686.0,693.77,4967,-0.85,3460533.1
AHL,2025-05-04,707.0,721.0,685.0,691.0,1243,-0.4,865558.5
AHL,2025-05-05,702.0,702.0,665.0,686.72,6228,-0.62,4199572.1
AHL,2025-05-06,700.0,700.0,675.0,694.9,4395,1.19,3016410.0
AHL,2025-05-07,699.9,700.0,670.8,694.2,6213,-0.1,4268626.7
AHL,2025-05-08,706.9,706.9,680.2,681.68,3613,-1.8,2473178.8
AHL,2025-05-11,695.0,708.0,675.0,691.34,3226,1.42,2215469.3
AHL,2025-05-13,700.0,700.0,651.7,690.38,8762,-0.14,5861547.6
AHL,2025-05-14,700.0,700.0,668.0,686.0,1970,-0.63,1336804.0
AHL,2025-05-15,699.0,699.0,659.0,675.03,3865,-1.6,2574993.8
AHL,2025-05-18,688.0,688.0,648.0,663.63,1973,-1.69,1295867.5
AHL,2025-05-19,664.0,675.0,640.4,661.64,2804,-0.3,1822114.7
AHL,2025-05-20,665.0,685.0,650.0,681.94,3012,3.07,2017839.0
AHL,2025-05-21,695.5,721.0,668.0,688.6,4540,0.98,3125599.1
AHL,2025-05-22,699.0,699.0,656.3,657.21,2909,-4.56,1933596.3
AHL,2025-05-25,670.0,670.0,644.1,665.0,2796,1.19,1846026.3
AHL,2025-05-26,670.0,690.0,651.7,670.51,6802,0.83,4531087.4
AHL,2025-05-27,657.2,669.9,646.9,664.11,2357,-0.95,1540853.2
AHL,2025-05-28,677.0,690.0,645.0,652.42,11680,-1.76,7856571.9
AHL,2025-06-02,645.0,680.0,639.0,645.97,4265,-0.99,2786537.5
AHL,2025-06-03,658.0,658.0,623.0,632.65,6917,-2.06,4358797.7
AHL,2025-06-04,644.9,644.9,615.0,615.42,6351,-2.72,3956056.4
AHL,2025-06-05,626.9,664.0,615.0,660.4,4755,7.31,2988802.5
AHL,2025-06-08,648.0,648.0,623.3,646.85,4630,-2.05,2921991.6
AHL,2025-06-09,637.0,657.6,622.0,649.04,10226,0.34,6571092.0
AHL,2025-06-10,636.4,650.0,636.0,636.25,4391,-1.97,2808322.0
AHL,2025-06-11,648.9,648.9,632.0,641.94,1311,0.89,838493.9
AHL,2025-06-12,654.0,654.0,618.6,622.66,16398,-3.0,10284572.3
AHL,2025-06-15,613.0,637.5,613.0,621.74,2102,-0.15,1306747.0
AHL,2025-06-16,612.0,630.0,612.0,620.68,4317,-0.17,2691117.6
AHL,2025-06-17,615.2,620.0,606.0,607.79,5616,-2.08,3426291.0
AHL,2025-06-18,610.5,612.0,590.0,599.35,6273,-1.39,3763012.7
AHL,2025-06-19,594.0,612.0,594.0,605.29,6729,0.99,4063695.9
AHL,2025-06-22,593.2,610.0,593.2,597.03,8489,-1.36,5072676.5
AHL,2025-06-23,586.0,595.0,586.0,589.41,1550,-1.28,914244.0
AHL,2025-06-24,581.0,635.0,581.0,605.0,2434,2.65,1453914.9
AHL,2025-06-25,600.0,624.9,595.0,602.78,770,-0.37,469005.0
AHL,2025-06-26,600.0,610.0,593.0,600.0,5651,-0.46,3371952.2
AHL,2025-06-29,591.5,634.0,588.5,613.27,8027,2.21,4906128.0
AHL,2025-06-30,613.0,613.0,600.0,609.83,4697,-0.56,2845500.0
AHL,2025-07-01,599.0,632.0,599.0,624.81,4040,2.46,2498319.5
AHL,2025-07-02,624.0,637.3,612.6,629.0,9594,0.67,5951604.9
AHL,2025-07-03,620.0,630.0,607.6,626.09,4310,-0.46,2663363.0
AHL,2025-07-06,635.0,660.6,600.0,618.44,1230,-1.22,768456.0
AHL,2025-07-07,607.0,621.0,601.0,604.66,3954,-2.23,2420661.6
AHL,2025-07-08,600.1,613.0,600.1,608.95,660,0.71,401983.0
AHL,2025-07-09,604.1,634.6,604.1,628.37,2575,3.19,1596716.3
AHL,2025-07-10,640.9,643.0,579.5,639.42,12505,1.76,7961223.4
AHL,2025-07-13,652.2,652.2,593.0,615.09,9532,-3.81,5908869.9
AHL,2025-07-14,627.3,652.5,588.0,595.4,32862,-3.2,19620279.1
AHL,2025-07-15,607.3,619.4,595.0,608.93,7875,2.27,4758364.0
AHL,2025-07-16,597.0,621.0,597.0,619.18,3388,1.68,2079543.0
AHL,2025-07-17,608.0,653.8,608.0,640.65,19633,3.47,12483541.6
AHL,2025-07-20,641.0,668.0,620.0,656.05,26429,2.4,17177085.0
AHL,2025-07-21,669.1,669.1,639.0,643.56,10975,-1.9,7113835.3
AHL,2025-07-22,656.0,668.0,630.7,649.68,20070,0.95,13014352.1
AHL,2025-07-23,649.0,663.0,640.0,661.46,9942,1.81,6468694.7
AHL,2025-07-24,667.0,700.0,651.0,685.61,18161,3.65,12226561.8
AHL,2025-07-27,672.0,699.8,657.7,661.35,20137,-3.54,13559934.9
AHL,2025-07-28,648.4,672.9,645.0,667.32,27914,0.9,18229067.9
AHL,2025-07-29,655.0,681.9,655.0,676.34,19328,1.35,13022035.4
AHL,2025-07-30,665.0,682.0,665.0,673.35,18067,-0.44,12222490.1
AHL,2025-07-31,665.0,674.0,655.0,670.61,12779,-0.41,8471597.0
AHL,2025-08-03,658.0,668.0,645.0,650.53,11298,-2.99,7376732.6
AHL,2025-08-04,645.0,655.9,624.0,643.33,7228,-1.11,4635698.5
AHL,2025-08-05,645.0,669.0,631.0,637.11,5562,-0.97,3570751.9
AHL,2025-08-06,649.0,660.0,635.0,648.24,14892,1.75,9666035.1
AHL,2025-08-07,640.0,657.7,640.0,649.29,5054,0.16,3276594.0
AHL,2025-08-11,640.0,657.5,633.0,635.19,9409,-2.17,6054632.0
AHL,2025-08-12,623.0,645.0,623.0,636.17,6082,0.15,3847302.2
AHL,2025-08-13,623.5,648.6,623.5,633.95,9308,-0.35,5918748.6
AHL,2025-08-14,622.0,670.0,622.0,638.11,4396,0.66,2795263.5
AHL,2025-08-17,626.0,651.0,622.3,627.73,8551,-1.63,5392554.7
AHL,2025-08-18,625.0,642.0,620.0,637.81,5057,1.61,3201686.1
AHL,2025-08-19,626.0,655.0,626.0,650.68,12860,2.02,8310979.2
AHL,2025-08-20,638.0,660.0,638.0,656.22,3652,0.85,2390064.4
AHL,2025-08-21,645.0,652.8,640.0,640.79,2201,-2.35,1414198.0
AHL,2025-08-24,630.1,646.7,624.0,633.61,3905,-1.12,2467725.4
AHL,2025-08-25,624.0,637.2,621.1,632.79,4769,-0.13,3003336.3
AHL,2025-08-26,624.0,656.0,620.2,628.6,1500,-0.66,949489.0
AHL,2025-08-27,630.0,642.6,630.0,639.26,5548,1.7,3545720.4
AHL,2025-08-28,626.5,677.0,626.5,655.52,9444,2.54,6073765.0
AHL,2025-08-31,643.0,655.8,630.2,633.74,2411,-3.32,1532617.2
AHL,2025-09-01,634.0,658.0,626.1,637.56,8335,0.6,5290143.8
AHL,2025-09-02,624.9,637.0,612.6,636.84,2117,-0.11,1329404.9
AHL,2025-09-03,624.2,648.9,615.0,629.79,4873,-1.11,3063507.0
AHL,2025-09-04,618.0,627.0,612.0,622.89,7829,-1.1,4849386.1
AHL,2025-09-07,610.5,635.0,601.0,613.31,3092,-1.54,1888281.6
AHL,2025-09-08,601.1,613.0,577.4,605.05,9453,-1.35,5696419.5
AHL,2025-09-18,617.0,629.0,616.5,616.5,90,1.89,55615.0
AHL,2025-09-21,605.0,628.0,586.0,615.08,10903,-0.23,6607382.0
AHL,2025-09-23,606.0,676.5,606.0,676.5,9255,9.99,5774382.3
AHL,2025-09-24,664.0,664.0,627.0,650.0,9759,-3.92,6285435.3
AHL,2025-09-25,637.0,699.0,627.1,657.9,10914,1.22,7120063.8
AHL,2025-09-28,646.0,670.0,633.0,662.0,8798,0.62,5676552.1
AHL,2025-10-07,648.8,648.8,617.0,632.8,7932,-4.41,4939207.8
AHL,2025-10-08,621.0,641.0,600.0,632.0,11085,-0.13,6777585.5
AHL,2025-10-09,620.0,669.0,607.6,667.0,5383,5.54,3379129.2
AHL,2025-10-12,654.0,654.0,605.0,622.0,5356,-6.75,3315190.6
AHL,2025-10-13,610.0,670.0,599.0,670.0,9202,7.72,5721090.4
AHL,2025-10-14,657.0,657.0,609.0,628.6,5532,-6.18,3429852.0
AHL,2025-10-15,617.0,641.0,606.0,615.0,4487,-2.16,2747125.5
AHL,2025-10-16,603.0,635.0,591.0,615.0,6431,0.0,3879909.6
AHL,2025-10-19,603.0,663.0,590.0,663.0,5705,7.8,3473244.5
AHL,2025-10-26,650.0,650.0,610.0,628.8,4984,-5.16,3064576.8
AHL,2025-10-28,617.0,650.0,604.0,620.0,13622,-1.4,8510331.3
AHL,2025-10-29,608.0,644.0,608.0,627.0,5414,1.13,3410493.3
AHL,2025-10-30,615.0,650.0,603.0,628.0,5197,0.16,3223102.8
AHL,2025-11-02,616.0,630.0,604.0,623.0,6494,-0.8,4025472.2
AHL,2025-11-03,611.0,623.2,599.0,605.0,10071,-2.89,6095282.6
AHL,2025-11-04,593.0,637.0,593.0,616.0,4339,1.82,2632444.5
AHL,2025-11-05,604.0,628.0,592.6,601.0,5199,-2.44,3145642.5
AHL,2025-11-06,610.0,612.0,598.0,610.8,4452,1.63,2690910.4
AHL,2025-11-09,619.0,619.0,590.1,606.9,6854,-0.64,4101846.3
AHL,2025-11-10,616.0,628.3,590.0,628.3,14454,3.53,8884760.2
AHL,2025-11-11,616.0,616.0,604.0,613.7,2720,-2.32,1662708.4
AHL,2025-11-12,602.0,612.5,595.0,608.5,2622,-0.85,1578541.5
AHL,2025-11-13,597.0,612.0,586.1,609.0,13989,0.08,8422621.7
AHL,2025-11-16,597.0,620.0,586.0,608.3,2616,-0.11,1568930.1
AHL,2025-11-17,596.3,608.2,586.0,600.0,4867,-1.36,2922380.1
AHL,2025-11-18,588.0,646.0,588.0,607.5,9378,1.25,5617862.7
AHL,2025-11-19,619.0,619.0,593.5,603.0,3264,-0.74,1947103.5
AHL,2025-11-20,609.9,614.0,595.0,603.0,5483,0.0,3297888.3
AHL,2025-11-23,600.0,610.0,596.7,604.9,6590,0.32,3963004.4
AHL,2025-11-24,593.0,628.0,582.0,614.7,6098,1.62,3722237.3
AHL,2025-11-25,626.0,626.0,600.5,609.0,5587,-0.93,3383986.0
AHL,2025-11-26,602.2,610.0,602.0,609.0,4449,0.0,2700056.7
AHL,2025-11-27,600.1,612.0,600.0,607.0,4824,-0.33,2904043.8
AHL,2025-11-30,607.0,607.0,599.0,603.5,4984,-0.58,2997710.7
AHL,2025-12-01,592.0,602.0,591.5,600.0,1702,-0.58,1014204.1
AHL,2025-12-02,595.0,602.0,595.0,600.0,1333,0.0,796472.0
AHL,2025-12-03,595.0,602.9,590.2,600.0,4373,0.0,2598108.4
AHL,2025-12-07,612.0,630.3,600.0,616.0,44489,2.67,27533024.4
AHL,2025-12-08,628.3,652.0,612.09,633.1,27721,2.78,17525367.2
AHL,2025-12-09,620.7,645.0,620.7,625.0,6572,-1.28,4128629.8
AHL,2025-12-10,624.9,625.0,590.1,615.9,13762,-1.46,8392014.9
AHL,2025-12-11,622.9,622.9,599.0,610.0,11086,-0.96,6684069.8
AHL,2025-12-14,610.0,610.0,590.0,594.9,13148,-2.48,7814947.7
AHL,2025-12-15,583.1,596.0,583.1,590.0,7165,-0.82,4215414.2
AHL,2025-12-16,595.0,595.0,580.0,587.0,14683,-0.51,8583658.5
AHL,2025-12-17,577.1,598.0,577.1,580.2,7844,-1.16,4574938.7
AHL,2025-12-18,583.0,583.0,571.3,572.0,9929,-1.41,5711323.7
AHL,2025-12-21,565.0,570.0,556.0,557.0,9937,-2.62,5605827.0
AHL,2025-12-22,555.0,557.0,545.1,550.2,12467,-1.22,6851817.9
AHL,2025-12-23,544.2,550.0,544.2,550.0,2216,-0.04,1214098.0
AHL,2025-12-24,550.0,560.0,550.0,560.0,3941,1.82,2188264.0
AHL,2025-12-28,571.2,576.0,556.2,562.0,3506,0.36,1968766.2
AHL,2025-12-29,573.2,573.2,547.0,547.0,6671,-2.67,3700137.8
AHL,2025-12-31,552.0,558.0,548.0,550.0,4440,0.55,2451783.1
AHL,2026-01-01,548.0,550.0,535.0,543.0,10546,-1.27,5697829.8
AHL,2026-01-04,553.8,553.8,533.0,533.3,5955,-1.79,3190561.8
AHL,2026-01-05,540.0,561.0,532.0,560.0,14572,5.01,8013960.1
AHL,2026-01-06,570.8,572.9,555.0,565.0,10691,0.89,6044731.7
AHL,2026-01-07,565.0,572.0,555.0,563.9,6549,-0.19,3678749.1
AHL,2026-01-08,569.3,569.3,550.0,551.0,7287,-2.29,4049782.0
AHL,2026-01-12,551.0,556.0,545.5,546.3,2193,-0.85,1202423.9
AHL,2026-01-13,555.0,555.9,538.0,540.3,7605,-1.1,4126007.2
AHL,2026-01-14,539.1,549.5,539.1,542.0,5395,0.31,2932338.9
AHL,2026-01-18,543.0,554.0,543.0,550.0,5302,1.48,2911402.4
AHL,2026-01-20,555.0,569.9,552.3,553.0,9680,0.55,5397461.6
AHL,2026-01-21,555.0,562.5,546.2,546.2,5407,-1.23,2995885.5
AHL,2026-01-22,536.0,561.0,536.0,552.0,6755,1.06,3743808.2
AHL,2026-01-25,552.0,570.0,541.0,565.9,18538,2.52,10428545.4
AHL,2026-01-26,556.0,565.0,555.0,563.0,11459,-0.51,6445367.3
AHL,2026-01-27,563.2,574.0,560.0,561.0,12492,-0.36,7099460.3
AHL,2026-01-28,552.1,601.0,551.5,597.9,22893,6.58,13237403.9
AHL,2026-01-29,599.0,608.9,576.0,579.0,15247,-3.16,9028024.8
AHL,2026-02-01,569.0,579.0,550.0,572.8,4169,-1.07,2372145.0
AHL,2026-02-02,562.1,569.0,546.9,562.9,11953,-1.73,6655411.0
AHL,2026-02-03,563.0,566.0,552.0,552.0,5921,-1.94,3287368.0
AHL,2026-02-04,563.0,585.6,550.0,564.9,5931,2.34,3330905.1
AHL,2026-02-05,563.0,578.0,563.0,576.0,14549,1.96,8346404.4
AHL,2026-02-08,587.5,595.0,585.0,585.5,24768,1.65,14569449.0
AHL,2026-02-09,586.0,586.0,565.0,578.0,9993,-1.28,5778458.0
AHL,2026-02-10,574.0,584.0,566.5,572.0,5539,-1.04,3175845.0
AHL,2026-02-11,572.0,583.0,561.0,569.0,3613,-0.52,2039297.2
AHL,2026-02-12,567.0,568.0,555.7,564.5,9393,-0.79,5264389.5
AHL,2026-02-16,553.5,562.0,551.0,558.0,6848,-1.15,3797702.8
AHL,2026-02-17,555.0,559.9,540.0,540.5,5522,-3.14,3007042.2
AHL,2026-02-22,544.7,544.7,499.5,510.0,14218,-5.64,7295671.7
AHL,2026-02-23,510.0,520.0,505.0,509.9,4952,-0.02,2523812.7
AHL,2026-02-24,520.0,520.0,505.0,508.0,3775,-0.37,1915982.2
AHL,2026-02-25,500.0,510.0,482.0,500.0,10920,-1.57,5423621.4
AHL,2026-02-26,492.0,500.0,462.6,493.0,14115,-1.4,6898184.8
AHL,2026-03-01,484.0,499.9,483.2,499.8,6358,1.38,3139394.5
AHL,2026-03-03,509.0,509.0,495.0,504.9,4763,1.02,2392576.5
AHL,2026-03-09,514.9,525.1,514.9,525.1,20,4.0,10400.0
AHL,2026-03-10,535.6,550.0,530.0,540.0,26899,2.84,14545899.5
AHL,2026-03-11,540.0,545.0,532.0,541.0,7662,0.19,4144688.6
AHL,2026-03-12,540.0,547.9,540.0,543.0,5600,0.37,3032481.0
AHL,2026-03-15,549.9,549.9,531.0,536.0,6336,-1.29,3393867.5
AHL,2026-03-16,536.0,540.5,532.0,537.0,22393,0.19,11992934.5
AHL,2026-03-17,545.0,545.0,526.5,529.0,7287,-1.49,3865699.3
AHL,2026-03-19,525.0,535.3,523.4,535.0,15642,1.13,8343622.1
AHL,2026-03-22,535.0,539.0,524.3,529.0,21982,-1.12,11602944.5
AHL,2026-03-23,530.0,530.0,520.0,521.1,13909,-1.49,7263649.7
AHL,2026-03-24,520.0,524.0,510.0,518.0,21654,-0.59,11220522.0
AHL,2026-03-25,516.0,525.0,515.1,522.0,9530,0.77,4960636.6
AHL,2026-03-26,522.0,525.9,512.0,521.0,12223,-0.19,6352704.0
AHL,2026-03-29,521.0,525.0,511.0,511.0,9552,-1.92,4927952.8
AHL,2026-03-30,505.0,512.0,503.1,503.1,6766,-1.55,3429900.0
AHL,2026-03-31,501.2,505.0,495.0,504.0,6254,0.18,3122050.0
AHL,2026-04-01,505.0,505.0,490.0,493.0,10336,-2.18,5108861.0
AHL,2026-04-02,484.0,499.8,484.0,486.1,5648,-1.4,2766998.3
AHL,2026-04-05,486.2,495.8,466.0,466.3,9634,-4.07,4562166.3
AHL,2026-04-06,461.1,488.0,461.1,485.0,4487,4.01,2160586.5
AHL,2026-04-07,490.1,495.0,481.0,485.0,4816,0.0,2348242.0
AHL,2026-04-08,486.0,522.0,485.1,522.0,12280,7.63,6137185.9
AHL,2026-04-09,515.0,530.0,503.0,526.0,23012,0.77,11942668.4
AHL,2026-04-10,526.0,536.0,514.0,536.0,17797,1.9,9272921.7
AHL,2026-04-13,525.3,568.0,515.1,550.2,14939,2.65,7998197.7
AHL,2026-04-15,539.2,593.0,528.5,560.0,45497,1.78,25033135.0
AHL,2026-04-16,548.8,581.4,523.0,581.4,41954,3.82,22644323.6
AHL,2026-04-17,569.8,569.8,523.3,555.0,40343,-4.54,21587330.9
AHL,2026-04-20,550.0,550.0,525.5,530.0,5397,-4.5,2866215.5
AHL,2026-04-21,503.5,589.0,503.5,585.0,24581,10.38,13099136.2
AHL,2026-04-22,555.8,555.8,523.8,536.0,34906,-8.38,18637295.3
AHL,2026-04-23,536.0,548.0,520.0,522.0,9783,-2.61,5138033.0
AHL,2026-04-24,515.0,556.0,500.1,528.5,10640,1.25,5508498.4
AHL,2026-04-27,515.0,575.0,510.0,526.0,8990,-0.47,4661163.3
AHL,2026-04-28,515.0,530.0,505.0,505.0,19693,-3.99,10109212.6
AHL,2026-04-29,500.0,530.0,490.0,495.0,19027,-1.98,9512437.0
AHL,2026-04-30,490.0,534.0,480.1,534.0,14073,7.88,7023667.7
AHL,2026-05-04,535.0,535.0,500.0,512.0,7813,-4.12,3969476.6
AHL,2026-05-05,495.0,555.0,492.0,515.0,25170,0.59,12720743.6
AHL,2026-05-06,500.1,512.9,499.6,510.0,4799,-0.97,2410506.6
AHL,2026-05-07,505.0,515.0,495.0,510.0,11662,0.0,5910499.9
AHL,2026-05-08,490.0,524.0,490.0,524.0,13584,2.75,6993904.5
AHL,2026-05-11,535.0,535.0,510.0,513.0,15766,-2.1,8139286.6
AHL,2026-05-12,513.0,525.0,500.0,508.0,13604,-0.97,6869660.6
AHL,2026-05-13,508.0,566.0,495.0,566.0,20350,11.42,10355201.4
AHL,2026-05-14,537.7,537.7,503.0,510.0,14691,-9.89,7477885.9
AHL,2026-05-15,500.0,530.4,500.0,508.6,7287,-0.27,3691756.8
AHL,2026-05-18,500.0,512.0,499.0,509.9,10257,0.26,5147318.4
AHL,2026-05-19,500.0,511.9,492.0,507.0,22645,-0.57,11357860.0
AHL,2026-05-20,495.0,525.0,495.0,503.0,8165,-0.79,4107170.0
AHL,2026-05-21,496.0,520.0,496.0,505.4,9481,0.48,4750531.7
AHL,2026-05-22,495.0,524.0,492.0,515.0,8464,1.9,4294215.0
AHL,2026-05-25,505.0,518.5,504.0,508.9,19181,-1.18,9698902.3
AHL,2026-05-26,505.0,508.0,504.3,505.0,3165,-0.77,1599649.4
AHL,2026-05-27,530.2,530.2,500.1,507.7,4640,0.53,2335663.8
AHL,2026-06-01,508.0,508.0,495.0,500.0,7729,-1.52,3861740.0
AHL,2026-06-02,489.1,504.5,489.1,496.4,3420,-0.72,1698569.0
AHL,2026-06-03,496.4,499.8,493.0,498.0,5028,0.32,2502879.3
AHL,2026-06-04,473.1,504.0,473.1,493.1,7926,-0.98,3905139.3
AHL,2026-06-05,485.4,497.0,485.4,496.5,3440,0.69,1701817.6
AHL,2026-06-08,495.0,497.0,487.0,490.3,12120,-1.25,5948942.8
AHL,2026-06-09,486.1,492.0,476.0,489.0,3366,-0.27,1629430.9
AHL,2026-06-10,489.9,494.0,487.0,487.0,2598,-0.41,1268766.8
AHL,2026-06-11,477.2,488.0,477.2,487.0,4017,0.0,1951652.1
AHL,2026-06-12,481.8,486.5,481.1,484.4,4230,-0.53,2043737.7
AHL,2026-06-15,508.5,508.5,476.0,483.0,4895,-0.29,2353351.0
AHL,2026-06-16,479.0,486.0,479.0,479.0,2828,-0.83,1360267.0
AHL,2026-06-17,479.0,482.0,475.0,478.9,14931,-0.02,7138324.0
AHL,2026-06-18,474.0,479.0,470.1,477.0,5986,-0.4,2834572.9
AHL,2026-06-19,454.0,477.6,454.0,470.0,3325,-1.47,1567242.7
AHL,2026-06-22,484.0,484.0,470.1,475.0,24030,1.06,11401253.8
AHL,2026-06-23,451.3,483.9,451.3,474.9,3081,-0.02,1453868.0
AHL,2026-06-24,460.0,502.0,460.0,470.0,2505,-1.03,1167400.0
AHL,2026-06-25,450.0,535.0,450.0,470.0,23580,0.0,10987000.1
AHL,2026-06-26,493.0,493.0,455.0,468.6,9472,-0.3,4355596.1
AHL,2026-06-29,480.9,480.9,437.1,448.0,6301,-4.4,2828109.1
AHL,2026-06-30,470.0,470.0,435.0,448.8,4653,0.18,2043522.0
AHL,2026-07-01,471.0,471.0,440.0,449.0,6939,0.04,3085000.8
AHL,2026-07-02,450.9,452.0,435.6,447.3,5792,-0.38,2540159.3
AHL,2026-07-03,435.5,453.7,435.5,437.0,2107,-2.3,929158.4
AHL,2026-07-06,450.0,470.0,428.2,435.0,5780,-0.46,2539743.5
AHL,2026-07-07,433.0,444.9,422.0,425.6,8109,-2.16,3485781.4
AHL,2026-07-08,437.9,451.0,415.0,415.1,7024,-2.47,2944572.4
AHL,2026-07-09,415.1,427.0,409.0,421.0,4736,1.42,1959108.4
AHL,2026-07-10,420.0,421.0,415.0,421.0,2658,0.0,1110346.0
AHL,2026-07-13,430.0,430.0,405.9,411.0,2368,-2.38,979226.5
AHL,2026-07-14,407.2,416.0,405.0,410.1,2490,-0.22,1019395.1
AHL,2026-07-15,413.0,423.0,410.8,415.2,1950,1.24,816757.0
AHL,2026-07-16,414.0,418.0,414.0,414.0,1528,-0.29,633964.0
AHL,2026-07-17,425.0,430.0,412.1,430.0,4378,3.86,1858632.0
AHL,2026-07-20,428.0,442.0,428.0,439.9,4046,2.3,1759318.1
AHL,2026-07-21,436.0,444.0,427.1,435.0,7840,-1.11,3436777.4
AHL,2026-07-22,445.0,445.0,430.8,430.8,1222,-0.97,529671.0
AHL,2026-07-23,425.5,433.8,425.5,432.0,1873,0.28,806361.7
AHL,2026-07-24,434.0,439.7,428.0,428.0,3436,-0.93,1475541.4
AHL,2026-07-27,416.3,430.0,416.3,420.0,3400,-1.87,1432051.6
AHL,2026-07-28,415.0,420.0,415.0,420.0,3748,0.0,1562530.4
AHL,2026-07-29,410.4,430.0,410.4,417.0,2839,-0.71,1190906.0
AHL,2026-07-30,417.0,420.0,416.5,420.0,1836,0.72,767036.7
AHL,2026-07-31,411.0,423.0,411.0,420.0,1619,0.0,673117.6
AHL,2026-08-03,411.0,425.0,411.0,415.7,1270,-1.02,529016.3
AHL,2026-08-04,413.0,419.9,410.0,411.0,1596,-1.13,660545.4
AHL,2026-08-05,409.0,420.0,409.0,415.0,2866,0.97,1197206.0
AHL,2026-08-06,410.4,420.0,410.4,413.1,248,-0.46,102799.5
AHL,2026-08-07,413.0,417.5,413.0,414.0,2712,0.22,1125309.5
AHL,2026-08-10,415.0,419.0,410.0,410.0,1857,-0.97,770549.7
AHL,2026-08-11,410.0,417.0,410.0,417.0,544,1.71,223532.0
AHL,2026-08-12,410.0,419.5,408.0,416.5,1032,-0.12,425519.0
AHL,2026-08-13,415.0,415.1,407.0,413.0,1853,-0.84,764115.0
AHL,2026-08-14,412.0,432.0,410.1,420.5,5152,1.82,2168556.5
AHL,2026-08-17,415.0,419.0,410.5,419.0,738,-0.36,304919.6
AHL,2026-08-18,415.0,415.0,403.1,408.0,2086,-2.63,853176.0
AHL,2026-08-19,387.6,405.1,387.6,400.0,2678,-1.96,1072827.7
AHL,2026-08-20,395.0,405.0,395.0,401.0,1091,0.25,439218.0
AHL,2026-08-21,395.0,404.0,395.0,396.0,1848,-1.25,741989.8
AHL,2026-08-24,395.0,397.9,387.0,397.9,3338,0.48,1301002.0
AHL,2026-08-25,397.0,398.0,387.4,398.0,2240,0.03,877081.4
AHL,2026-08-26,400.0,400.0,382.2,395.5,1670,-0.63,648968.8
AHL,2026-08-27,384.0,390.0,379.0,390.0,2010,-1.39,765206.8
CHCL,2021-08-31,685.4,685.4,650.0,655.0,83851,-2.53,55084086.2
CHCL,2021-09-01,668.0,668.0,648.0,650.0,55683,-0.76,36459799.6
CHCL,2021-09-02,650.0,655.0,625.0,626.0,110824,-3.69,70339049.1
CHCL,2021-09-05,615.0,624.0,591.0,600.0,96927,-4.15,58380342.1
CHCL,2021-09-06,600.0,645.0,597.0,640.0,86968,6.67,53745278.4
CHCL,2021-09-07,652.0,652.0,615.0,623.0,93188,-2.66,58056855.1
CHCL,2021-09-08,630.0,630.0,600.8,609.0,46000,-2.25,27986579.9
CHCL,2021-09-09,611.0,620.0,606.0,610.0,37572,0.16,23002603.7
CHCL,2021-09-12,622.0,646.6,613.0,636.0,67036,4.26,42322750.3
CHCL,2021-09-13,647.9,648.0,625.0,630.1,57962,-0.93,36983575.0
CHCL,2021-09-14,635.0,635.0,620.0,626.0,21742,-0.65,13614637.5
CHCL,2021-09-15,618.1,623.0,611.1,615.0,25780,-1.76,15849162.5
CHCL,2021-09-16,610.0,610.1,597.0,603.0,70869,-1.95,42537906.2
CHCL,2021-09-20,600.0,602.0,575.0,575.0,69077,-4.64,40313498.1
CHCL,2021-09-21,586.5,610.0,542.1,591.0,49291,2.78,28494756.6
CHCL,2021-09-22,591.0,614.0,591.0,603.0,33535,2.03,20190837.7
CHCL,2021-09-23,610.0,614.0,589.0,590.0,43050,-2.16,25711164.0
CHCL,2021-09-26,601.0,601.0,578.0,578.0,28667,-2.03,16721084.9
CHCL,2021-09-27,589.5,613.0,560.0,565.0,36760,-2.25,21091536.9
CHCL,2021-09-28,570.0,570.0,551.0,551.0,42330,-2.48,23514601.2
CHCL,2021-09-29,551.0,570.1,547.0,566.0,28548,2.72,15971458.8
CHCL,2021-09-30,577.3,577.3,554.0,558.0,21864,-1.41,12279493.1
CHCL,2021-10-03,549.0,564.0,544.0,545.0,37388,-2.33,20570293.9
CHCL,2021-10-04,545.0,554.0,535.0,540.2,19831,-0.88,10782217.9
CHCL,2021-10-05,548.0,549.0,538.1,547.0,28604,1.26,15542489.7
CHCL,2021-10-06,557.0,573.2,550.0,572.1,23452,4.59,13218965.3
CHCL,2021-10-10,582.0,629.0,570.0,604.0,57047,5.58,33704126.0
CHCL,2021-10-11,616.0,649.0,590.0,602.0,41907,-0.33,25278792.8
CHCL,2021-10-17,602.0,610.0,590.0,603.0,14255,0.17,8577364.4
CHCL,2021-10-18,591.0,604.0,585.0,596.0,18290,-1.16,10838735.1
CHCL,2021-10-19,587.0,587.0,552.0,552.0,67622,-7.38,37935016.9
CHCL,2021-10-20,563.0,575.0,563.0,570.0,25177,3.26,14329424.7
CHCL,2021-10-21,579.0,580.0,554.0,568.0,15741,-0.35,8922385.3
CHCL,2021-10-24,568.0,581.0,559.0,576.1,19108,1.43,10992143.4
CHCL,2021-10-25,587.6,600.0,577.0,595.0,23150,3.28,13683242.2
CHCL,2021-10-26,606.0,606.0,590.0,600.0,52823,0.84,31696393.7
CHCL,2021-10-27,610.0,610.0,592.0,598.0,33260,-0.33,19990590.3
CHCL,2021-10-28,609.9,609.9,588.0,596.0,49141,-0.33,29200251.9
CHCL,2021-10-31,600.0,617.0,595.0,614.0,84130,3.02,50815639.4
CHCL,2021-11-01,626.0,626.0,604.3,605.0,44933,-1.47,27342833.3
CHCL,2021-11-02,601.0,612.0,593.0,609.0,30386,0.66,18389188.4
CHCL,2021-11-03,609.1,622.0,607.0,620.0,66704,1.81,41052229.5
CHCL,2021-11-08,629.7,630.0,616.0,616.0,34840,-0.65,21645477.1
CHCL,2021-11-09,615.0,615.0,597.0,606.0,51551,-1.62,31094580.0
CHCL,2021-11-11,594.2,605.0,593.0,593.0,38988,-2.15,23244269.2
CHCL,2021-11-14,593.0,600.0,588.5,588.5,27590,-0.76,16303554.1
CHCL,2021-11-15,576.8,605.0,576.8,590.2,25389,0.29,15036540.0
CHCL,2021-11-16,587.0,618.0,585.0,614.0,36607,4.03,22018638.3
CHCL,2021-11-17,625.0,627.0,607.6,615.0,36144,0.16,22276751.9
CHCL,2021-11-18,604.0,612.0,592.0,596.0,30507,-3.09,18321682.8
CHCL,2021-11-21,600.0,607.0,592.0,593.0,13536,-0.5,8071373.7
CHCL,2021-11-22,598.0,600.0,591.2,592.0,21224,-0.17,12625345.1
CHCL,2021-11-23,585.0,595.0,581.0,582.2,21023,-1.66,12291455.2
CHCL,2021-11-24,582.0,588.7,575.0,580.1,22113,-0.36,12857570.4
CHCL,2021-11-25,590.0,600.0,580.0,583.0,20384,0.5,11878949.4
CHCL,2021-11-28,582.0,582.0,564.0,566.1,32895,-2.9,18760307.0
CHCL,2021-11-29,565.0,575.0,562.0,570.0,24233,0.69,13759742.3
CHCL,2021-11-30,572.0,575.0,562.3,570.0,21417,0.0,12137691.3
CHCL,2021-12-01,571.0,579.0,565.0,569.9,19605,-0.02,11171005.3
CHCL,2021-12-02,570.0,570.0,560.0,561.0,22315,-1.56,12546522.6
CHCL,2021-12-05,551.0,558.0,543.0,543.0,23873,-3.21,13098724.2
CHCL,2021-12-06,543.0,564.8,528.0,550.0,28795,1.29,15579088.9
CHCL,2021-12-07,555.0,561.0,540.0,540.0,24301,-1.82,13356904.7
CHCL,2021-12-08,536.0,540.0,524.0,524.0,25893,-2.96,13738001.8
CHCL,2021-12-09,516.0,535.0,515.0,526.0,17213,0.38,9047819.1
CHCL,2021-12-12,510.0,510.0,490.0,490.2,69161,-6.81,34615587.8
CHCL,2021-12-13,485.0,493.0,471.2,478.0,46744,-2.49,22578358.0
CHCL,2021-12-14,487.5,506.0,487.5,503.0,10347,5.23,5155988.0
CHCL,2021-12-15,513.0,530.0,490.0,500.0,32588,-0.6,16395123.2
CHCL,2021-12-16,510.0,510.0,488.0,488.1,11612,-2.38,5707295.4
CHCL,2021-12-20,495.0,495.0,478.7,482.0,19893,-1.25,9620363.2
CHCL,2021-12-21,490.0,499.8,481.8,490.1,26096,1.68,12725252.9
CHCL,2021-12-22,490.1,507.0,490.1,501.0,24073,2.22,12041512.2
CHCL,2021-12-23,501.0,509.1,498.0,505.0,24692,0.8,12469888.2
CHCL,2021-12-26,506.0,516.0,502.1,515.9,19048,2.16,9738907.0
CHCL,2021-12-27,518.0,518.0,502.1,503.0,25259,-2.5,12875717.7
CHCL,2021-12-28,500.0,502.0,496.1,500.0,16851,-0.6,8410025.1
CHCL,2021-12-29,509.0,510.0,498.0,502.9,44157,0.58,22129890.5
CHCL,2022-01-02,470.0,477.0,462.0,477.0,20494,1.96,9719535.3
CHCL,2022-01-03,471.0,483.5,471.0,481.0,15874,0.84,7591482.6
CHCL,2022-01-04,475.1,518.0,465.5,505.0,38710,4.99,18782043.2
CHCL,2022-01-05,505.0,519.0,490.0,490.0,40763,-2.97,20408971.5
CHCL,2022-01-06,490.0,508.9,490.0,498.0,40138,1.63,19981660.9
CHCL,2022-01-09,507.9,517.0,499.0,512.0,58107,2.81,29503827.5
CHCL,2022-01-10,513.0,523.0,500.0,520.0,78189,1.56,40216992.0
CHCL,2022-01-11,520.5,545.0,520.0,536.1,70880,3.1,37645329.7
CHCL,2022-01-12,540.0,545.0,519.4,520.0,56325,-3.0,30091219.9
CHCL,2022-01-13,514.0,536.0,514.0,535.0,43627,2.88,22921230.8
CHCL,2022-01-16,540.0,560.0,540.0,554.0,72889,3.55,40306768.3
CHCL,2022-01-17,564.0,564.0,545.0,558.0,59871,0.72,33072125.8
CHCL,2022-01-18,566.9,566.9,541.0,545.0,38436,-2.33,21120776.0
CHCL,2022-01-19,555.9,555.9,533.0,536.0,43481,-1.65,23493096.0
CHCL,2022-01-20,536.0,547.0,527.0,542.0,33977,1.12,18298642.8
CHCL,2022-01-23,546.0,546.0,536.0,539.0,25562,-0.55,13842097.5
CHCL,2022-01-24,529.0,532.0,515.0,518.0,54331,-3.9,28319166.9
CHCL,2022-01-25,518.0,530.0,509.0,516.0,31913,-0.39,16599514.2
CHCL,2022-01-26,516.0,518.2,506.0,510.1,22166,-1.14,11349276.0
CHCL,2022-01-27,514.0,515.0,507.0,509.0,24787,-0.22,12657648.8
CHCL,2022-01-30,519.0,538.0,519.0,532.0,35432,4.52,18723107.2
CHCL,2022-01-31,540.0,540.0,519.0,520.0,30420,-2.26,15926951.7
CHCL,2022-02-01,515.0,537.5,512.0,534.0,43049,2.69,22618977.5
CHCL,2022-02-03,539.5,546.9,527.0,527.0,37925,-1.31,20384015.3
CHCL,2022-02-06,523.0,530.0,520.0,523.0,14154,-0.76,7429955.2
CHCL,2022-02-07,525.0,530.0,520.0,524.9,15774,0.36,8264068.4
CHCL,2022-02-08,535.3,554.0,520.0,520.0,38073,-0.93,20077743.6
CHCL,2022-02-09,520.0,524.0,511.0,518.0,14494,-0.38,7522828.5
CHCL,2022-02-10,520.0,520.1,513.1,515.0,15201,-0.58,7842285.0
CHCL,2022-02-13,509.6,510.0,499.0,500.0,27270,-2.91,13704495.6
CHCL,2022-02-14,490.1,519.9,490.1,499.5,17726,-0.1,8880170.3
CHCL,2022-02-15,502.0,509.0,498.0,508.0,24633,1.7,12392360.6
CHCL,2022-02-16,508.1,513.0,503.0,507.0,16461,-0.2,8361605.0
CHCL,2022-02-17,507.0,512.0,506.1,508.3,14120,0.26,7190098.2
CHCL,2022-02-20,498.5,509.0,489.0,499.9,33658,-1.65,16822037.1
CHCL,2022-02-21,509.0,520.0,500.0,515.0,22051,3.02,11148866.1
CHCL,2022-02-22,516.0,523.0,508.0,510.0,31378,-0.97,16132813.0
CHCL,2022-02-23,500.3,518.0,500.2,510.0,30070,0.0,15295874.9
CHCL,2022-02-24,505.0,509.0,495.0,498.0,35946,-2.35,17933590.0
CHCL,2022-02-27,490.0,518.0,490.0,509.9,36488,2.39,18603340.1
CHCL,2022-02-28,520.0,529.0,492.0,505.0,50730,-0.96,25738722.4
CHCL,2022-03-02,495.0,500.0,487.0,490.0,23831,-2.97,11762614.0
CHCL,2022-03-06,480.2,499.0,480.2,487.0,15994,-0.61,7807944.0
CHCL,2022-03-07,483.0,490.3,481.0,483.9,13399,-0.64,6475134.7
CHCL,2022-03-09,485.0,490.8,473.0,476.0,28676,-1.63,13690763.2
CHCL,2022-03-10,476.0,494.0,471.2,488.5,19319,2.63,9347700.3
CHCL,2022-03-13,498.2,502.0,490.0,497.8,29450,1.9,14611909.3
CHCL,2022-03-14,499.0,506.0,489.0,498.0,5263,0.04,2590851.3
CHCL,2022-03-15,495.0,500.0,490.0,490.2,27517,-1.57,13525468.3
CHCL,2022-03-16,498.9,498.9,485.1,489.9,20459,-0.06,10004512.7
CHCL,2022-03-20,489.9,495.0,488.2,492.0,10252,0.43,5031855.7
CHCL,2022-03-21,492.0,498.0,486.1,497.9,21754,1.2,10687186.6
CHCL,2022-03-22,500.0,503.9,496.0,498.8,22571,0.18,11257941.0
CHCL,2022-03-23,495.0,500.0,485.0,487.0,25458,-2.37,12487959.7
CHCL,2022-03-24,495.0,495.0,479.0,480.0,35090,-1.44,16985484.3
CHCL,2022-03-27,489.6,489.6,476.3,477.0,27634,-0.63,13248528.2
CHCL,2022-03-28,478.0,490.0,471.7,473.1,33452,-0.82,15977110.2
CHCL,2022-03-29,471.5,480.0,468.0,472.0,38827,-0.23,18342893.1
CHCL,2022-03-30,474.0,479.0,470.0,478.0,21823,1.27,10316466.7
CHCL,2022-03-31,487.5,487.5,471.1,471.9,10560,-1.28,5018396.4
CHCL,2022-04-03,472.0,480.0,466.0,470.0,22634,-0.4,10633539.2
CHCL,2022-04-04,470.0,475.0,465.0,470.0,22384,0.0,10538899.4
CHCL,2022-04-05,479.4,479.4,462.0,464.1,27135,-1.26,12611258.7
CHCL,2022-04-06,461.0,469.0,455.0,455.8,27003,-1.79,12358314.3
CHCL,2022-04-07,460.0,465.0,451.0,458.0,27480,0.48,12580180.8
CHCL,2022-04-11,458.0,476.4,450.0,453.0,17673,-1.09,8076922.3
CHCL,2022-04-12,454.0,454.0,444.0,447.0,13902,-1.32,6224363.2
CHCL,2022-04-13,445.0,452.0,445.0,450.0,15026,0.67,6743302.5
CHCL,2022-04-17,452.0,457.9,444.5,447.0,13022,-0.67,5833525.3
CHCL,2022-04-18,450.0,450.0,439.0,442.0,9708,-1.12,4284390.0
CHCL,2022-04-19,445.0,446.0,436.1,443.9,15509,0.43,6838634.8
CHCL,2022-04-20,437.1,450.0,433.0,438.0,20155,-1.33,8861235.6
CHCL,2022-04-21,446.7,446.7,432.0,437.1,17216,-0.21,7545016.3
CHCL,2022-04-24,440.0,460.0,436.1,460.0,20691,5.24,9300885.7
CHCL,2022-04-25,460.0,469.2,452.0,452.0,15247,-1.74,6991315.9
CHCL,2022-04-26,450.0,457.0,446.0,450.0,17774,-0.44,8055915.8
CHCL,2022-04-27,459.0,459.0,441.0,456.9,10413,1.53,4678944.1
CHCL,2022-04-28,460.0,460.0,445.0,448.0,14188,-1.95,6408367.6
CHCL,2022-05-02,448.0,448.0,439.3,441.0,19313,-1.56,8527300.6
CHCL,2022-05-04,440.0,442.0,434.0,434.6,13656,-1.45,5978075.8
CHCL,2022-05-05,431.2,440.0,430.0,432.0,8272,-0.6,3580836.4
CHCL,2022-05-08,440.6,440.6,426.5,431.0,17487,-0.23,7502495.8
CHCL,2022-05-09,435.0,447.0,431.0,431.0,18983,0.0,8298822.6
CHCL,2022-05-10,435.0,443.7,432.2,443.0,24327,2.78,10613082.3
CHCL,2022-05-11,450.0,458.0,441.6,455.0,20026,2.71,8963804.1
CHCL,2022-05-12,456.0,460.0,447.0,453.0,24592,-0.44,11122085.5
CHCL,2022-05-17,452.9,452.9,439.3,439.4,16397,-3.0,7277608.7
CHCL,2022-05-18,439.2,444.0,437.1,440.0,13115,0.14,5770511.5
CHCL,2022-05-19,440.0,444.5,435.0,439.9,15865,-0.02,6970139.9
CHCL,2022-05-20,435.3,441.8,435.3,441.0,7085,0.25,3094873.0
CHCL,2022-05-23,436.0,436.0,430.0,430.2,14451,-2.45,6240513.6
CHCL,2022-05-24,425.0,438.8,422.2,434.8,6783,1.07,2918048.3
CHCL,2022-05-25,443.4,445.4,435.0,437.5,9983,0.62,4388260.9
CHCL,2022-05-26,438.1,440.0,436.0,440.0,6623,0.57,2904189.0
CHCL,2022-05-27,447.0,447.0,435.1,438.0,7353,-0.45,3217340.9
CHCL,2022-05-30,438.0,438.0,426.0,428.0,15543,-2.28,6681267.3
CHCL,2022-05-31,425.0,425.0,415.0,424.0,18337,-0.93,7693824.2
CHCL,2022-06-01,420.0,432.0,412.0,426.0,15491,0.47,6505700.1
CHCL,2022-06-02,417.7,430.0,417.7,422.0,6623,-0.94,2804220.9
CHCL,2022-06-03,420.0,422.5,414.0,415.9,14031,-1.45,5836581.3
CHCL,2022-06-06,412.0,423.0,412.0,415.0,13009,-0.22,5394340.4
CHCL,2022-06-07,413.0,414.5,392.0,402.0,37453,-3.13,14978439.9
CHCL,2022-06-08,410.0,413.0,398.1,405.0,23153,0.75,9381821.1
CHCL,2022-06-09,400.0,411.5,398.0,402.0,16755,-0.74,6767948.2
CHCL,2022-06-10,395.3,405.0,394.0,399.9,8960,-0.52,3582349.0
CHCL,2022-06-13,395.1,399.0,395.1,396.0,7280,-0.98,2885709.2
CHCL,2022-06-14,400.0,400.0,386.0,387.0,21090,-2.27,8200342.1
CHCL,2022-06-15,394.0,394.0,377.0,379.0,17572,-2.07,6693813.5
CHCL,2022-06-16,373.2,384.0,372.0,380.0,12656,0.26,4802774.9
CHCL,2022-06-17,380.0,385.0,375.0,379.1,3763,-0.24,1432185.3
CHCL,2022-06-19,380.0,382.0,369.0,369.0,28621,-2.66,10737233.3
CHCL,2022-06-20,369.0,370.0,359.0,361.0,24050,-2.17,8755098.7
CHCL,2022-06-21,365.0,372.0,360.0,367.1,21032,1.69,7697370.3
CHCL,2022-06-22,369.0,369.0,360.0,365.0,11488,-0.57,4169597.1
CHCL,2022-06-23,364.0,366.6,353.0,359.0,25968,-1.64,9275505.8
CHCL,2022-06-24,355.0,362.0,347.9,360.0,28614,0.28,10136051.6
CHCL,2022-06-26,367.2,382.0,365.0,381.0,32130,5.83,12103302.4
CHCL,2022-06-27,385.0,393.0,372.4,379.0,28746,-0.52,10961278.5
CHCL,2022-06-28,379.1,387.0,375.0,384.0,31234,1.32,11900346.3
CHCL,2022-06-29,381.1,395.0,379.2,395.0,29289,2.86,11351368.2
CHCL,2022-06-30,402.0,416.6,397.0,415.0,40645,5.06,16725351.8
CHCL,2022-07-01,418.0,420.0,400.2,413.0,9098,-0.48,3757577.4
CHCL,2022-07-03,413.0,434.0,406.2,430.0,26466,4.12,11173353.3
CHCL,2022-07-04,435.0,438.2,415.6,418.9,48885,-2.58,20991609.8
CHCL,2022-07-05,411.0,418.8,402.2,406.9,29168,-2.86,11901099.2
CHCL,2022-07-06,410.0,418.2,397.0,415.0,29966,1.99,12123821.9
CHCL,2022-07-07,423.0,423.0,405.0,410.0,18200,-1.2,7465143.8
CHCL,2022-07-08,410.0,410.0,396.2,404.0,14290,-1.46,5742601.5
CHCL,2022-07-11,400.0,400.0,383.2,387.0,22174,-4.21,8647965.0
CHCL,2022-07-12,383.0,405.7,383.0,393.1,10654,1.58,4209630.6
CHCL,2022-07-13,399.0,409.5,395.0,406.0,19536,3.28,7846758.2
CHCL,2022-07-14,411.0,411.0,399.0,406.9,10610,0.22,4250731.2
CHCL,2022-07-15,400.0,410.0,400.0,408.0,6651,0.27,2688105.4
CHCL,2022-07-17,404.0,412.0,400.0,403.0,8381,-1.23,3370763.9
CHCL,2022-07-18,400.0,404.0,398.1,404.0,6154,0.25,2469977.7
CHCL,2022-07-19,400.1,410.0,400.1,401.1,15021,-0.72,6091337.4
CHCL,2022-07-20,407.0,408.0,399.9,405.0,11609,0.97,4687940.2
CHCL,2022-07-21,401.0,405.0,399.0,402.5,6245,-0.62,2507719.5
CHCL,2022-07-22,402.0,402.0,396.0,399.1,12630,-0.84,5046009.4
CHCL,2022-07-24,404.0,413.1,395.0,410.0,25760,2.73,10301105.1
CHCL,2022-07-25,406.0,418.0,405.1,413.9,18878,0.95,7832250.6
CHCL,2022-07-26,414.0,415.0,399.2,402.0,20342,-2.88,8235152.1
CHCL,2022-07-27,402.0,405.0,399.0,402.0,25388,0.0,10191009.9
CHCL,2022-07-28,410.0,418.2,404.0,410.0,34107,1.99,13964737.3
CHCL,2022-07-29,410.0,413.9,404.0,406.0,13211,-0.98,5363531.3
CHCL,2022-07-31,414.0,414.0,407.0,412.0,30514,1.48,12523193.2
CHCL,2022-08-01,419.9,438.0,414.0,424.9,71972,3.13,30728015.8
CHCL,2022-08-02,432.0,448.0,422.1,448.0,66500,5.44,28704300.6
CHCL,2022-08-03,456.0,456.0,439.0,444.0,39004,-0.89,17384549.0
CHCL,2022-08-04,444.0,448.0,430.0,430.1,44245,-3.13,19241847.7
CHCL,2022-08-05,435.0,435.0,418.0,426.0,33524,-0.95,14158392.6
CHCL,2022-08-07,434.0,435.5,421.4,428.0,19034,0.47,8088028.1
CHCL,2022-08-08,436.5,436.5,413.0,419.9,19060,-1.89,8055014.5
CHCL,2022-08-09,428.2,428.2,406.2,406.9,25566,-3.1,10481502.5
CHCL,2022-08-10,415.0,415.0,400.0,402.9,15759,-0.98,6355041.8
CHCL,2022-08-11,402.0,409.0,399.0,399.0,11577,-0.97,4649412.1
CHCL,2022-08-14,392.0,400.0,392.0,393.0,10600,-1.5,4195343.3
CHCL,2022-08-15,400.0,411.0,397.0,411.0,17888,4.58,7203917.2
CHCL,2022-08-16,415.9,416.0,393.0,396.2,17142,-3.6,6925603.8
CHCL,2022-08-17,397.1,411.9,397.1,400.0,14169,0.96,5667657.4
CHCL,2022-08-18,401.2,409.0,401.2,407.0,11725,1.75,4763113.0
CHCL,2022-08-21,413.0,415.0,404.0,404.0,11712,-0.74,4777164.2
CHCL,2022-08-22,405.0,409.8,398.2,404.0,6234,0.0,2513645.7
CHCL,2022-08-23,410.0,410.0,401.0,404.0,8414,0.0,3396289.4
CHCL,2022-08-24,407.0,408.0,403.7,403.7,10822,-0.07,4384729.7
CHCL,2022-08-25,411.0,411.0,396.0,397.0,20402,-1.66,8154381.1
CHCL,2022-08-26,401.0,401.0,393.0,396.0,11577,-0.25,4562816.4
CHCL,2022-08-28,399.0,399.0,385.0,385.0,30877,-2.78,12011305.9
CHCL,2022-08-29,392.7,395.0,384.0,385.1,14627,0.03,5645840.6
CHCL,2022-08-30,389.0,389.0,381.3,385.9,13900,0.21,5351559.0
CHCL,2022-08-31,393.0,393.0,382.0,383.0,9223,-0.75,3540295.8
CHCL,2022-09-01,390.0,390.0,377.4,382.0,42280,-0.26,16168826.9
CHCL,2022-09-02,389.0,416.0,385.0,392.0,8303,2.62,3257199.9
CHCL,2022-09-04,399.0,399.0,388.1,394.0,6961,0.51,2722752.8
CHCL,2022-09-05,394.0,401.0,388.1,390.0,7950,-1.02,3093627.0
CHCL,2022-09-06,384.0,397.0,383.1,385.0,10235,-1.28,3951745.8
CHCL,2022-09-07,385.0,392.6,382.0,385.0,9460,0.0,3634318.1
CHCL,2022-09-08,392.0,392.0,379.0,382.0,11783,-0.78,4515144.1
CHCL,2022-09-11,377.7,383.0,375.0,375.2,11753,-1.78,4434722.4
CHCL,2022-09-12,376.0,377.0,369.2,372.0,10458,-0.85,3879071.1
CHCL,2022-09-13,378.0,380.9,370.0,373.0,11776,0.27,4405427.7
CHCL,2022-09-14,373.0,383.0,373.0,380.2,15596,1.93,5877401.4
CHCL,2022-09-15,378.0,381.0,366.0,370.0,16231,-2.68,6049216.2
CHCL,2022-09-16,366.0,370.0,362.6,370.0,3944,0.0,1447702.8
CHCL,2022-09-18,365.0,372.9,364.0,364.0,15370,-1.62,5622273.0
CHCL,2022-09-20,360.0,364.0,352.2,354.1,18008,-2.72,6401980.9
CHCL,2022-09-21,354.0,360.0,354.0,355.3,5270,0.34,1883442.0
CHCL,2022-09-22,355.0,362.1,355.0,358.0,5635,0.76,2019721.7
CHCL,2022-09-25,354.0,359.0,353.0,357.0,10857,-0.28,3856910.3
CHCL,2022-09-27,364.1,364.1,355.0,361.9,6167,1.37,2217953.4
CHCL,2022-09-28,369.1,369.1,355.9,358.1,11004,-1.05,3948705.6
CHCL,2022-09-29,352.0,366.1,352.0,365.0,2899,1.93,1048808.7
CHCL,2022-10-09,365.0,372.3,357.7,371.0,2778,1.64,1022216.5
CHCL,2022-10-10,371.0,371.0,362.0,364.0,8533,-1.89,3123978.2
CHCL,2022-10-11,360.0,365.0,357.6,359.0,8827,-1.37,3172437.6
CHCL,2022-10-12,354.2,365.0,354.0,362.0,23542,0.84,8435275.3
CHCL,2022-10-13,362.0,370.0,362.0,370.0,9116,2.21,3344995.5
CHCL,2022-10-16,365.0,369.5,362.6,365.0,8019,-1.35,2915392.7
CHCL,2022-10-17,368.0,372.0,362.4,363.0,7932,-0.55,2901744.6
CHCL,2022-10-19,362.0,365.0,358.1,359.5,4476,-0.96,1612770.8
CHCL,2022-10-20,353.2,365.0,353.1,363.0,4378,0.97,1576209.5
CHCL,2022-10-23,370.0,370.0,364.0,367.0,2430,1.1,889400.5
CHCL,2022-10-31,374.3,374.3,362.1,373.0,4839,1.63,1784746.5
CHCL,2022-11-01,377.0,385.0,370.0,384.5,8946,3.08,3400155.4
CHCL,2022-11-02,392.0,392.0,380.0,385.0,11689,0.13,4495482.0
CHCL,2022-11-03,377.5,384.0,377.5,378.0,4777,-1.82,1814593.0
CHCL,2022-11-06,385.1,387.6,373.5,387.5,13407,2.51,5135165.0
CHCL,2022-11-07,395.0,395.9,380.0,387.0,16006,-0.13,6248362.6
CHCL,2022-11-08,385.0,394.0,379.3,387.0,3105,0.0,1189752.7
CHCL,2022-11-09,394.0,396.0,377.0,377.0,10876,-2.58,4129388.8
CHCL,2022-11-10,377.0,384.4,367.5,368.0,12801,-2.39,4754206.8
CHCL,2022-11-13,361.3,375.0,361.3,365.0,4665,-0.82,1706620.0
CHCL,2022-11-14,372.3,373.0,365.0,368.2,7071,0.88,2613346.4
CHCL,2022-11-15,375.5,380.0,370.0,374.4,1883,1.68,703430.0
CHCL,2022-11-16,378.0,378.0,374.0,374.0,6736,-0.11,2527418.4
CHCL,2022-11-17,381.4,389.0,377.3,384.0,7191,2.67,2746763.1
CHCL,2022-11-22,391.0,393.9,384.0,388.9,8990,1.28,3483940.4
CHCL,2022-11-23,396.0,396.0,381.4,382.0,5386,-1.77,2069474.8
CHCL,2022-11-24,379.0,385.0,376.0,381.0,5862,-0.26,2226618.2
CHCL,2022-11-27,387.0,390.0,373.4,390.0,16253,2.36,6203279.7
CHCL,2022-11-28,390.0,395.8,383.1,388.0,7144,-0.51,2761949.2
CHCL,2022-11-29,388.0,388.0,380.6,381.1,5996,-1.78,2299904.0
CHCL,2022-11-30,381.1,386.0,381.1,383.1,6641,0.52,2546598.0
CHCL,2022-12-01,389.0,390.1,382.3,390.0,12126,1.8,4690197.7
CHCL,2022-12-04,390.0,400.0,390.0,397.0,21239,1.79,8429315.9
CHCL,2022-12-05,395.0,395.0,386.7,391.0,9863,-1.51,3850612.6
CHCL,2022-12-06,391.0,391.0,383.4,387.0,6364,-1.02,2461158.1
CHCL,2022-12-07,390.0,399.0,380.1,381.0,39436,-1.55,15259346.7
CHCL,2022-12-11,383.0,388.6,380.0,382.0,27241,0.26,10435037.8
CHCL,2022-12-12,380.0,385.0,375.3,384.0,19118,0.52,7257910.5
CHCL,2022-12-13,390.0,390.0,380.1,385.0,7138,0.26,2738601.1
CHCL,2022-12-14,380.3,388.9,380.2,388.0,8865,0.78,3421608.2
CHCL,2022-12-15,382.0,393.0,382.0,390.0,31661,0.52,12325801.2
CHCL,2022-12-18,356.0,359.0,351.1,355.5,13308,-2.01,4715935.6
CHCL,2022-12-19,351.0,357.0,350.1,351.3,10791,-1.18,3806905.0
CHCL,2022-12-20,358.0,364.0,351.1,354.0,7740,0.77,2740701.1
CHCL,2022-12-21,354.0,354.9,352.3,352.3,2013,-0.48,711888.0
CHCL,2022-12-22,353.1,354.9,351.1,352.0,4888,-0.09,1721895.5
CHCL,2022-12-26,359.0,366.1,353.0,366.1,14913,4.01,5368690.1
CHCL,2022-12-27,372.0,386.0,368.0,378.1,25384,3.28,9638060.8
CHCL,2022-12-28,385.6,385.6,374.0,378.2,15935,0.03,6060028.9
CHCL,2022-12-29,378.0,390.0,373.5,389.8,27905,3.07,10774309.9
CHCL,2023-01-01,386.0,407.7,386.0,392.1,34437,0.59,13718174.3
CHCL,2023-01-02,395.0,404.0,391.1,397.0,18212,1.25,7242643.5
CHCL,2023-01-03,397.0,403.0,386.0,395.0,36604,-0.5,14430314.3
CHCL,2023-01-04,395.0,416.0,392.0,414.1,79975,4.84,31934903.0
CHCL,2023-01-05,415.0,415.0,407.0,410.1,22760,-0.97,9359949.5
CHCL,2023-01-08,410.0,421.0,410.0,415.5,35485,1.32,14798054.4
CHCL,2023-01-09,418.0,425.0,409.8,420.2,38507,1.13,16098265.4
CHCL,2023-01-10,422.0,444.0,421.4,425.4,82952,1.24,35891836.7
CHCL,2023-01-12,420.0,436.9,412.0,415.0,43543,-2.44,18363813.3
CHCL,2023-01-17,418.0,434.8,410.0,425.0,31701,2.41,13392221.6
CHCL,2023-01-18,426.0,434.0,419.0,419.0,25882,-1.41,11022091.2
CHCL,2023-01-19,425.5,427.0,415.0,420.0,18480,0.24,7733402.2
CHCL,2023-01-23,424.9,425.0,416.2,418.0,23388,-0.48,9788334.0
CHCL,2023-01-24,416.0,426.3,411.1,422.9,27610,1.17,11514934.6
CHCL,2023-01-25,425.0,425.0,417.0,420.0,28237,-0.69,11879635.2
CHCL,2023-01-26,421.0,440.0,417.5,438.0,43160,4.29,18574989.8
CHCL,2023-01-29,438.0,467.0,427.0,460.0,99840,5.02,45382085.0
CHCL,2023-01-30,460.0,480.6,448.0,448.0,133708,-2.61,61987211.6
CHCL,2023-01-31,444.0,466.0,444.0,459.9,62401,2.66,28391489.6
CHCL,2023-02-01,465.0,465.0,454.4,465.0,33528,1.11,15452104.0
CHCL,2023-02-02,460.2,495.0,458.0,466.0,97262,0.22,45836505.0
CHCL,2023-02-05,470.0,489.0,464.0,485.0,105338,4.08,50704904.4
CHCL,2023-02-06,494.7,494.7,479.0,481.0,72702,-0.82,35301337.4
CHCL,2023-02-07,481.4,494.2,481.4,492.0,55497,2.29,27245931.5
CHCL,2023-02-08,498.0,501.0,486.0,487.0,43788,-1.02,21638837.2
CHCL,2023-02-09,490.0,495.0,485.0,490.0,32508,0.62,15885324.5
CHCL,2023-02-12,481.0,488.0,477.1,477.5,35339,-2.55,16958901.4
CHCL,2023-02-14,475.0,479.0,467.2,467.5,27749,-2.09,13075127.5
CHCL,2023-02-15,466.0,474.0,459.0,461.5,29080,-1.28,13514818.2
CHCL,2023-02-16,455.2,462.0,455.0,458.5,18948,-0.65,8663725.6
CHCL,2023-02-20,455.0,460.0,451.6,454.0,23901,-0.98,10844456.5
CHCL,2023-02-22,451.0,468.6,451.0,466.0,17201,2.64,7976730.9
CHCL,2023-02-23,461.0,464.9,457.1,460.3,25771,-1.22,11854533.0
CHCL,2023-02-26,455.0,460.0,446.0,459.0,30673,-0.28,13816724.8
CHCL,2023-02-27,460.0,469.2,452.0,465.9,49232,1.5,22604865.7
CHCL,2023-02-28,461.0,504.1,458.0,474.4,28356,1.82,13465125.7
CHCL,2023-03-01,472.1,487.0,472.0,475.3,37874,0.19,18150299.5
CHCL,2023-03-02,472.0,479.5,469.5,472.5,30451,-0.59,14434417.4
CHCL,2023-03-05,465.1,465.3,455.1,463.0,47123,-2.01,21737545.2
CHCL,2023-03-07,455.4,472.0,455.4,468.7,25903,1.23,12082697.0
CHCL,2023-03-09,477.7,485.0,470.0,484.0,46032,3.26,22078212.5
CHCL,2023-03-12,485.0,486.7,475.3,475.3,31062,-1.8,14866262.2
CHCL,2023-03-13,468.7,475.0,468.0,469.9,17449,-1.14,8211807.2
CHCL,2023-03-14,465.1,473.0,465.1,468.0,12493,-0.4,5845752.5
CHCL,2023-03-15,469.4,472.0,462.2,468.0,21201,0.0,9877695.8
CHCL,2023-03-16,465.0,471.0,462.0,469.9,17602,0.41,8201864.4
CHCL,2023-03-19,470.0,471.0,463.2,469.0,21725,-0.19,10139491.3
CHCL,2023-03-20,466.0,479.0,466.0,479.0,27743,2.13,13119954.8
CHCL,2023-03-22,479.0,485.0,475.0,479.1,30167,0.02,14462717.2
CHCL,2023-03-23,479.0,481.0,467.0,470.9,37595,-1.71,17702945.9
CHCL,2023-03-26,462.0,477.0,461.0,468.9,48876,-0.42,22750959.0
CHCL,2023-03-27,466.0,476.9,463.0,474.0,21870,1.09,10290628.8
CHCL,2023-03-28,475.0,483.0,469.0,477.4,32295,0.72,15487895.6
CHCL,2023-03-29,479.0,481.8,472.1,479.9,20928,0.52,10032979.7
CHCL,2023-03-30,484.5,484.5,479.0,480.0,22098,0.02,10616207.1
CHCL,2023-04-02,483.0,483.0,466.1,473.0,22885,-1.46,10810162.2
CHCL,2023-04-03,465.0,472.0,465.0,467.0,9982,-1.27,4678271.5
CHCL,2023-04-04,466.2,475.0,463.0,470.9,15753,0.84,7380618.1
CHCL,2023-04-05,470.0,474.9,467.1,472.0,15668,0.23,7375366.1
CHCL,2023-04-06,473.0,473.9,468.1,468.4,10531,-0.76,4953265.1
CHCL,2023-04-09,465.1,467.8,461.2,463.0,19846,-1.15,9199977.4
CHCL,2023-04-10,462.0,464.9,459.2,462.6,33550,-0.09,15469435.4
CHCL,2023-04-11,460.1,469.0,460.1,469.0,18514,1.38,8602593.7
CHCL,2023-04-12,469.0,490.0,462.1,490.0,44824,4.48,21602509.5
CHCL,2023-04-13,491.0,495.1,480.0,490.0,74304,0.0,36461295.7
CHCL,2023-04-16,485.0,494.0,481.7,488.0,22297,-0.41,10879194.7
CHCL,2023-04-17,490.0,493.0,480.0,481.7,14769,-1.29,7127551.2
CHCL,2023-04-18,474.1,484.6,474.1,481.0,12955,-0.15,6213370.8
CHCL,2023-04-19,482.0,489.8,480.7,484.0,17530,0.62,8494008.1
CHCL,2023-04-20,485.0,489.8,479.0,482.0,18217,-0.41,8811439.7
CHCL,2023-04-23,480.0,480.0,476.2,477.1,11966,-1.02,5709100.7
CHCL,2023-04-24,473.0,480.0,472.2,478.0,12801,0.19,6100160.6
CHCL,2023-04-25,472.1,479.9,472.1,479.0,9530,0.21,4539700.6
CHCL,2023-04-26,477.2,481.0,475.6,478.0,12907,-0.21,6171365.0
CHCL,2023-04-27,475.4,477.0,471.4,475.9,14989,-0.44,7116089.0
CHCL,2023-04-30,470.0,473.0,467.2,469.5,9421,-1.34,4432657.9
CHCL,2023-05-02,465.0,469.0,465.0,468.0,13899,-0.32,6487581.3
CHCL,2023-05-03,465.0,470.0,460.2,470.0,11516,0.43,5342577.8
CHCL,2023-05-04,470.0,471.0,458.1,469.0,23898,-0.21,11043804.0
CHCL,2023-05-07,460.1,466.0,460.0,464.0,7879,-1.07,3633610.5
CHCL,2023-05-08,465.0,466.6,459.0,461.0,5671,-0.65,2608530.3
CHCL,2023-05-09,468.9,468.9,457.0,464.0,14581,0.65,6720768.6
CHCL,2023-05-10,464.0,470.0,460.0,470.0,10300,1.29,4781527.7
CHCL,2023-05-11,466.0,472.0,465.0,472.0,8714,0.43,4075929.1
CHCL,2023-05-14,477.5,477.5,463.0,464.0,8708,-1.69,4039164.1
CHCL,2023-05-15,463.0,463.1,459.0,462.5,10737,-0.32,4943791.2
CHCL,2023-05-16,461.0,463.0,454.6,460.0,13540,-0.54,6184970.8
CHCL,2023-05-17,459.0,463.9,458.0,460.9,9956,0.2,4582880.6
CHCL,2023-05-18,470.1,470.1,462.0,468.9,13329,1.74,6235219.9
CHCL,2023-05-21,473.0,473.0,463.0,466.0,22216,-0.62,10390592.8
CHCL,2023-05-22,462.0,476.0,462.0,472.0,19491,1.29,9169472.3
CHCL,2023-05-23,472.0,481.0,470.0,480.0,24681,1.69,11786416.7
CHCL,2023-05-24,480.0,485.0,471.7,475.5,32625,-0.94,15555889.8
CHCL,2023-05-28,482.0,510.0,482.0,504.0,167293,5.99,83829561.7
CHCL,2023-05-30,507.0,512.0,494.0,511.0,139919,1.39,70453816.3
CHCL,2023-05-31,509.0,510.0,494.9,497.6,73864,-2.62,37119454.4
CHCL,2023-06-01,500.0,505.8,493.9,505.0,62693,1.49,31389971.1
CHCL,2023-06-04,507.0,536.3,507.0,536.0,124750,6.14,65499913.2
CHCL,2023-06-05,536.0,552.0,527.7,549.0,169377,2.43,91942111.9
CHCL,2023-06-06,555.0,558.0,540.0,556.0,109236,1.28,60182183.8
CHCL,2023-06-07,560.0,562.0,547.2,548.1,95799,-1.42,52931390.5
CHCL,2023-06-08,548.1,552.0,540.0,540.0,71555,-1.48,38997234.9
CHCL,2023-06-11,545.0,554.0,542.0,550.6,64056,1.96,35160617.1
CHCL,2023-06-12,555.0,560.0,546.0,547.0,87676,-0.65,48302499.0
CHCL,2023-06-13,550.0,569.0,543.2,565.0,110911,3.29,61911611.9
CHCL,2023-06-14,567.0,584.9,560.0,572.0,133016,1.24,76737107.6
CHCL,2023-06-15,562.1,573.0,560.0,563.1,92537,-1.56,52287724.4
CHCL,2023-06-18,570.0,591.0,564.0,588.0,109159,4.42,63473803.6
CHCL,2023-06-19,586.0,594.0,576.3,581.0,62490,-1.19,36438603.2
CHCL,2023-06-20,580.0,584.5,566.0,566.0,74305,-2.58,42643556.9
CHCL,2023-06-21,567.1,574.0,564.0,567.5,60110,0.27,34142935.0
CHCL,2023-06-22,566.0,570.9,556.2,565.0,59663,-0.44,33594936.0
CHCL,2023-06-25,563.1,575.4,560.0,571.5,70405,1.15,39984703.5
CHCL,2023-06-26,580.0,594.0,564.0,573.0,88445,0.26,51261361.1
CHCL,2023-06-27,574.0,580.0,562.0,574.1,63056,0.19,36004921.2
CHCL,2023-06-28,576.0,584.6,560.0,563.0,61798,-1.93,35055861.3
CHCL,2023-07-02,556.0,562.0,540.0,545.0,74375,-3.2,40900655.9
CHCL,2023-07-03,536.0,551.0,536.0,538.1,49316,-1.27,26790479.8
CHCL,2023-07-04,531.0,542.0,531.0,535.0,30538,-0.58,16357914.5
CHCL,2023-07-05,540.0,556.6,524.0,524.0,51427,-2.06,27525304.3
CHCL,2023-07-06,526.1,547.0,526.0,541.0,38970,3.24,20898877.3
CHCL,2023-07-09,548.9,553.0,542.5,546.0,25452,0.92,13929562.9
CHCL,2023-07-10,542.1,548.0,535.0,535.2,38133,-1.98,20608685.0
CHCL,2023-07-11,533.1,535.0,526.1,530.0,35626,-0.97,18815156.0
CHCL,2023-07-12,521.0,544.0,519.4,540.0,42745,1.89,22972068.3
CHCL,2023-07-13,549.0,552.0,536.0,538.0,137437,-0.37,75090985.0
CHCL,2023-07-16,548.0,548.0,528.1,536.7,22932,-0.24,12267132.2
CHCL,2023-07-17,538.0,546.0,530.1,543.0,19305,1.17,10433964.3
CHCL,2023-07-18,553.0,553.0,539.0,540.0,29745,-0.55,16235104.5
CHCL,2023-07-19,540.0,547.5,535.1,538.1,19108,-0.35,10332823.9
CHCL,2023-07-20,548.0,554.9,535.0,542.0,43407,0.72,23507522.5
CHCL,2023-07-23,552.8,563.0,536.0,555.0,43051,2.4,23625435.9
CHCL,2023-07-24,555.0,557.8,545.1,547.8,38575,-1.3,21255253.4
CHCL,2023-07-25,545.0,548.5,535.0,540.0,40474,-1.42,21861106.8
CHCL,2023-07-26,535.0,544.0,531.0,532.0,28885,-1.48,15452368.6
CHCL,2023-07-27,534.0,538.0,529.8,531.0,38875,-0.19,20698170.6
CHCL,2023-07-30,530.0,530.0,517.7,520.0,43470,-2.07,22690984.3
CHCL,2023-07-31,528.0,528.0,514.0,514.1,34789,-1.13,18068190.2
CHCL,2023-08-01,524.0,524.0,505.2,508.0,34134,-1.19,17423925.8
CHCL,2023-08-02,515.0,516.0,501.0,507.0,27099,-0.2,13694808.3
CHCL,2023-08-03,500.0,518.9,500.0,506.0,28979,-0.2,14832714.5
CHCL,2023-08-06,516.1,526.0,489.1,493.7,59731,-2.43,29602960.6
CHCL,2023-08-07,483.9,514.0,483.9,495.2,31260,0.3,15541837.7
CHCL,2023-08-08,490.0,498.0,488.1,488.2,33028,-1.41,16213879.7
CHCL,2023-08-09,496.1,525.4,485.0,510.0,32245,4.47,16118368.1
CHCL,2023-08-10,501.0,520.8,500.0,515.0,38480,0.98,19817807.1
CHCL,2023-08-13,515.0,523.8,510.0,523.0,65004,1.55,33479619.8
CHCL,2023-08-14,518.0,519.0,506.0,507.0,39336,-3.06,20095317.2
CHCL,2023-08-15,510.0,510.0,492.0,495.9,31781,-2.19,15920765.9
CHCL,2023-08-16,491.2,501.0,491.1,493.0,24919,-0.58,12350078.7
CHCL,2023-08-17,493.0,502.8,493.0,499.5,21422,1.32,10682839.3
CHCL,2023-08-20,500.0,500.0,486.0,487.8,30310,-2.34,14782381.8
CHCL,2023-08-21,485.0,488.1,479.2,479.2,34715,-1.76,16750069.2
CHCL,2023-08-22,480.0,487.4,477.1,486.0,22682,1.42,10946950.8
CHCL,2023-08-23,483.2,502.0,483.1,497.4,18183,2.35,8997260.9
CHCL,2023-08-24,504.0,504.0,491.1,492.0,20947,-1.09,10375211.5
CHCL,2023-08-27,491.0,491.0,480.2,481.0,21779,-2.24,10563765.2
CHCL,2023-08-28,481.0,485.0,480.0,481.4,15738,0.08,7582342.9
CHCL,2023-08-29,481.0,486.0,477.1,480.0,11106,-0.29,5334712.5
CHCL,2023-08-30,482.0,484.0,478.3,481.9,8689,0.4,4182757.4
CHCL,2023-09-03,476.1,482.9,473.3,474.0,18174,-1.64,8649428.8
CHCL,2023-09-04,471.0,487.0,470.0,479.0,15989,1.05,7589350.9
CHCL,2023-09-05,478.0,479.5,471.0,476.0,7621,-0.63,3619102.5
CHCL,2023-09-07,469.3,478.6,469.1,469.4,29344,-1.39,13804595.5
CHCL,2023-09-10,470.0,474.0,467.3,472.0,21714,0.55,10212934.2
CHCL,2023-09-11,475.0,489.9,472.0,483.0,109789,2.33,52380014.5
CHCL,2023-09-12,480.3,489.9,477.0,480.0,16445,-0.62,7904587.6
CHCL,2023-09-13,480.0,490.0,475.1,489.9,22541,2.06,10915994.9
CHCL,2023-09-17,483.1,493.0,476.2,480.1,24819,-2.0,12008925.1
CHCL,2023-09-18,485.0,485.0,475.0,480.0,7749,-0.02,3709043.7
CHCL,2023-09-19,486.0,486.9,477.0,485.5,8063,1.15,3885556.0
CHCL,2023-09-21,495.0,506.0,493.2,499.9,63366,2.97,31688518.7
CHCL,2023-09-24,509.8,509.8,490.4,495.0,19230,-0.98,9568196.5
CHCL,2023-09-25,499.0,499.0,487.1,492.0,15301,-0.61,7549039.4
CHCL,2023-09-26,495.0,507.0,495.0,507.0,23074,3.05,11592168.4
CHCL,2023-09-27,502.0,505.0,495.0,503.0,23103,-0.79,11530238.4
CHCL,2023-10-01,496.0,501.9,495.0,495.1,26038,-1.57,12928765.6
CHCL,2023-10-02,495.0,505.0,489.0,496.5,17971,0.28,8899510.9
CHCL,2023-10-03,496.6,498.9,488.0,490.0,20875,-1.31,10266795.5
CHCL,2023-10-04,493.0,495.0,482.5,487.0,34402,-0.61,16758119.7
CHCL,2023-10-05,489.0,490.8,481.0,487.9,12034,0.18,5815123.0
CHCL,2023-10-08,488.0,488.0,472.6,473.3,26961,-2.99,12891153.5
CHCL,2023-10-09,470.0,477.0,468.0,472.0,11579,-0.27,5450550.7
CHCL,2023-10-10,481.0,481.0,465.0,466.0,12395,-1.27,5829570.1
CHCL,2023-10-11,466.0,478.0,466.0,467.5,9071,0.32,4266176.3
CHCL,2023-10-12,467.0,475.8,462.5,468.0,22325,0.11,10406962.7
CHCL,2023-10-16,461.1,469.0,460.0,469.0,9668,0.21,4460953.2
CHCL,2023-10-17,475.0,475.0,465.0,472.0,5650,0.64,2654686.3
CHCL,2023-10-18,472.3,485.0,471.0,484.7,8814,2.69,4218246.9
CHCL,2023-10-19,476.0,488.9,476.0,481.0,6690,-0.76,3221282.0
CHCL,2023-10-29,481.0,481.0,471.0,472.0,6037,-1.87,2853849.9
CHCL,2023-10-30,462.8,472.0,462.8,468.0,10362,-0.85,4834334.1
CHCL,2023-10-31,461.0,476.0,458.9,469.0,5374,0.21,2508343.2
CHCL,2023-11-01,470.0,471.9,465.2,465.2,8862,-0.81,4139550.8
CHCL,2023-11-02,465.0,469.0,463.0,464.0,6678,-0.26,3102685.7
CHCL,2023-11-05,463.5,463.9,455.0,457.0,11398,-1.51,5228201.6
CHCL,2023-11-06,455.0,467.0,455.0,464.0,12958,1.53,5992067.9
CHCL,2023-11-07,464.0,470.0,461.2,465.0,11418,0.22,5304725.9
CHCL,2023-11-08,465.0,468.0,461.5,465.0,5402,0.0,2503976.8
CHCL,2023-11-09,460.5,469.0,460.3,466.0,11637,0.22,5405472.7
CHCL,2023-11-20,470.0,475.0,466.1,470.0,16499,0.86,7781320.9
CHCL,2023-11-21,479.4,479.4,462.1,469.8,9891,-0.04,4610813.6
CHCL,2023-11-22,462.0,473.0,461.1,470.2,9481,0.09,4448807.7
CHCL,2023-11-23,470.2,483.0,466.0,476.4,15112,1.32,7209661.6
CHCL,2023-11-26,485.0,490.0,479.0,489.9,17654,2.83,8580305.3
CHCL,2023-11-27,499.0,499.0,480.0,480.3,10444,-1.96,5083988.4
CHCL,2023-11-28,473.5,484.9,473.5,481.0,6772,0.15,3244488.0
CHCL,2023-11-29,488.0,488.0,475.9,476.5,8678,-0.94,4175235.8
CHCL,2023-11-30,467.0,482.0,467.0,478.1,6689,0.34,3198013.3
CHCL,2023-12-03,475.0,478.0,475.0,477.0,11884,-0.23,5650407.5
CHCL,2023-12-04,474.0,477.0,470.0,473.2,13263,-0.8,6269723.6
CHCL,2023-12-05,477.0,480.0,465.0,480.0,15972,1.44,7541611.9
CHCL,2023-12-06,480.0,489.6,471.0,472.3,6098,-1.6,2891106.2
CHCL,2023-12-07,472.3,482.0,467.0,479.0,30587,1.42,14550340.2
CHCL,2023-12-10,488.5,526.0,488.5,526.0,8159,9.81,4229340.0
CHCL,2023-12-11,536.0,536.0,505.1,515.0,102458,-2.09,53030907.0
CHCL,2023-12-12,516.0,540.0,516.0,536.0,125905,4.08,66887802.9
CHCL,2023-12-13,536.0,544.0,528.0,531.9,54870,-0.76,29368542.4
CHCL,2023-12-14,531.0,544.0,522.1,535.0,47404,0.58,25283335.0
CHCL,2023-12-17,524.3,566.0,524.3,562.3,97214,5.1,53634588.0
CHCL,2023-12-18,570.0,580.0,553.3,560.0,138093,-0.41,77813906.3
CHCL,2023-12-19,562.0,571.2,553.0,558.0,86246,-0.36,48144151.2
CHCL,2023-12-20,569.0,580.0,555.8,567.0,136576,1.61,77606323.3
CHCL,2023-12-21,568.0,577.0,562.0,571.8,199493,0.85,113425561.2
CHCL,2023-12-24,530.2,530.2,510.0,513.0,57113,-1.31,29566431.1
CHCL,2023-12-27,503.0,533.0,499.7,503.0,56394,-1.95,28479016.9
CHCL,2023-12-28,500.2,501.0,495.0,499.6,46986,-0.68,23357583.0
CHCL,2024-01-01,493.0,502.5,486.0,486.0,57023,-2.72,28078865.1
CHCL,2024-01-02,483.0,489.0,478.2,483.3,34724,-0.56,16760284.9
CHCL,2024-01-03,484.0,492.0,475.2,484.0,36358,0.14,17451258.0
CHCL,2024-01-04,493.0,508.0,487.0,499.0,67904,3.1,33979972.0
CHCL,2024-01-07,508.9,510.0,497.1,500.0,52463,0.2,26361101.8
CHCL,2024-01-08,505.0,506.2,496.1,502.0,53954,0.4,27055083.2
CHCL,2024-01-09,508.0,515.0,502.2,506.0,80798,0.8,41075328.3
CHCL,2024-01-10,496.1,516.0,496.1,504.0,35552,-0.4,18051140.1
CHCL,2024-01-11,494.0,505.5,494.0,499.0,25301,-0.99,12691128.5
CHCL,2024-01-14,508.9,520.0,501.0,519.0,57116,4.01,29347251.2
CHCL,2024-01-16,525.0,529.9,516.1,525.0,54668,1.16,28620897.4
CHCL,2024-01-17,526.1,529.9,509.9,513.8,74796,-2.13,38870413.4
CHCL,2024-01-18,510.0,516.0,503.7,508.5,54657,-1.03,27819821.2
CHCL,2024-01-21,508.0,517.0,503.9,512.0,70284,0.69,35892461.7
CHCL,2024-01-22,504.1,509.0,501.9,503.0,24339,-1.76,12277853.6
CHCL,2024-01-23,504.0,504.0,497.5,498.0,31777,-0.99,15864299.4
CHCL,2024-01-24,507.9,507.9,496.0,496.9,19991,-0.22,9965594.5
CHCL,2024-01-25,496.0,497.0,490.0,491.0,47480,-1.19,23436846.9
CHCL,2024-01-28,490.0,495.0,488.0,494.0,19305,0.61,9477453.1
CHCL,2024-01-29,495.0,500.0,490.0,493.9,27902,-0.02,13762250.1
CHCL,2024-01-30,500.1,501.8,492.0,498.0,26107,0.83,13008841.8
CHCL,2024-01-31,498.0,508.0,491.0,493.6,24402,-0.88,12112099.7
CHCL,2024-02-01,494.0,494.0,488.1,491.0,15458,-0.53,7577117.3
CHCL,2024-02-04,485.1,491.0,483.0,487.1,19956,-0.79,9734562.8
CHCL,2024-02-05,487.0,492.0,487.0,488.5,11434,0.29,5585226.7
CHCL,2024-02-06,497.0,497.0,488.0,490.0,10154,0.31,4975712.3
CHCL,2024-02-07,495.0,497.0,490.2,493.0,18461,0.61,9103312.7
CHCL,2024-02-08,488.0,495.9,488.0,494.0,11171,0.2,5504919.8
CHCL,2024-02-11,502.9,502.9,490.0,494.9,17192,0.18,8483385.8
CHCL,2024-02-12,494.0,495.0,489.8,494.5,31662,-0.08,15552667.3
CHCL,2024-02-13,494.0,494.0,484.0,487.9,28554,-1.33,13871613.5
CHCL,2024-02-14,481.0,492.6,480.0,485.5,15012,-0.49,7265545.3
CHCL,2024-02-15,480.7,490.0,480.0,480.8,15815,-0.97,7625058.3
CHCL,2024-02-18,477.0,480.0,474.0,474.0,23673,-1.41,11262502.5
CHCL,2024-02-20,468.0,476.0,467.8,471.0,20281,-0.63,9565293.5
CHCL,2024-02-21,474.0,475.0,466.4,469.0,17569,-0.42,8245324.5
CHCL,2024-02-22,468.0,472.0,466.0,470.0,31876,0.21,14940607.8
CHCL,2024-02-25,478.3,478.3,461.2,462.0,38625,-1.7,17942132.9
CHCL,2024-02-26,462.0,468.2,455.0,461.0,16063,-0.22,7420146.1
CHCL,2024-02-27,466.5,467.0,455.0,463.0,38654,0.43,17728079.1
CHCL,2024-02-28,464.0,469.9,460.0,462.0,11853,-0.22,5487447.4
CHCL,2024-02-29,460.0,463.0,455.0,458.0,17115,-0.87,7827814.5
CHCL,2024-03-03,454.5,460.0,452.1,455.6,22676,-0.52,10299469.1
CHCL,2024-03-04,464.7,491.6,464.7,491.6,419,7.9,200935.8
CHCL,2024-03-05,485.0,490.0,462.1,465.0,33109,-5.41,15583897.6
CHCL,2024-03-06,464.0,476.0,458.0,469.0,46340,0.86,21561485.8
CHCL,2024-03-07,472.4,478.3,461.0,471.0,16560,0.43,7826652.4
CHCL,2024-03-10,472.0,482.0,472.0,475.0,22647,0.85,10782126.9
CHCL,2024-03-12,480.9,482.0,470.0,481.0,46130,1.26,21936830.4
CHCL,2024-03-13,477.1,486.5,473.0,475.0,30843,-1.25,14698993.6
CHCL,2024-03-14,471.0,479.4,469.0,475.0,17615,0.0,8306600.3
CHCL,2024-03-17,467.0,476.0,467.0,469.9,19270,-1.07,9070779.3
CHCL,2024-03-18,465.0,470.0,464.2,469.0,18822,-0.19,8776782.6
CHCL,2024-03-19,464.1,474.0,464.1,467.0,14278,-0.43,6690617.5
CHCL,2024-03-20,462.0,474.8,461.3,467.0,28661,0.0,13356994.7
CHCL,2024-03-21,472.0,472.0,462.0,466.0,9087,-0.21,4218555.3
CHCL,2024-03-25,467.0,468.0,457.0,460.2,16306,-1.24,7504823.2
CHCL,2024-03-26,458.0,464.0,458.0,460.0,15071,-0.04,6930203.0
CHCL,2024-03-27,460.0,462.0,458.0,458.6,18235,-0.3,8378069.0
CHCL,2024-03-28,457.3,463.0,456.5,462.0,24217,0.74,11125868.2
CHCL,2024-03-31,464.0,469.0,456.0,458.0,33420,-0.87,15297608.7
CHCL,2024-04-01,458.0,462.0,454.2,457.5,29077,-0.11,13245452.3
CHCL,2024-04-02,458.0,458.0,452.6,452.7,26171,-1.05,11866867.9
CHCL,2024-04-03,453.5,457.9,449.3,450.2,28424,-0.55,12822859.4
CHCL,2024-04-04,450.0,452.0,449.0,449.1,23378,-0.24,10516788.2
CHCL,2024-04-07,446.0,453.0,446.0,453.0,30103,0.87,13528720.4
CHCL,2024-04-09,461.9,461.9,450.0,456.0,32513,0.66,14699148.8
CHCL,2024-04-10,460.0,460.0,452.0,454.0,15768,-0.44,7156523.0
CHCL,2024-04-14,455.0,460.0,450.0,454.5,44702,0.11,20228857.6
CHCL,2024-04-15,460.0,460.0,446.8,450.3,33599,-0.92,15076605.8
CHCL,2024-04-16,446.0,450.3,442.0,442.0,23780,-1.84,10606518.1
CHCL,2024-04-18,438.2,449.9,438.2,445.0,14654,0.68,6501997.5
CHCL,2024-04-21,447.0,447.0,438.2,440.0,23034,-1.12,10140475.9
CHCL,2024-04-22,440.5,444.0,438.0,438.0,24120,-0.45,10610728.7
CHCL,2024-04-24,438.1,444.0,438.1,438.8,11955,0.18,5256371.8
CHCL,2024-04-25,439.1,443.9,430.0,440.0,47743,0.27,20743307.9
CHCL,2024-04-28,437.5,444.8,434.0,435.3,57951,-1.07,25375051.0
CHCL,2024-04-29,430.5,446.9,430.5,437.0,18859,0.39,8234848.1
CHCL,2024-04-30,444.9,445.5,437.0,442.0,14587,1.14,6439643.9
CHCL,2024-05-02,450.8,450.8,435.0,435.0,25307,-1.58,11084503.8
CHCL,2024-05-05,431.0,440.0,429.0,430.1,32100,-1.13,13884995.7
CHCL,2024-05-06,435.0,435.0,427.5,429.0,22400,-0.26,9668171.5
CHCL,2024-05-07,437.0,437.0,426.5,428.5,6978,-0.12,2986599.3
CHCL,2024-05-08,430.0,431.0,428.0,430.0,10297,0.35,4418612.9
CHCL,2024-05-09,438.0,447.0,430.0,435.0,22757,1.16,9868926.0
CHCL,2024-05-12,435.0,435.0,426.3,432.0,14998,-0.69,6465964.6
CHCL,2024-05-13,439.0,439.0,429.1,431.2,27240,-0.19,11735651.7
CHCL,2024-05-14,439.0,448.0,431.0,440.0,41028,2.04,17995183.4
CHCL,2024-05-15,441.0,446.0,434.3,434.3,30430,-1.3,13392851.4
CHCL,2024-05-16,442.9,442.9,434.1,437.0,9342,0.62,4079688.2
CHCL,2024-05-19,437.0,453.0,437.0,448.9,66751,2.72,29881705.0
CHCL,2024-05-20,450.0,456.0,447.8,448.1,49360,-0.18,22273978.7
CHCL,2024-05-21,457.0,457.0,449.0,451.0,31308,0.65,14134980.5
CHCL,2024-05-22,451.0,458.0,445.0,453.9,20627,0.64,9361450.5
CHCL,2024-05-26,450.1,458.0,448.0,449.0,19335,-1.08,8718788.9
CHCL,2024-05-27,450.0,455.0,449.1,453.0,24376,0.89,11011761.0
CHCL,2024-05-29,462.0,462.0,447.2,448.1,26580,-1.08,11996236.8
CHCL,2024-05-30,444.0,450.0,443.0,444.0,23225,-0.91,10354233.0
CHCL,2024-06-02,444.0,449.9,444.0,446.0,11980,0.45,5332990.7
CHCL,2024-06-03,453.9,453.9,443.2,444.0,8271,-0.45,3677618.6
CHCL,2024-06-04,442.0,444.0,437.2,437.2,50349,-1.53,22139352.1
CHCL,2024-06-05,440.0,440.0,429.9,434.0,60548,-0.73,26150289.8
CHCL,2024-06-06,434.0,439.0,432.0,432.5,8881,-0.35,3848943.7
CHCL,2024-06-09,441.1,441.1,432.6,434.9,17846,0.55,7735569.2
CHCL,2024-06-10,443.5,443.5,429.6,434.5,41446,-0.09,17939497.2
CHCL,2024-06-11,443.1,443.1,430.0,441.0,23520,1.5,10314600.4
CHCL,2024-06-12,441.0,445.7,438.0,440.0,12853,-0.23,5684364.5
CHCL,2024-06-13,446.0,446.0,434.2,441.0,32329,0.23,14201615.6
CHCL,2024-06-16,442.0,442.9,437.1,440.0,32651,-0.23,14382019.6
CHCL,2024-06-18,439.9,442.0,436.0,436.0,34690,-0.91,15237306.8
CHCL,2024-06-19,442.0,442.0,434.1,435.1,13264,-0.21,5776416.0
CHCL,2024-06-20,443.8,443.8,431.0,433.5,9149,-0.37,3978247.2
CHCL,2024-06-23,432.0,440.6,431.1,436.0,40911,0.58,17790508.4
CHCL,2024-06-24,437.0,439.9,432.1,435.0,19900,-0.23,8652143.1
CHCL,2024-06-25,430.1,441.5,430.1,441.0,30001,1.38,13158025.0
CHCL,2024-06-26,436.0,439.0,434.5,435.0,16588,-1.36,7230670.9
CHCL,2024-06-27,432.0,435.0,431.1,433.0,12682,-0.46,5482951.8
CHCL,2024-06-30,432.0,433.0,429.4,431.1,25109,-0.44,10818829.8
CHCL,2024-07-01,428.0,435.0,427.0,431.0,16699,-0.02,7201624.0
CHCL,2024-07-02,439.6,457.2,436.0,439.0,26519,1.86,11694862.3
CHCL,2024-07-03,433.0,439.0,433.0,437.9,16704,-0.25,7293680.7
CHCL,2024-07-04,435.0,442.8,435.0,440.0,18812,0.48,8266382.1
CHCL,2024-07-07,440.0,444.9,438.0,441.3,30476,0.3,13449526.6
CHCL,2024-07-08,445.0,446.0,438.0,438.0,22735,-0.75,10005228.8
CHCL,2024-07-09,438.1,443.0,436.3,442.0,26043,0.91,11442917.5
CHCL,2024-07-10,443.6,452.0,441.2,444.0,28000,0.45,12496488.8
CHCL,2024-07-11,450.0,450.0,442.0,444.0,33155,0.0,14736255.5
CHCL,2024-07-14,450.0,459.0,449.0,457.9,50873,3.13,23058646.1
CHCL,2024-07-15,460.0,465.0,455.1,465.0,65737,1.55,30222602.7
CHCL,2024-07-16,456.3,503.0,456.2,498.0,173642,7.1,83932213.8
CHCL,2024-07-17,500.0,535.0,500.0,535.0,305266,7.43,158768408.0
CHCL,2024-07-18,543.0,545.7,525.1,543.0,216296,1.5,115715862.4
CHCL,2024-07-21,543.0,555.0,527.4,544.0,251633,0.18,137381069.8
CHCL,2024-07-22,545.0,552.8,527.2,544.9,288414,0.17,155623906.4
CHCL,2024-07-23,551.2,561.0,535.0,556.0,287235,2.04,157943314.7
CHCL,2024-07-24,567.1,567.1,543.0,547.0,228960,-1.62,125717223.3
CHCL,2024-07-25,540.0,559.0,540.0,559.0,179481,2.19,98936436.5
CHCL,2024-07-28,570.0,580.0,546.2,580.0,294405,3.76,166048599.5
CHCL,2024-07-29,568.5,617.3,568.5,595.4,502486,2.66,302700048.3
CHCL,2024-07-30,600.0,624.0,592.1,624.0,458052,4.8,277623642.3
CHCL,2024-07-31,624.0,641.0,620.0,637.0,393176,2.08,248081832.9
CHCL,2024-08-01,638.0,645.6,623.1,625.0,259707,-1.88,164221195.5
CHCL,2024-08-05,625.0,642.0,618.7,627.0,338418,0.32,213672925.3
CHCL,2024-08-06,630.0,635.0,590.0,594.0,347751,-5.26,213168956.6
CHCL,2024-08-07,582.2,653.0,582.2,652.0,556516,9.76,350013558.5
CHCL,2024-08-08,665.0,697.0,660.0,673.0,441334,3.22,297834045.5
CHCL,2024-08-11,673.0,685.0,667.0,678.6,418051,0.83,282489073.2
CHCL,2024-08-12,678.6,690.0,668.4,677.0,501315,-0.24,340543033.1
CHCL,2024-08-13,685.0,686.0,660.1,662.0,311116,-2.22,208014291.2
CHCL,2024-08-14,663.3,687.0,654.1,673.0,216691,1.66,144864062.0
CHCL,2024-08-15,673.0,688.0,662.5,662.7,260274,-1.53,175822920.0
CHCL,2024-08-18,668.0,670.0,639.0,639.0,226349,-3.58,147773833.3
CHCL,2024-08-21,651.7,652.0,633.3,639.0,234385,0.0,150414735.3
CHCL,2024-08-22,643.9,646.5,633.1,635.1,171438,-0.61,109435984.8
CHCL,2024-08-25,647.0,647.0,615.2,620.9,199604,-2.24,123932520.5
CHCL,2024-08-27,621.0,621.0,593.0,600.0,241831,-3.37,145554800.6
CHCL,2024-08-28,602.2,620.0,585.0,588.1,146018,-1.98,87523235.7
CHCL,2024-08-29,598.9,598.9,572.0,578.0,156721,-1.72,90962916.4
CHCL,2024-09-01,567.0,589.5,567.0,572.0,105872,-1.04,61023905.5
CHCL,2024-09-02,561.0,599.0,561.0,597.0,169456,4.37,98572164.1
CHCL,2024-09-03,600.0,608.0,581.0,595.0,92028,-0.34,54538281.9
CHCL,2024-09-04,606.9,606.9,570.4,572.5,222584,-3.78,128914166.0
CHCL,2024-09-05,572.0,579.9,566.0,568.1,79248,-0.77,45228422.3
CHCL,2024-09-08,579.0,579.0,560.0,560.5,60051,-1.34,34168751.5
CHCL,2024-09-09,561.0,564.1,544.0,545.1,78302,-2.75,43245026.9
CHCL,2024-09-10,555.0,566.0,539.6,546.0,56725,0.17,31104252.8
CHCL,2024-09-11,545.1,562.0,545.0,552.3,52106,1.15,28860863.4
CHCL,2024-09-12,551.4,565.0,551.0,565.0,48654,2.3,27121932.8
CHCL,2024-09-15,565.0,576.0,548.0,554.0,64919,-1.95,36273738.7
CHCL,2024-09-16,549.0,554.0,540.0,540.0,70829,-2.53,38489287.4
CHCL,2024-09-18,536.0,547.0,533.1,539.1,31194,-0.17,16823895.0
CHCL,2024-09-22,539.0,561.0,539.0,552.8,54534,2.54,30037126.2
CHCL,2024-09-23,563.8,563.8,542.0,543.0,55521,-1.77,30174053.0
CHCL,2024-09-24,540.1,550.0,536.1,538.0,61115,-0.92,33073116.5
CHCL,2024-09-25,538.0,551.6,536.0,551.6,54261,2.53,29643088.4
CHCL,2024-09-26,553.0,559.0,544.0,544.0,31843,-1.38,17494996.1
CHCL,2024-09-29,540.0,545.1,534.6,544.0,37502,0.0,20264484.5
CHCL,2024-09-30,542.0,554.0,540.0,550.0,29320,1.1,16044851.6
CHCL,2024-10-01,551.0,575.0,550.1,574.0,92471,4.36,52076813.6
CHCL,2024-10-02,575.1,580.0,555.1,564.2,36050,-1.71,20412320.7
CHCL,2024-10-06,575.4,579.0,557.7,577.0,42421,2.27,24090924.9
CHCL,2024-10-07,578.0,601.8,578.0,583.7,85880,1.16,50725407.9
CHCL,2024-10-08,595.0,595.0,576.0,579.0,132639,-0.81,78114945.7
CHCL,2024-10-09,579.0,588.0,578.0,587.0,15559,1.38,9088800.4
CHCL,2024-10-15,590.0,590.0,584.0,584.0,12312,-0.51,7208908.4
CHCL,2024-10-16,595.6,599.0,585.3,598.7,156885,2.52,93325474.7
CHCL,2024-10-17,595.0,601.8,589.0,595.0,53912,-0.62,32153799.9
CHCL,2024-10-20,583.1,590.0,571.5,579.0,45353,-2.69,26425440.2
CHCL,2024-10-21,568.6,577.0,566.5,572.0,45218,-1.21,25709785.0
CHCL,2024-10-22,572.0,577.0,560.0,577.0,30932,0.87,17581113.4
CHCL,2024-10-23,570.0,582.4,563.5,568.9,33394,-1.4,19014211.7
CHCL,2024-10-24,563.0,572.0,561.1,563.0,30731,-1.04,17327874.0
CHCL,2024-10-27,560.3,570.0,560.2,563.3,14772,0.05,8338795.9
CHCL,2024-10-28,563.0,572.5,563.0,572.0,22543,1.54,12848334.4
CHCL,2024-10-29,578.9,585.0,572.2,583.0,52181,1.92,30330010.4
CHCL,2024-10-30,592.0,592.0,580.3,585.0,29479,0.34,17209401.8
CHCL,2024-11-05,592.0,602.0,588.1,591.7,89818,1.15,53362095.1
CHCL,2024-11-06,592.0,599.4,584.6,589.8,37928,-0.32,22338989.8
CHCL,2024-11-10,585.1,608.0,585.1,602.0,99027,2.07,59414406.9
CHCL,2024-11-11,610.0,610.0,597.0,600.0,69721,-0.33,42011098.0
CHCL,2024-11-12,605.0,605.0,592.2,592.2,61989,-1.3,37050039.0
CHCL,2024-11-13,604.0,604.0,585.0,585.0,31884,-1.22,18807275.1
CHCL,2024-11-14,596.7,596.7,581.2,593.0,57609,1.37,33923162.4
CHCL,2024-11-17,597.2,605.0,595.0,595.0,72076,0.34,43232569.8
CHCL,2024-11-19,595.0,597.0,578.0,580.0,61712,-2.52,35993329.4
CHCL,2024-11-20,576.0,585.5,574.3,580.0,25515,0.0,14776312.0
CHCL,2024-11-21,580.0,580.9,574.0,579.0,37350,-0.17,21528270.5
CHCL,2024-11-24,589.0,610.0,583.0,592.0,177740,2.25,106574155.4
CHCL,2024-11-25,598.9,598.9,585.0,592.0,55269,0.0,32652124.5
CHCL,2024-11-26,603.8,603.8,580.0,588.0,54793,-0.68,32116927.0
CHCL,2024-11-27,587.1,598.0,587.0,594.0,54881,1.02,32506233.5
CHCL,2024-11-28,600.0,600.0,586.5,592.9,29979,-0.19,17710231.9
CHCL,2024-12-01,583.0,589.7,576.0,580.5,53163,-2.09,30946190.9
CHCL,2024-12-02,580.1,588.1,579.0,582.5,43916,0.34,25598358.3
CHCL,2024-12-03,587.2,587.2,579.0,581.0,34878,-0.26,20238247.0
CHCL,2024-12-04,571.1,586.5,571.1,583.9,35473,0.5,20594236.7
CHCL,2024-12-05,578.0,582.0,572.0,572.6,36194,-1.94,20824569.9
CHCL,2024-12-08,572.0,576.3,561.4,565.2,51782,-1.29,29429847.4
CHCL,2024-12-09,560.0,573.0,560.0,565.0,21212,-0.04,12011787.1
CHCL,2024-12-10,556.0,570.0,556.0,560.5,17151,-0.8,9689765.1
CHCL,2024-12-11,561.2,574.4,561.2,570.0,29983,1.69,17023819.1
CHCL,2024-12-12,570.0,577.0,555.0,560.0,40706,-1.75,22953239.5
CHCL,2024-12-16,550.2,560.0,550.2,557.0,32071,-0.54,17862388.1
CHCL,2024-12-17,568.0,572.0,563.1,563.5,65659,1.17,37126381.8
CHCL,2024-12-18,569.0,569.0,563.1,566.0,27727,0.44,15714947.0
CHCL,2024-12-19,567.1,567.9,557.5,563.9,36473,-0.37,20452290.5
CHCL,2024-12-22,558.0,567.8,558.0,563.9,24520,0.0,13795719.0
CHCL,2024-12-23,563.1,568.0,560.0,564.0,22800,0.02,12843519.6
CHCL,2024-12-24,564.0,575.0,564.0,569.0,27483,0.89,15704569.0
CHCL,2024-12-26,557.7,580.0,557.7,570.0,33709,0.18,19173013.4
CHCL,2024-12-29,570.0,575.0,566.0,570.0,91066,0.0,51935385.5
CHCL,2024-12-31,517.0,520.0,498.0,504.8,64875,-2.58,32519210.0
CHCL,2025-01-01,500.0,508.9,500.0,508.5,18272,0.73,9234125.9
CHCL,2025-01-02,509.0,514.7,509.0,510.3,18067,0.35,9251702.9
CHCL,2025-01-05,519.8,519.8,502.7,509.0,27092,-0.25,13731051.4
CHCL,2025-01-06,501.0,515.3,501.0,515.3,37855,1.24,19374081.0
CHCL,2025-01-07,525.6,525.6,507.0,512.0,29705,-0.64,15177235.6
CHCL,2025-01-08,522.2,522.2,509.0,511.0,22756,-0.2,11647180.2
CHCL,2025-01-09,511.0,517.0,509.2,510.5,119900,-0.1,61182991.5
CHCL,2025-01-12,520.7,520.7,500.2,504.0,17006,-1.27,8586189.9
CHCL,2025-01-13,500.0,513.1,500.0,501.4,124943,-0.52,63861207.1
CHCL,2025-01-15,511.4,512.0,500.0,500.4,14058,-0.2,7064739.9
CHCL,2025-01-16,500.4,509.7,497.1,498.6,17960,-0.36,9015503.6
CHCL,2025-01-19,501.0,507.0,496.0,500.1,28946,0.3,14525770.3
CHCL,2025-01-20,509.9,509.9,499.0,501.0,60133,0.18,30078325.1
CHCL,2025-01-21,498.0,501.0,498.0,500.0,31036,-0.2,15522052.2
CHCL,2025-01-22,500.0,514.9,499.0,514.9,71874,2.98,36352247.1
CHCL,2025-01-23,520.0,520.0,505.1,519.0,38557,0.8,19717041.0
CHCL,2025-01-26,510.0,516.8,502.2,510.9,19977,-1.56,10244313.5
CHCL,2025-01-27,511.0,511.0,503.3,508.4,26490,-0.49,13399285.1
CHCL,2025-01-28,505.0,510.2,498.0,505.0,58366,-0.67,29370376.6
CHCL,2025-02-02,507.0,520.5,507.0,518.0,88364,2.57,45373090.6
CHCL,2025-02-03,511.0,541.6,511.0,526.5,160753,1.64,85521170.4
CHCL,2025-02-04,527.0,533.0,523.0,524.0,78784,-0.47,41511465.9
CHCL,2025-02-05,527.6,527.6,520.0,520.4,59283,-0.69,31033842.3
CHCL,2025-02-06,526.5,543.0,518.0,535.0,156443,2.81,83275436.9
CHCL,2025-02-09,535.1,536.0,523.0,524.1,62587,-2.04,33159205.4
CHCL,2025-02-10,531.0,531.0,517.5,524.9,48931,0.15,25590475.1
CHCL,2025-02-11,516.5,529.0,515.1,525.0,44446,0.02,23280349.3
CHCL,2025-02-12,515.6,531.9,515.6,529.0,59327,0.76,31407334.7
CHCL,2025-02-13,520.1,540.6,520.0,534.0,103270,0.95,55041697.6
CHCL,2025-02-16,528.3,534.0,527.0,533.0,33847,-0.19,17979540.2
CHCL,2025-02-17,535.0,535.0,525.0,526.0,30226,-1.31,16012876.5
CHCL,2025-02-18,530.2,530.2,520.0,522.0,37625,-0.76,19748161.3
CHCL,2025-02-20,520.1,524.0,511.6,518.0,37492,-0.77,19353206.2
CHCL,2025-02-23,516.0,520.0,508.0,516.9,43214,-0.21,22258748.8
CHCL,2025-02-24,513.1,525.3,511.0,524.0,51064,1.37,26497812.9
CHCL,2025-02-25,517.0,530.0,510.6,524.8,100372,0.15,51892435.2
CHCL,2025-02-27,528.4,540.0,515.0,540.0,73973,2.9,39237016.6
CHCL,2025-03-02,540.0,551.0,536.0,550.7,125379,1.98,68684198.9
CHCL,2025-03-03,556.2,558.3,537.0,539.0,91865,-2.12,49966390.2
CHCL,2025-03-04,540.0,541.0,530.0,533.0,57440,-1.11,30785549.4
CHCL,2025-03-05,533.0,533.0,521.0,522.8,47580,-1.91,24924370.4
CHCL,2025-03-06,525.5,529.7,518.0,529.6,43314,1.3,22659791.7
CHCL,2025-03-09,530.0,533.4,520.0,525.0,68805,-0.87,36392707.8
CHCL,2025-03-10,532.0,534.0,515.1,516.3,23864,-1.66,12463393.7
CHCL,2025-03-11,517.0,525.6,512.0,513.0,43104,-0.64,22376521.6
CHCL,2025-03-12,507.1,515.5,507.1,510.0,29039,-0.58,14853732.5
CHCL,2025-03-16,511.0,512.0,504.0,505.1,29650,-0.96,15020292.1
CHCL,2025-03-17,506.0,510.0,500.0,503.9,25453,-0.24,12824806.4
CHCL,2025-03-18,504.2,507.0,495.0,502.3,53148,-0.32,26631111.4
CHCL,2025-03-19,501.0,503.7,495.0,498.8,28874,-0.7,14392380.3
CHCL,2025-03-20,499.0,499.0,490.1,491.23,31034,-1.52,15319492.2
CHCL,2025-03-23,496.0,496.0,482.0,483.35,43867,-1.6,21329286.7
CHCL,2025-03-24,485.3,496.3,478.6,489.75,46495,1.32,22591590.7
CHCL,2025-03-25,485.0,485.0,476.0,476.91,53572,-2.62,25705588.1
CHCL,2025-03-26,482.0,483.0,476.5,478.53,33332,0.34,15983913.0
CHCL,2025-03-27,478.0,498.0,477.3,488.59,45311,2.1,21816264.7
CHCL,2025-03-30,485.0,498.3,480.0,490.31,68326,0.35,33491371.2
CHCL,2025-04-01,490.0,491.0,481.0,483.04,39625,-1.48,19183954.5
CHCL,2025-04-02,480.3,487.0,480.0,481.34,31846,-0.35,15387883.7
CHCL,2025-04-03,481.5,486.6,480.2,481.48,27770,0.03,13448336.3
CHCL,2025-04-07,481.0,483.0,476.9,477.23,108920,-0.88,52257925.9
CHCL,2025-04-08,478.0,478.1,472.5,473.33,35484,-0.82,16824433.0
CHCL,2025-04-09,482.0,482.0,473.0,475.25,44671,0.41,21297405.5
CHCL,2025-04-10,474.0,479.8,470.0,473.93,50652,-0.28,23945185.1
CHCL,2025-04-13,480.0,480.0,473.0,475.08,24766,0.24,11776071.6
CHCL,2025-04-15,475.0,487.7,471.0,484.11,42529,1.9,20525032.6
CHCL,2025-04-16,485.1,485.5,474.5,483.45,72379,-0.14,34683107.4
CHCL,2025-04-17,483.0,498.0,483.0,489.25,74572,1.2,36592208.1
CHCL,2025-04-20,488.0,512.0,487.0,495.02,127350,1.18,63645436.0
CHCL,2025-04-21,504.9,504.9,494.0,496.72,71234,0.34,35494212.6
CHCL,2025-04-22,499.8,499.8,486.1,487.77,49812,-1.8,24462460.0
CHCL,2025-04-23,486.0,492.0,474.1,475.11,145368,-2.6,69219887.5
CHCL,2025-04-24,476.0,480.0,469.7,477.07,54611,0.41,25834951.6
CHCL,2025-04-27,480.1,498.6,476.3,489.72,101346,2.65,49336282.2
CHCL,2025-04-28,491.0,497.0,481.0,482.39,86774,-1.5,42402908.4
CHCL,2025-04-29,472.8,497.0,472.8,478.52,65150,-0.8,31351780.7
CHCL,2025-04-30,485.0,494.0,480.3,486.06,73955,1.58,36062854.6
CHCL,2025-05-04,493.0,502.0,486.2,492.91,99801,1.41,49547610.9
CHCL,2025-05-05,500.0,500.0,485.0,486.7,54997,-1.26,26911552.9
CHCL,2025-05-06,494.0,500.0,487.9,493.61,78515,1.42,38851637.4
CHCL,2025-05-07,500.0,528.0,495.0,522.04,340772,5.76,176904030.8
CHCL,2025-05-08,519.0,522.9,508.0,514.79,122810,-1.39,63191768.2
CHCL,2025-05-11,515.0,520.0,497.9,498.37,122186,-3.19,61660943.1
CHCL,2025-05-13,489.0,505.0,489.0,490.31,78239,-1.62,38480240.3
CHCL,2025-05-14,490.0,495.5,480.6,482.02,57583,-1.69,28022429.9
CHCL,2025-05-15,473.0,488.0,473.0,482.65,51395,0.13,24770027.9
CHCL,2025-05-18,485.0,488.8,477.3,479.23,50384,-0.71,24223915.0
CHCL,2025-05-19,488.0,491.9,480.0,482.12,28533,0.6,13792202.6
CHCL,2025-05-20,489.0,496.0,480.0,494.81,44746,2.63,21916331.6
CHCL,2025-05-21,503.0,513.8,487.1,490.0,90756,-0.97,45013501.5
CHCL,2025-05-22,490.0,494.1,482.0,486.11,29675,-0.79,14490949.2
CHCL,2025-05-25,489.9,493.0,483.0,488.64,33539,0.52,16340264.0
CHCL,2025-05-26,498.4,500.0,486.1,487.26,39153,-0.28,19189681.2
CHCL,2025-05-27,489.9,492.9,485.0,487.12,24937,-0.03,12197920.6
CHCL,2025-05-28,483.0,505.0,483.0,495.14,68368,1.65,33898012.5
CHCL,2025-06-02,501.5,501.5,488.0,488.51,43138,-1.34,21257531.3
CHCL,2025-06-03,490.0,496.9,484.8,488.37,57331,-0.03,28040961.5
CHCL,2025-06-04,485.0,490.0,481.4,483.25,38271,-1.05,18536105.9
CHCL,2025-06-05,489.9,493.6,479.0,486.77,41081,0.73,20010813.7
CHCL,2025-06-08,496.5,529.9,487.0,525.75,506439,8.01,262219785.9
CHCL,2025-06-09,530.0,554.3,522.1,551.66,573296,4.93,312158537.0
CHCL,2025-06-10,562.0,570.0,550.1,555.85,494798,0.76,278485999.6
CHCL,2025-06-11,566.0,585.9,545.2,581.12,839501,4.55,475234308.7
CHCL,2025-06-12,582.0,589.0,564.2,567.37,531596,-2.37,306559334.1
CHCL,2025-06-15,578.0,584.9,568.0,581.76,726667,2.54,419478440.4
CHCL,2025-06-16,575.0,599.6,572.0,574.95,714487,-1.17,419724005.1
CHCL,2025-06-17,570.0,578.0,563.3,574.13,344830,-0.14,196681373.0
CHCL,2025-06-18,577.0,582.1,571.0,574.9,306230,0.13,176668559.1
CHCL,2025-06-19,563.6,585.0,560.0,564.36,384294,-1.83,221360532.8
CHCL,2025-06-22,570.0,570.0,539.1,540.99,226790,-4.14,124546688.0
CHCL,2025-06-23,541.0,547.9,532.0,542.91,144302,0.35,78268583.7
CHCL,2025-06-24,553.7,555.0,535.0,535.25,197323,-1.41,107255758.4
CHCL,2025-06-25,536.0,550.0,533.0,545.68,202235,1.95,110053654.2
CHCL,2025-06-26,547.0,558.9,541.0,541.78,284064,-0.71,156738541.1
CHCL,2025-06-29,545.0,551.0,538.5,546.67,185970,0.9,101075046.9
CHCL,2025-06-30,542.0,563.0,542.0,544.22,167366,-0.45,92020161.9
CHCL,2025-07-01,550.0,554.9,546.0,548.94,142578,0.87,78418802.0
CHCL,2025-07-02,559.9,559.9,543.1,543.91,165118,-0.92,90347191.6
CHCL,2025-07-03,554.7,554.7,536.0,536.72,222807,-1.32,120568888.8
CHCL,2025-07-06,538.1,542.0,532.0,534.56,147550,-0.4,79347009.7
CHCL,2025-07-07,535.0,535.0,527.1,528.08,101078,-1.21,53703410.4
CHCL,2025-07-08,538.6,538.6,515.2,528.37,120957,0.05,63400251.2
CHCL,2025-07-09,525.0,534.9,525.0,526.85,72841,-0.29,38562995.5
CHCL,2025-07-10,526.0,532.0,520.5,524.22,113946,-0.5,60078227.8
CHCL,2025-07-13,534.7,544.0,520.0,521.61,113645,-0.5,59642397.2
CHCL,2025-07-14,523.0,528.0,519.0,520.0,98968,-0.31,51683948.0
CHCL,2025-07-15,520.0,529.0,518.2,528.09,122790,1.56,64522714.9
CHCL,2025-07-16,530.0,540.0,529.0,533.45,196002,1.01,104603930.7
CHCL,2025-07-17,538.0,550.0,538.0,547.62,181607,2.66,99240283.7
CHCL,2025-07-20,553.8,557.9,543.2,544.03,228991,-0.66,125880363.1
CHCL,2025-07-21,544.0,550.0,540.0,546.26,113277,0.41,61793550.3
CHCL,2025-07-22,554.0,564.0,546.0,558.08,223193,2.16,124411636.2
CHCL,2025-07-23,560.0,565.0,549.0,554.3,137844,-0.68,76580027.6
CHCL,2025-07-24,560.0,584.0,555.0,572.71,335023,3.32,191517362.5
CHCL,2025-07-27,580.0,583.0,557.0,559.11,260859,-2.37,148652465.5
CHCL,2025-07-28,565.0,565.0,545.2,555.69,141313,-0.61,78205209.0
CHCL,2025-07-29,565.9,565.9,553.2,554.55,135350,-0.21,75308060.1
CHCL,2025-07-30,563.9,563.9,544.1,544.93,124042,-1.73,67956550.1
CHCL,2025-07-31,545.0,548.9,535.0,537.2,121812,-1.42,65896188.6
CHCL,2025-08-03,537.0,550.0,535.0,538.36,108426,0.22,58670170.3
CHCL,2025-08-04,540.0,548.3,533.0,539.83,120171,0.27,64764914.3
CHCL,2025-08-05,549.8,549.8,528.3,531.38,75256,-1.57,40231033.6
CHCL,2025-08-06,532.0,538.0,528.6,529.75,80655,-0.31,42840752.4
CHCL,2025-08-07,530.0,540.0,528.5,529.59,64889,-0.03,34413183.6
CHCL,2025-08-11,539.8,539.8,525.2,526.85,49883,-0.52,26428228.7
CHCL,2025-08-12,530.0,530.0,518.3,520.12,81995,-1.28,42839930.1
CHCL,2025-08-13,520.0,527.9,518.0,519.77,62525,-0.07,32624317.5
CHCL,2025-08-14,520.0,525.0,516.5,523.31,53005,0.68,27577032.8
CHCL,2025-08-17,524.1,529.0,515.1,515.83,50050,-1.43,26012447.5
CHCL,2025-08-18,516.0,524.0,516.0,517.23,30589,0.27,15857692.0
CHCL,2025-08-19,517.1,526.9,515.6,516.8,45365,-0.08,23530821.1
CHCL,2025-08-20,520.0,520.0,512.0,513.28,28963,-0.68,14891103.0
CHCL,2025-08-21,511.1,516.7,510.0,511.59,42766,-0.33,21899322.3
CHCL,2025-08-24,510.2,514.0,504.0,505.9,48808,-1.11,24808170.5
CHCL,2025-08-25,514.0,514.0,505.0,506.26,32131,0.07,16284671.3
CHCL,2025-08-26,506.8,511.0,506.0,508.27,12023,0.4,6112093.6
CHCL,2025-08-27,518.4,518.5,509.0,517.78,25894,1.87,13346562.9
CHCL,2025-08-28,519.0,525.0,509.9,510.16,45569,-1.47,23359321.0
CHCL,2025-08-31,510.0,516.9,504.0,506.07,36802,-0.8,18618180.3
CHCL,2025-09-01,516.1,516.1,500.0,508.22,40378,0.42,20353713.5
CHCL,2025-09-02,518.3,518.3,502.0,504.71,29145,-0.69,14720776.0
CHCL,2025-09-03,501.0,507.9,501.0,504.28,33681,-0.09,16965765.1
CHCL,2025-09-04,502.0,511.0,499.0,503.2,49479,-0.21,24864362.7
CHCL,2025-09-07,493.2,503.0,493.2,501.49,35260,-0.34,17644236.4
CHCL,2025-09-08,491.5,505.0,491.5,497.36,27390,-0.82,13646413.8
CHCL,2025-09-18,488.0,490.0,456.0,464.0,10795,-6.71,5092344.4
CHCL,2025-09-21,460.0,500.0,458.1,491.68,85259,5.97,41415285.1
CHCL,2025-09-23,500.0,504.0,490.0,502.2,41659,2.14,20754113.8
CHCL,2025-09-24,505.0,505.0,495.1,496.0,18374,-1.23,9179168.9
CHCL,2025-09-25,487.0,501.0,487.0,497.0,11872,0.2,5919702.4
CHCL,2025-09-28,500.0,505.0,496.0,503.0,18448,1.21,9209494.2
CHCL,2025-10-07,505.0,505.0,490.2,497.3,22538,-1.13,11164682.8
CHCL,2025-10-08,496.0,496.0,484.5,490.0,51264,-1.47,24958909.1
CHCL,2025-10-09,499.8,518.9,495.0,495.9,35740,1.2,17816296.5
CHCL,2025-10-12,498.0,498.0,478.0,482.0,61281,-2.8,29478360.9
CHCL,2025-10-13,491.0,491.0,480.0,486.0,22822,0.83,11064575.5
CHCL,2025-10-14,490.0,494.7,481.0,483.0,22528,-0.62,10878711.7
CHCL,2025-10-15,483.0,488.0,480.0,482.7,24904,-0.06,12036491.6
CHCL,2025-10-16,489.0,489.0,475.3,484.0,29239,0.27,14025079.1
CHCL,2025-10-19,478.0,483.0,478.0,481.0,22812,-0.62,10946528.2
CHCL,2025-10-26,475.5,482.0,471.6,480.1,15304,-0.19,7305580.8
CHCL,2025-10-28,480.0,495.0,475.6,490.0,29571,2.06,14465540.0
CHCL,2025-10-29,491.0,498.2,488.0,489.0,25173,-0.2,12406015.9
CHCL,2025-10-30,482.3,516.9,482.0,504.0,55378,3.07,27475779.9
CHCL,2025-11-02,514.0,514.0,500.0,503.0,37649,-0.2,19002374.2
CHCL,2025-11-03,500.0,509.0,495.0,496.0,31400,-1.39,15698901.4
CHCL,2025-11-04,498.0,500.0,490.1,494.9,20821,-0.22,10282849.3
CHCL,2025-11-05,486.1,495.0,485.4,490.0,25860,-0.99,12639272.5
CHCL,2025-11-06,487.1,495.0,485.0,490.0,25034,0.0,12237121.9
CHCL,2025-11-09,482.0,492.0,481.8,486.6,16590,-0.69,8070120.6
CHCL,2025-11-10,486.6,490.0,480.5,484.9,32092,-0.35,15538114.9
CHCL,2025-11-11,480.2,494.0,480.2,488.0,10301,0.64,5001767.8
CHCL,2025-11-12,488.0,497.7,480.2,490.0,15183,0.41,7393951.1
CHCL,2025-11-13,484.0,490.4,480.5,484.6,41395,-1.1,19979539.5
CHCL,2025-11-16,486.1,487.1,479.3,480.7,56601,-0.8,27322774.8
CHCL,2025-11-17,477.1,487.0,476.0,484.0,24186,0.69,11709386.0
CHCL,2025-11-18,477.0,488.8,477.0,482.5,55715,-0.31,26955807.2
CHCL,2025-11-19,485.0,485.0,480.0,482.8,28461,0.06,13703610.5
CHCL,2025-11-20,480.0,483.9,477.3,483.9,44048,0.23,21140811.1
CHCL,2025-11-23,481.1,491.9,481.0,490.7,33020,1.41,16088730.5
CHCL,2025-11-24,497.2,500.0,488.5,497.0,50059,1.28,24836745.1
CHCL,2025-11-25,496.2,509.0,496.0,501.1,74744,0.82,37477076.7
CHCL,2025-11-26,511.0,511.0,500.1,506.0,54116,0.98,27246995.6
CHCL,2025-11-27,510.0,514.0,499.1,505.5,38981,-0.1,19638061.1
CHCL,2025-11-30,506.0,510.0,495.0,496.0,52529,-1.88,26427215.4
CHCL,2025-12-01,505.9,505.9,494.2,495.9,14967,-0.02,7433157.2
CHCL,2025-12-02,501.0,503.0,493.0,495.1,18527,-0.16,9214660.4
CHCL,2025-12-03,500.0,500.0,490.0,490.0,40363,-1.03,19960853.4
CHCL,2025-12-07,494.9,495.1,488.1,490.0,34580,0.0,16943173.4
CHCL,2025-12-08,499.8,499.8,488.0,491.0,29097,0.2,14255315.7
CHCL,2025-12-09,492.0,495.0,489.5,495.0,25076,0.81,12350952.4
CHCL,2025-12-10,492.0,495.0,490.2,492.2,20239,-0.57,9972874.4
CHCL,2025-12-11,493.0,498.0,491.0,491.2,17034,-0.2,8388308.0
CHCL,2025-12-14,491.2,494.0,488.1,491.5,50370,0.06,24691659.0
CHCL,2025-12-15,489.0,493.0,488.2,490.0,24996,-0.31,12244727.3
CHCL,2025-12-16,493.0,495.0,490.0,495.0,13540,1.02,6668480.3
CHCL,2025-12-17,495.0,500.0,492.7,496.0,13510,0.2,6690218.4
CHCL,2025-12-18,496.0,499.0,490.5,491.5,15634,-0.91,7693868.4
CHCL,2025-12-21,490.0,492.0,488.6,490.9,24182,-0.12,11841775.0
CHCL,2025-12-22,495.0,495.0,488.5,491.0,22456,0.02,11007310.1
CHCL,2025-12-23,499.0,499.0,488.0,494.1,28421,0.63,13982738.9
CHCL,2025-12-24,494.5,503.0,494.0,498.0,66630,0.79,33233262.0
CHCL,2025-12-28,501.0,505.2,499.0,504.9,72382,1.39,36337262.4
CHCL,2025-12-29,506.0,507.7,499.0,501.5,66397,-0.67,33352428.5
CHCL,2025-12-31,505.0,510.0,502.2,506.9,134557,1.08,68041541.3
CHCL,2026-01-01,464.0,478.1,464.0,471.0,40421,0.35,19064169.9
CHCL,2026-01-04,472.0,473.0,469.0,470.5,69102,-0.11,32540467.3
CHCL,2026-01-05,473.9,473.9,468.0,470.2,23284,-0.06,10942964.8
CHCL,2026-01-06,473.0,473.0,469.0,470.9,24897,0.15,11717578.3
CHCL,2026-01-07,473.0,473.0,470.0,471.0,27147,0.02,12788086.8
CHCL,2026-01-08,471.0,473.0,467.0,470.9,51571,-0.02,24246067.8
CHCL,2026-01-12,480.3,480.3,465.1,470.0,41479,-0.19,19403503.5
CHCL,2026-01-13,479.0,479.0,465.0,474.0,40095,0.85,18947345.8
CHCL,2026-01-14,479.0,479.0,470.0,470.0,41135,-0.84,19383522.3
CHCL,2026-01-18,470.0,474.9,470.0,473.0,28576,0.64,13480526.7
CHCL,2026-01-20,478.0,480.0,474.2,475.4,50804,0.51,24193690.3
CHCL,2026-01-21,484.9,484.9,473.0,476.8,37350,0.29,17799797.7
CHCL,2026-01-22,476.8,476.8,473.1,473.1,28659,-0.78,13596067.3
CHCL,2026-01-25,475.0,486.0,475.0,486.0,61423,2.73,29553355.2
CHCL,2026-01-26,486.0,490.0,480.0,483.9,59858,-0.43,28925023.9
CHCL,2026-01-27,480.0,487.0,470.0,470.4,75032,-2.79,35757362.0
CHCL,2026-01-28,479.0,479.0,470.0,474.5,55505,0.87,26266520.3
CHCL,2026-01-29,479.0,482.0,471.1,474.0,58347,-0.11,27804164.9
CHCL,2026-02-01,480.0,480.0,469.5,470.1,42161,-0.82,19878202.2
CHCL,2026-02-02,475.9,475.9,470.0,472.0,28526,0.4,13427311.9
CHCL,2026-02-03,474.0,474.9,468.1,469.0,29136,-0.64,13715916.8
CHCL,2026-02-04,460.0,475.0,460.0,467.0,16641,-0.43,7801675.2
CHCL,2026-02-05,466.1,474.0,466.1,470.0,23969,0.64,11250656.2
CHCL,2026-02-08,470.0,476.0,468.1,470.0,25141,0.0,11854550.9
CHCL,2026-02-09,472.0,474.8,466.0,468.0,27960,-0.43,13076872.2
CHCL,2026-02-10,465.5,471.0,464.0,468.7,36142,0.15,16870899.1
CHCL,2026-02-11,478.0,478.0,466.0,469.9,27179,0.26,12756404.5
CHCL,2026-02-12,474.0,480.0,468.2,477.0,62819,1.51,29858241.5
CHCL,2026-02-16,478.0,482.5,467.5,470.0,37653,-1.47,17752411.4
CHCL,2026-02-17,474.0,474.0,464.0,466.9,41946,-0.66,19556220.6
CHCL,2026-02-22,470.0,470.0,457.0,461.9,43181,-1.07,19867107.3
CHCL,2026-02-23,462.0,465.0,458.2,460.9,20552,-0.22,9476852.6
CHCL,2026-02-24,461.0,466.0,460.9,462.9,16692,0.43,7712056.7
CHCL,2026-02-25,460.0,470.0,456.1,466.0,21656,0.67,10077462.3
CHCL,2026-02-26,475.3,475.3,461.1,468.0,29534,0.43,13737842.9
CHCL,2026-03-01,468.0,475.0,463.0,469.0,42208,0.21,19841902.9
CHCL,2026-03-03,478.3,481.0,468.8,479.9,39111,2.32,18705269.5
CHCL,2026-03-09,489.4,509.0,489.4,509.0,30,6.06,14975.0
CHCL,2026-03-10,519.1,525.0,492.0,500.1,154523,-1.75,77555082.7
CHCL,2026-03-11,510.0,518.0,495.0,503.0,117369,0.58,59554416.5
CHCL,2026-03-12,503.0,510.0,500.0,510.0,68795,1.39,34611628.0
CHCL,2026-03-15,500.0,520.0,500.0,508.6,41296,-0.27,20913443.0
CHCL,2026-03-16,508.6,508.6,496.9,496.9,72601,-2.3,36302782.9
CHCL,2026-03-17,499.9,499.9,492.1,497.1,29246,0.04,14535637.6
CHCL,2026-03-19,506.0,515.0,499.1,509.7,110706,2.53,56201022.9
CHCL,2026-03-22,517.0,517.0,507.3,508.0,135827,-0.33,69351199.3
CHCL,2026-03-23,500.0,515.0,500.0,510.5,120244,0.49,61428269.0
CHCL,2026-03-24,510.0,516.0,505.1,514.0,112908,0.69,57573298.0
CHCL,2026-03-25,514.0,515.0,506.1,511.9,51533,-0.41,26231806.7
CHCL,2026-03-26,510.0,510.7,504.1,510.5,56682,-0.27,28758258.2
CHCL,2026-03-29,520.7,520.7,498.0,498.0,128953,-2.45,64939020.8
CHCL,2026-03-30,496.0,513.0,491.8,501.0,96376,0.6,48497669.6
CHCL,2026-03-31,491.1,507.8,491.1,507.4,55860,1.28,28057408.8
CHCL,2026-04-01,499.1,508.7,491.1,493.0,52270,-2.84,25885207.2
CHCL,2026-04-02,495.0,497.0,484.2,493.8,54700,0.16,26864562.9
CHCL,2026-04-05,489.0,489.0,473.0,476.0,57591,-3.6,27461077.8
CHCL,2026-04-06,476.0,497.0,476.0,486.0,62785,2.1,30565962.6
CHCL,2026-04-07,495.5,499.6,483.0,485.9,22499,-0.02,10963761.3
CHCL,2026-04-08,488.5,494.5,479.0,490.0,40232,0.84,19635261.0
CHCL,2026-04-09,490.0,495.0,485.0,495.0,24915,1.02,12280238.1
CHCL,2026-04-10,498.0,503.0,485.0,493.0,62674,-0.4,30785521.7
CHCL,2026-04-13,502.8,502.8,490.3,495.4,29632,0.49,14625996.3
CHCL,2026-04-15,495.1,500.2,492.0,497.0,36272,0.32,18075999.1
CHCL,2026-04-16,502.9,502.9,490.0,491.4,27568,-1.13,13584293.5
CHCL,2026-04-17,501.2,501.2,488.1,492.0,21075,0.12,10345323.4
CHCL,2026-04-20,497.1,497.1,485.0,487.0,18028,-1.02,8785115.2
CHCL,2026-04-21,494.0,494.8,483.0,484.0,14699,-0.62,7123183.0
CHCL,2026-04-22,482.2,489.9,476.0,485.0,33048,0.21,15837723.5
CHCL,2026-04-23,483.0,486.0,482.0,482.1,16085,-0.6,7771439.3
CHCL,2026-04-24,486.9,486.9,475.0,479.0,14082,-0.64,6741710.9
CHCL,2026-04-27,479.0,483.0,476.1,480.0,33315,0.21,15974572.2
CHCL,2026-04-28,480.0,484.0,478.0,480.0,27724,0.0,13304323.7
CHCL,2026-04-29,480.0,483.0,475.0,479.1,21272,-0.19,10164462.5
CHCL,2026-04-30,477.0,484.9,473.0,478.5,38316,-0.13,18257463.7
CHCL,2026-05-04,480.0,480.0,471.0,471.9,21695,-1.38,10276456.4
CHCL,2026-05-05,470.5,479.0,468.0,475.0,30814,0.66,14594909.6
CHCL,2026-05-06,467.0,475.0,467.0,474.0,54070,-0.21,25493504.9
CHCL,2026-05-07,450.3,480.0,450.3,470.0,51185,-0.84,24086286.3
CHCL,2026-05-08,478.0,478.0,469.0,474.0,17142,0.85,8084833.3
CHCL,2026-05-11,479.9,480.0,475.0,479.1,22294,1.08,10665148.3
CHCL,2026-05-12,482.0,488.0,470.0,476.2,61028,-0.61,29134421.9
CHCL,2026-05-13,473.0,479.5,472.5,476.0,16783,-0.04,7994233.1
CHCL,2026-05-14,477.0,479.0,474.0,475.6,12315,-0.08,5858702.0
CHCL,2026-05-15,477.0,478.9,473.6,476.0,7290,0.08,3473837.1
CHCL,2026-05-18,476.0,480.0,474.0,480.0,26220,0.84,12550381.6
CHCL,2026-05-19,480.0,481.5,477.0,477.1,14730,-0.6,7049869.6
CHCL,2026-05-20,479.9,481.0,476.5,480.0,21428,0.61,10269819.9
CHCL,2026-05-21,480.0,482.0,476.0,479.0,15354,-0.21,7352798.8
CHCL,2026-05-22,477.6,482.0,477.6,482.0,9620,0.63,4631220.3
CHCL,2026-05-25,482.5,490.0,482.5,489.0,73257,1.45,35551681.5
CHCL,2026-05-26,491.8,491.9,483.8,486.0,39399,-0.61,19153392.7
CHCL,2026-05-27,510.3,510.3,483.1,483.6,61148,-0.49,29757773.8
CHCL,2026-06-01,507.6,507.6,484.0,491.9,68793,1.72,33593319.1
CHCL,2026-06-02,491.0,505.7,489.1,501.0,92972,1.85,46572539.0
CHCL,2026-06-03,505.0,505.0,497.7,499.0,74150,-0.4,37124290.1
CHCL,2026-06-04,492.5,501.9,492.5,500.0,30010,0.2,14987160.4
CHCL,2026-06-05,500.0,500.0,495.0,495.4,33537,-0.92,16630481.5
CHCL,2026-06-08,496.0,496.0,489.9,490.0,25729,-1.09,12624821.9
CHCL,2026-06-09,490.0,491.0,485.1,489.0,15728,-0.2,7647551.5
CHCL,2026-06-10,490.0,490.0,483.1,483.1,22811,-1.21,11056090.8
CHCL,2026-06-11,486.0,488.9,480.6,484.9,10549,0.37,5102757.0
CHCL,2026-06-12,489.0,489.0,480.8,483.4,13066,-0.31,6313401.8
CHCL,2026-06-15,483.0,485.0,480.0,482.0,34538,-0.29,16640375.5
CHCL,2026-06-16,484.0,488.0,479.1,481.9,12988,-0.02,6254521.5
CHCL,2026-06-17,480.1,485.0,480.1,482.0,20472,0.02,9885752.2
CHCL,2026-06-18,482.0,486.9,480.5,484.0,28058,0.41,13541718.3
CHCL,2026-06-19,508.2,508.2,481.0,487.0,26489,0.62,12853126.3
CHCL,2026-06-22,500.0,500.0,485.0,486.0,13823,-0.21,6731348.9
CHCL,2026-06-23,486.0,486.0,478.0,485.0,26166,-0.21,12608589.8
CHCL,2026-06-24,481.0,486.0,478.0,479.0,20045,-1.24,9610137.0
CHCL,2026-06-25,479.0,480.0,477.0,478.3,11918,-0.15,5700981.9
CHCL,2026-06-26,483.0,483.0,476.6,477.0,12562,-0.27,6002379.8
CHCL,2026-06-29,477.0,477.0,475.0,476.0,30778,-0.21,14634433.8
CHCL,2026-06-30,477.0,477.0,472.0,472.5,11763,-0.74,5576900.8
CHCL,2026-07-01,477.0,482.9,476.0,481.0,14543,1.8,6970295.1
CHCL,2026-07-02,481.0,481.9,474.0,480.0,29848,-0.21,14225636.9
CHCL,2026-07-03,480.0,483.9,478.0,482.0,8055,0.42,3884457.5
CHCL,2026-07-06,482.0,486.0,475.0,479.0,7045,-0.62,3388740.2
CHCL,2026-07-07,480.0,482.9,478.0,479.1,11937,0.02,5735276.6
CHCL,2026-07-08,485.0,485.0,475.0,475.1,19146,-0.83,9138108.4
CHCL,2026-07-09,475.1,480.0,475.1,477.0,21633,0.4,10335372.1
CHCL,2026-07-10,477.0,480.0,475.1,478.0,37671,0.21,17994394.8
CHCL,2026-07-13,478.0,480.0,475.0,476.0,12296,-0.42,5869707.3
CHCL,2026-07-14,499.8,499.8,470.4,477.9,8353,0.4,3966676.2
CHCL,2026-07-15,482.0,482.0,476.0,476.1,20387,-0.38,9760660.7
CHCL,2026-07-16,477.2,480.0,475.1,475.1,14892,-0.21,7085257.6
CHCL,2026-07-17,484.5,490.0,480.0,487.0,16591,2.5,8051833.0
CHCL,2026-07-20,491.0,500.0,480.0,496.0,80871,1.85,39512161.5
CHCL,2026-07-21,496.0,496.0,477.4,495.9,70099,-0.02,34220809.4
CHCL,2026-07-22,493.0,496.0,480.1,495.2,44279,-0.14,21742810.8
CHCL,2026-07-23,485.1,495.0,485.1,494.0,31454,-0.24,15502322.8
CHCL,2026-07-24,494.0,496.5,492.0,494.2,35710,0.04,17670134.1
CHCL,2026-07-27,495.0,499.5,494.0,496.9,56689,0.55,28165580.5
CHCL,2026-07-28,490.5,497.4,490.0,497.0,39946,0.02,19795300.6
CHCL,2026-07-29,496.1,497.2,492.0,494.0,79038,-0.6,39081501.2
CHCL,2026-07-30,494.0,495.9,490.0,495.0,63422,0.2,31283175.5
CHCL,2026-07-31,495.0,497.4,492.0,494.1,20369,-0.18,10096071.6
CHCL,2026-08-03,499.9,500.0,493.0,497.5,57188,0.69,28479507.7
CHCL,2026-08-04,500.0,500.0,494.0,495.0,37504,-0.5,18606983.9
CHCL,2026-08-05,495.0,499.0,490.1,493.0,11531,-0.4,5668741.6
CHCL,2026-08-06,494.0,497.9,488.2,492.0,9452,-0.2,4628569.6
CHCL,2026-08-07,493.7,493.7,485.1,486.0,6116,-1.22,2978407.1
CHCL,2026-08-10,493.0,496.0,484.0,484.0,9921,-0.41,4822109.7
CHCL,2026-08-11,490.0,490.0,481.0,482.0,20777,-0.41,10016110.2
CHCL,2026-08-12,482.1,486.5,480.0,481.0,9938,-0.21,4779120.1
CHCL,2026-08-13,481.0,484.0,480.0,482.1,7613,0.23,3671253.8
CHCL,2026-08-14,481.0,486.0,474.0,478.9,66504,-0.66,31719717.2
CHCL,2026-08-17,489.9,489.9,477.0,480.0,15729,0.23,7536325.3
CHCL,2026-08-18,485.0,486.0,477.0,480.0,10977,0.0,5265745.4
CHCL,2026-08-19,480.0,480.0,475.0,479.0,7975,-0.21,3817852.6
CHCL,2026-08-20,480.0,483.8,476.0,483.8,30342,1.0,14594920.7
CHCL,2026-08-21,483.0,494.0,480.0,484.4,23326,0.12,11373483.6
CHCL,2026-08-24,490.0,496.2,478.0,478.0,18735,-1.32,8996263.5
CHCL,2026-08-25,489.0,489.0,475.0,475.1,21111,-0.61,10066015.3
CHCL,2026-08-26,455.0,475.0,410.0,427.0,480553,-10.12,205686862.6
CHCL,2026-08-27,405.7,409.0,378.3,405.0,407762,-5.15,160738793.2
NABIL,2021-08-31,1433.0,1433.0,1402.0,1419.0,126285,-0.98,178799141.5
NABIL,2021-09-01,1435.0,1446.0,1408.0,1420.0,124665,0.07,177400692.5
NABIL,2021-09-02,1420.5,1440.0,1414.0,1418.0,105395,-0.14,149553931.0
NABIL,2021-09-05,1420.0,1420.0,1372.0,1388.0,177307,-2.12,246544579.6
NABIL,2021-09-06,1390.0,1445.0,1380.0,1442.0,134284,3.89,190642503.8
NABIL,2021-09-07,1455.0,1470.0,1419.0,1429.9,79191,-0.84,113607001.3
NABIL,2021-09-08,1429.9,1430.0,1404.0,1415.0,59583,-1.04,84171412.7
NABIL,2021-09-09,1410.0,1420.0,1410.0,1410.0,70348,-0.35,99403841.1
NABIL,2021-09-12,1415.0,1447.0,1410.0,1440.0,75225,2.13,107395777.5
NABIL,2021-09-13,1468.8,1482.0,1440.0,1455.0,210616,1.04,307356782.3
NABIL,2021-09-14,1473.0,1473.0,1445.0,1453.0,46726,-0.14,68300810.8
NABIL,2021-09-15,1470.0,1470.0,1440.0,1445.0,37192,-0.55,53826948.5
NABIL,2021-09-16,1430.0,1440.0,1408.0,1424.5,108701,-1.42,154238803.7
NABIL,2021-09-20,1432.0,1440.0,1380.0,1393.0,132043,-2.21,184440763.7
NABIL,2021-09-21,1393.0,1415.0,1345.0,1389.0,148677,-0.29,205606794.6
NABIL,2021-09-22,1415.0,1425.0,1400.0,1424.4,79284,2.55,111996296.9
NABIL,2021-09-23,1441.1,1455.0,1430.0,1438.0,136670,0.95,197580382.7
NABIL,2021-09-26,1450.0,1465.0,1427.0,1431.0,116113,-0.49,167255276.4
NABIL,2021-09-27,1435.0,1435.0,1403.0,1415.0,47830,-1.12,67613766.6
NABIL,2021-09-28,1415.0,1415.0,1380.0,1395.0,86659,-1.41,120745318.6
NABIL,2021-09-29,1420.0,1420.0,1379.0,1408.0,58596,0.93,81901279.3
NABIL,2021-09-30,1413.0,1419.0,1401.0,1407.0,47037,-0.07,66324708.4
NABIL,2021-10-03,1429.9,1429.9,1393.0,1395.0,55819,-0.85,78068846.3
NABIL,2021-10-04,1392.0,1407.0,1370.0,1397.0,60200,0.14,83897360.6
NABIL,2021-10-05,1410.0,1410.0,1394.0,1410.0,44358,0.93,62216475.8
NABIL,2021-10-06,1410.0,1453.0,1410.0,1444.9,57353,2.48,82656811.9
NABIL,2021-10-10,1462.6,1500.0,1462.6,1474.0,77855,2.01,114755872.1
NABIL,2021-10-11,1503.0,1503.0,1439.9,1450.0,118043,-1.63,171385318.3
NABIL,2021-10-17,1479.0,1507.0,1465.0,1482.0,56389,2.21,83267214.7
NABIL,2021-10-18,1482.0,1482.0,1448.0,1468.0,67707,-0.94,98998518.3
NABIL,2021-10-19,1448.0,1450.0,1420.1,1431.0,77881,-2.52,111382423.0
NABIL,2021-10-20,1459.6,1479.0,1430.0,1460.0,65244,2.03,94805048.2
NABIL,2021-10-21,1460.0,1480.0,1447.0,1471.0,65682,0.75,96418376.7
NABIL,2021-10-24,1472.0,1479.0,1462.0,1470.9,54884,-0.01,80712397.3
NABIL,2021-10-25,1500.3,1500.3,1470.3,1497.0,78485,1.77,116525820.8
NABIL,2021-10-26,1505.5,1578.0,1498.0,1569.0,225327,4.81,347877019.5
NABIL,2021-10-27,1569.0,1620.0,1559.0,1606.0,270557,2.36,431931533.0
NABIL,2021-10-28,1610.0,1619.0,1595.0,1598.0,141749,-0.5,227514050.7
NABIL,2021-10-31,1600.0,1629.9,1573.0,1580.0,176045,-1.13,280317853.1
NABIL,2021-11-01,1580.0,1620.0,1551.0,1620.0,215086,2.53,340099480.3
NABIL,2021-11-02,1650.0,1650.0,1594.0,1608.0,131659,-0.74,211786540.6
NABIL,2021-11-03,1640.1,1740.0,1640.1,1653.0,705430,2.8,1179786179.7
NABIL,2021-11-08,1660.0,1660.0,1605.0,1614.7,186984,-2.32,303329062.3
NABIL,2021-11-09,1614.7,1614.7,1570.0,1579.0,188332,-2.21,298281752.5
NABIL,2021-11-11,1579.0,1580.0,1540.0,1550.0,199932,-1.84,310857416.4
NABIL,2021-11-14,1570.0,1575.0,1540.0,1548.0,107590,-0.13,166765368.9
NABIL,2021-11-15,1552.0,1576.0,1540.0,1540.0,104146,-0.52,161517790.6
NABIL,2021-11-16,1550.0,1565.0,1546.1,1559.0,74044,1.23,115229721.7
NABIL,2021-11-17,1570.0,1570.0,1548.0,1556.0,99187,-0.19,154429470.8
NABIL,2021-11-18,1587.1,1587.1,1546.0,1547.0,89460,-0.58,138623591.7
NABIL,2021-11-21,1560.0,1565.0,1538.0,1544.0,75509,-0.19,116771963.4
NABIL,2021-11-22,1544.0,1554.9,1540.0,1546.0,80745,0.13,124845767.5
NABIL,2021-11-23,1550.0,1550.0,1532.0,1537.0,62286,-0.58,95971223.5
NABIL,2021-11-24,1545.0,1550.0,1527.0,1545.0,54975,0.52,84660876.9
NABIL,2021-11-25,1547.0,1550.0,1535.0,1538.0,64950,-0.45,100167376.7
NABIL,2021-11-28,1538.0,1538.0,1520.0,1523.0,85621,-0.98,130596179.5
NABIL,2021-11-29,1523.0,1530.0,1508.0,1526.0,60022,0.2,91499906.8
NABIL,2021-11-30,1535.0,1535.0,1518.7,1521.0,52965,-0.33,80607814.9
NABIL,2021-12-01,1535.3,1535.3,1523.0,1524.2,36610,0.21,55861135.0
NABIL,2021-12-02,1524.2,1530.0,1509.0,1512.0,60311,-0.8,91588100.7
NABIL,2021-12-05,1514.0,1514.0,1471.0,1474.0,108142,-2.51,160550423.8
NABIL,2021-12-06,1445.0,1495.0,1415.0,1485.0,118177,0.75,171593128.0
NABIL,2021-12-07,1513.9,1514.0,1475.0,1475.0,60813,-0.67,90741486.9
NABIL,2021-12-08,1475.0,1480.0,1450.0,1456.8,47379,-1.23,69263114.6
NABIL,2021-12-09,1456.0,1459.0,1434.0,1452.9,56323,-0.27,81404391.5
NABIL,2021-12-12,1453.0,1453.0,1420.5,1421.0,80982,-2.2,115900522.0
NABIL,2021-12-13,1421.0,1421.0,1364.0,1366.1,130695,-3.86,180359302.0
NABIL,2021-12-14,1393.0,1460.0,1380.0,1460.0,64277,6.87,90803695.9
NABIL,2021-12-15,1460.0,1500.0,1412.0,1450.0,90423,-0.68,132920768.8
NABIL,2021-12-16,1450.0,1460.0,1421.0,1430.0,43538,-1.38,62466671.3
NABIL,2021-12-20,1439.9,1439.9,1412.0,1420.0,58668,-0.7,83678127.8
NABIL,2021-12-21,1423.0,1452.5,1423.0,1452.5,98889,2.29,141804026.8
NABIL,2021-12-22,1460.0,1492.0,1455.0,1485.0,79765,2.24,117845624.3
NABIL,2021-12-23,1494.0,1499.0,1471.0,1485.0,51892,0.0,77043373.0
NABIL,2021-12-26,1514.7,1570.8,1506.0,1524.0,209837,2.63,320749736.3
NABIL,2021-12-27,1549.0,1550.0,1485.0,1499.0,201767,-1.64,306099202.3
NABIL,2021-12-28,1500.0,1500.0,1479.2,1480.0,170269,-1.27,253737724.2
NABIL,2021-12-29,1499.0,1500.0,1450.0,1450.0,326139,-2.03,477182107.7
NABIL,2022-01-02,1107.0,1151.5,1086.0,1144.0,263845,5.41,297049298.9
NABIL,2022-01-03,1150.0,1160.0,1137.0,1137.0,130041,-0.61,149363282.6
NABIL,2022-01-04,1137.0,1139.0,1117.2,1119.0,116739,-1.58,130969035.9
NABIL,2022-01-05,1122.0,1138.0,1110.0,1111.9,75462,-0.63,84317711.8
NABIL,2022-01-06,1111.0,1123.0,1099.6,1114.0,67780,0.19,75380074.6
NABIL,2022-01-09,1120.0,1129.0,1110.0,1113.0,126780,-0.09,141472657.4
NABIL,2022-01-10,1113.0,1119.9,1106.1,1111.3,120640,-0.15,134198561.8
NABIL,2022-01-11,1112.0,1117.0,1105.5,1114.8,102845,0.31,114259483.8
NABIL,2022-01-12,1120.0,1120.0,1107.0,1107.0,105760,-0.7,117881455.5
NABIL,2022-01-13,1110.0,1112.0,1104.0,1110.0,92618,0.27,102712292.8
NABIL,2022-01-16,1120.0,1147.0,1110.0,1140.0,176667,2.7,200255532.5
NABIL,2022-01-17,1162.0,1179.0,1140.0,1178.9,113189,3.41,131409910.2
NABIL,2022-01-18,1180.0,1209.0,1180.0,1190.0,116223,0.94,139206459.5
NABIL,2022-01-19,1213.0,1213.0,1170.1,1177.0,73385,-1.09,86938565.3
NABIL,2022-01-20,1182.0,1182.0,1160.0,1178.0,47782,0.08,56086709.1
NABIL,2022-01-23,1178.0,1178.0,1155.0,1161.0,79765,-1.44,92763156.9
NABIL,2022-01-24,1165.0,1165.0,1125.0,1127.0,96165,-2.93,109300301.1
NABIL,2022-01-25,1135.0,1145.0,1110.0,1129.1,52041,0.19,58784959.5
NABIL,2022-01-26,1129.0,1134.9,1115.0,1121.0,61217,-0.72,68718459.2
NABIL,2022-01-27,1121.0,1130.0,1115.0,1117.0,56308,-0.36,63080144.6
NABIL,2022-01-30,1139.0,1139.0,1127.1,1135.0,59027,1.61,66774823.3
NABIL,2022-01-31,1149.0,1149.0,1125.0,1127.0,38126,-0.7,43092491.0
NABIL,2022-02-01,1129.9,1129.9,1119.3,1121.1,54175,-0.52,60782611.9
NABIL,2022-02-03,1141.5,1143.5,1121.0,1122.0,61153,0.08,68883392.7
NABIL,2022-02-06,1130.0,1130.0,1108.5,1109.0,71516,-1.16,79537958.1
NABIL,2022-02-07,1112.0,1112.0,1106.0,1109.0,68960,0.0,76447346.1
NABIL,2022-02-08,1128.0,1129.0,1106.0,1107.0,51383,-0.18,57126383.5
NABIL,2022-02-09,1110.0,1110.0,1098.0,1100.9,59639,-0.55,65698220.8
NABIL,2022-02-10,1101.0,1101.0,1095.0,1097.1,62380,-0.35,68504631.0
NABIL,2022-02-13,1095.0,1095.0,1069.0,1070.0,87909,-2.47,94341596.8
NABIL,2022-02-14,1070.0,1079.0,1064.0,1064.0,68303,-0.56,73017839.3
NABIL,2022-02-15,1085.0,1085.0,1066.1,1075.0,53230,1.03,57013901.4
NABIL,2022-02-16,1096.0,1096.0,1070.3,1080.0,46381,0.47,50105537.1
NABIL,2022-02-17,1081.0,1094.0,1070.0,1079.0,34444,-0.09,37204791.4
NABIL,2022-02-20,1070.0,1075.0,1045.0,1062.0,61489,-1.58,65233093.3
NABIL,2022-02-21,1070.0,1073.0,1063.0,1067.0,39297,0.47,41953268.0
NABIL,2022-02-22,1080.0,1080.0,1069.0,1070.5,41743,0.33,44701700.4
NABIL,2022-02-23,1084.0,1085.0,1065.0,1067.5,29641,-0.28,31684313.2
NABIL,2022-02-24,1065.0,1067.0,1048.0,1051.0,72385,-1.55,76104471.7
NABIL,2022-02-27,1051.0,1051.0,1040.0,1041.0,43253,-0.95,45196711.7
NABIL,2022-02-28,1050.0,1059.0,1037.0,1040.0,45316,-0.1,47302325.4
NABIL,2022-03-02,1040.0,1048.0,1000.0,1006.0,74636,-3.27,75609425.5
NABIL,2022-03-06,985.9,1020.0,985.9,1002.9,64365,-0.31,64436543.5
NABIL,2022-03-07,1010.0,1012.0,1000.0,1011.9,47036,0.9,47341531.0
NABIL,2022-03-09,1020.0,1020.0,1006.0,1007.9,35691,-0.4,36048709.9
NABIL,2022-03-10,988.7,1018.0,988.7,1018.0,31958,1.0,32299087.5
NABIL,2022-03-13,1036.0,1080.0,1034.0,1079.0,57510,5.99,60721142.4
NABIL,2022-03-14,1100.0,1100.5,1081.0,1092.0,23711,1.2,25904097.4
NABIL,2022-03-15,1100.0,1100.0,1075.0,1079.0,44505,-1.19,48101759.8
NABIL,2022-03-16,1079.0,1089.0,1060.0,1064.0,25272,-1.39,27019937.4
NABIL,2022-03-20,1080.0,1080.0,1055.3,1060.0,28034,-0.38,29827949.8
NABIL,2022-03-21,1075.0,1075.0,1046.0,1052.0,32178,-0.75,33802164.9
NABIL,2022-03-22,1060.0,1065.0,1048.1,1050.0,35572,-0.19,37554211.7
NABIL,2022-03-23,1060.0,1060.0,1043.0,1047.0,29498,-0.29,30904783.0
NABIL,2022-03-24,1057.0,1057.0,1036.0,1040.0,34482,-0.67,35845312.4
NABIL,2022-03-27,1055.0,1055.0,1017.0,1020.0,37321,-1.92,38257052.8
NABIL,2022-03-28,1029.0,1029.0,1010.0,1017.0,36394,-0.29,36969032.9
NABIL,2022-03-29,1000.1,1030.0,1000.1,1009.0,53395,-0.79,53898812.7
NABIL,2022-03-30,995.0,1006.0,993.0,1006.0,101034,-0.3,100998632.8
NABIL,2022-03-31,1015.0,1019.9,1000.0,1002.0,62677,-0.4,63023552.6
NABIL,2022-04-03,1010.1,1010.1,995.0,997.0,42507,-0.5,42413438.7
NABIL,2022-04-04,1000.0,1002.0,995.0,997.0,56895,0.0,56787876.6
NABIL,2022-04-05,1000.0,1000.0,982.0,984.0,87147,-1.3,85999199.0
NABIL,2022-04-06,982.0,990.0,963.0,965.0,69199,-1.93,67001764.7
NABIL,2022-04-07,965.1,976.0,964.0,969.0,76197,0.41,73895218.3
NABIL,2022-04-11,980.0,995.0,970.0,971.0,70697,0.21,69287032.7
NABIL,2022-04-12,990.0,990.0,958.1,960.0,45151,-1.13,43408463.8
NABIL,2022-04-13,970.0,972.0,953.0,971.0,35450,1.15,34129326.2
NABIL,2022-04-17,980.0,990.0,970.0,971.0,35787,0.0,34917275.9
NABIL,2022-04-18,972.0,977.0,955.0,956.0,51642,-1.54,49626555.3
NABIL,2022-04-19,950.0,961.0,935.0,949.0,66610,-0.73,63067385.0
NABIL,2022-04-20,949.0,950.0,936.0,940.0,37902,-0.95,35782830.9
NABIL,2022-04-21,945.0,949.0,918.2,935.0,55028,-0.53,50937946.5
NABIL,2022-04-24,941.0,951.5,930.0,951.5,47975,1.76,45117903.2
NABIL,2022-04-25,965.0,980.0,936.0,940.9,54841,-1.11,51980914.6
NABIL,2022-04-26,940.9,947.0,936.0,937.9,27496,-0.32,25847948.6
NABIL,2022-04-27,939.0,944.6,929.2,934.9,34974,-0.32,32648422.4
NABIL,2022-04-28,934.0,947.0,927.0,928.0,43224,-0.74,40204268.0
NABIL,2022-05-02,937.5,937.5,916.5,920.0,39086,-0.86,36030960.5
NABIL,2022-05-04,920.0,925.0,899.0,909.0,37775,-1.2,34250306.5
NABIL,2022-05-05,910.0,915.0,900.0,901.9,50023,-0.78,45209407.9
NABIL,2022-05-08,900.0,910.0,880.0,889.0,46835,-1.43,41548903.6
NABIL,2022-05-09,889.0,907.0,889.0,896.5,40948,0.84,36905688.6
NABIL,2022-05-10,912.0,912.0,897.0,909.7,40752,1.47,36887470.3
NABIL,2022-05-11,915.0,938.0,915.0,933.0,37027,2.56,34410295.2
NABIL,2022-05-12,949.7,951.0,930.0,930.0,54739,-0.32,51490582.1
NABIL,2022-05-17,930.0,935.0,908.0,910.0,26873,-2.15,24558509.3
NABIL,2022-05-18,915.0,918.0,905.3,914.0,24747,0.44,22492071.4
NABIL,2022-05-19,929.0,929.0,896.0,908.0,29333,-0.66,26676250.1
NABIL,2022-05-20,901.0,915.0,900.0,906.0,25594,-0.22,23127532.0
NABIL,2022-05-23,906.0,941.0,898.0,899.0,45910,-0.77,41509265.5
NABIL,2022-05-24,900.0,905.0,897.0,897.1,33616,-0.21,30238038.8
NABIL,2022-05-25,915.0,915.0,898.0,900.0,38263,0.32,34485355.8
NABIL,2022-05-26,918.0,918.0,897.0,898.6,39717,-0.16,35742783.8
NABIL,2022-05-27,900.0,900.0,896.0,898.0,39790,-0.07,35739162.0
NABIL,2022-05-30,900.0,901.0,881.0,890.0,44382,-0.89,39472978.5
NABIL,2022-05-31,890.0,890.0,865.0,875.0,45502,-1.69,39852803.2
NABIL,2022-06-01,876.0,883.0,866.0,867.0,32984,-0.91,28718353.8
NABIL,2022-06-02,883.9,883.9,858.0,861.9,36911,-0.59,31857272.4
NABIL,2022-06-03,855.0,871.9,843.0,845.0,43168,-1.96,36674425.8
NABIL,2022-06-06,845.0,860.5,837.9,846.0,41330,0.12,34972889.4
NABIL,2022-06-07,850.0,853.0,830.0,831.5,34581,-1.71,29046597.9
NABIL,2022-06-08,828.1,855.0,828.0,843.0,43083,1.38,36218334.2
NABIL,2022-06-09,855.0,864.0,846.0,846.4,45493,0.4,38872733.8
NABIL,2022-06-10,850.0,855.0,840.0,848.1,26409,0.2,22346583.1
NABIL,2022-06-13,850.0,850.0,844.8,846.0,27758,-0.25,23514073.4
NABIL,2022-06-14,846.0,846.0,834.0,838.5,38169,-0.89,32013076.8
NABIL,2022-06-15,838.0,838.0,810.0,825.0,33494,-1.61,27480500.2
NABIL,2022-06-16,821.0,833.0,815.0,825.0,30303,0.0,25046352.8
NABIL,2022-06-17,835.0,835.0,817.0,817.0,16582,-0.97,13671108.4
NABIL,2022-06-19,817.0,820.5,814.0,816.0,49808,-0.12,40739382.7
NABIL,2022-06-20,814.0,814.0,793.0,794.9,51029,-2.59,40744255.5
NABIL,2022-06-21,795.0,799.0,783.0,792.0,54464,-0.36,43235927.1
NABIL,2022-06-22,799.0,799.9,778.0,782.0,43206,-1.26,33966548.6
NABIL,2022-06-23,775.0,777.0,748.0,749.0,73119,-4.22,55369684.7
NABIL,2022-06-24,749.0,750.0,726.0,740.0,32412,-1.2,23897108.6
NABIL,2022-06-26,754.8,780.0,750.0,775.0,88020,4.73,67627858.4
NABIL,2022-06-27,790.0,810.0,775.0,780.0,89874,0.65,71412242.1
NABIL,2022-06-28,794.0,794.0,765.0,778.0,35763,-0.26,27883622.4
NABIL,2022-06-29,780.0,799.0,770.0,795.0,28748,2.19,22748918.8
NABIL,2022-06-30,800.0,835.0,800.0,835.0,46615,5.03,38392058.9
NABIL,2022-07-01,850.0,866.0,833.0,856.0,42203,2.51,36130112.0
NABIL,2022-07-03,856.0,890.0,856.0,889.0,71068,3.86,62471477.1
NABIL,2022-07-04,900.0,916.0,893.8,895.0,114314,0.67,103998073.9
NABIL,2022-07-05,895.0,900.0,860.1,872.0,50999,-2.57,45044516.3
NABIL,2022-07-06,885.0,889.0,837.0,864.0,58061,-0.92,49581894.4
NABIL,2022-07-07,864.0,886.0,844.0,845.0,51271,-2.2,43794878.6
NABIL,2022-07-08,845.0,847.0,825.5,826.0,30318,-2.25,25208769.0
NABIL,2022-07-11,831.0,831.0,792.0,792.0,69864,-4.12,55898125.1
NABIL,2022-07-12,796.0,804.9,787.0,796.9,42720,0.62,34006061.5
NABIL,2022-07-13,800.0,812.0,798.0,811.0,59513,1.77,47959378.5
NABIL,2022-07-14,826.0,841.2,808.5,817.0,54640,0.74,44809250.1
NABIL,2022-07-15,829.9,829.9,817.0,824.0,22065,0.86,18088990.8
NABIL,2022-07-17,828.0,835.0,821.0,830.0,28983,0.73,24017285.0
NABIL,2022-07-18,832.0,837.0,825.0,832.0,29302,0.24,24374814.0
NABIL,2022-07-19,844.9,845.0,832.0,838.0,48099,0.72,40446732.5
NABIL,2022-07-20,847.2,850.0,836.0,845.0,32488,0.84,27422503.4
NABIL,2022-07-21,847.0,859.8,841.0,855.0,36824,1.18,31458068.6
NABIL,2022-07-22,855.0,855.0,836.0,839.9,26240,-1.77,22132331.7
NABIL,2022-07-24,853.0,866.0,848.0,860.0,41717,2.39,35696123.1
NABIL,2022-07-25,870.9,888.8,870.0,885.0,53131,2.91,46872526.1
NABIL,2022-07-26,895.0,895.0,865.5,866.0,49899,-2.15,43646056.3
NABIL,2022-07-27,866.0,870.0,853.0,866.0,43850,0.0,37915630.6
NABIL,2022-07-28,880.0,880.0,865.0,866.0,43396,0.0,37704226.6
NABIL,2022-07-29,866.0,880.0,865.0,869.9,17497,0.45,15221344.0
NABIL,2022-07-31,879.0,882.0,871.0,881.0,52796,1.28,46248840.9
NABIL,2022-08-01,894.9,897.5,880.0,881.9,47675,0.1,42185561.8
NABIL,2022-08-02,881.0,884.0,870.0,877.0,27948,-0.56,24482621.9
NABIL,2022-08-03,880.0,883.0,859.1,862.0,93835,-1.71,80979081.6
NABIL,2022-08-04,879.2,879.2,850.0,850.0,37325,-1.39,31873397.3
NABIL,2022-08-05,850.0,850.0,817.0,819.7,171702,-3.56,141414347.6
NABIL,2022-08-07,819.7,828.0,802.0,817.0,156363,-0.33,127341908.0
NABIL,2022-08-08,820.0,821.0,800.0,803.0,134201,-1.71,108543151.3
NABIL,2022-08-09,808.0,808.0,787.2,788.1,130944,-1.86,104209985.3
NABIL,2022-08-10,787.0,796.0,781.0,790.0,82028,0.24,64689420.1
NABIL,2022-08-11,800.0,804.0,790.0,793.0,56771,0.38,45115351.6
NABIL,2022-08-14,800.0,800.0,787.0,789.0,56155,-0.5,44427134.0
NABIL,2022-08-15,793.0,799.4,789.0,799.4,52346,1.32,41534539.5
NABIL,2022-08-16,806.9,808.0,798.0,799.0,49399,-0.05,39610147.5
NABIL,2022-08-17,799.0,801.0,793.0,794.5,53622,-0.56,42665079.0
NABIL,2022-08-18,800.0,805.0,795.0,802.0,51320,0.94,41131559.9
NABIL,2022-08-21,802.0,815.0,800.0,801.0,44730,-0.12,35936037.3
NABIL,2022-08-22,805.0,806.0,795.0,799.0,46726,-0.25,37341895.7
NABIL,2022-08-23,800.0,803.0,797.0,801.9,29742,0.36,23822859.3
NABIL,2022-08-24,806.0,810.0,800.0,802.0,38238,0.01,30680930.8
NABIL,2022-08-25,808.0,809.9,799.0,800.0,40361,-0.25,32342925.8
NABIL,2022-08-26,800.0,802.0,795.0,795.9,19821,-0.51,15795754.0
NABIL,2022-08-28,795.0,799.9,790.0,793.5,55498,-0.3,44105178.9
NABIL,2022-08-29,793.0,798.0,782.0,790.0,35660,-0.44,28140408.0
NABIL,2022-08-30,789.0,795.0,783.0,789.5,56298,-0.06,44492555.8
NABIL,2022-08-31,790.0,798.0,785.5,786.0,35820,-0.44,28257822.3
NABIL,2022-09-01,790.0,791.0,781.0,784.0,42923,-0.25,33647608.8
NABIL,2022-09-02,786.0,790.0,781.0,784.9,55803,0.11,43703308.5
NABIL,2022-09-04,783.0,789.9,777.0,779.9,80710,-0.64,63049749.0
NABIL,2022-09-05,785.0,785.0,775.0,776.1,58697,-0.49,45655586.9
NABIL,2022-09-06,784.0,784.0,768.0,768.0,73282,-1.04,56685479.7
NABIL,2022-09-07,767.0,771.0,763.0,763.2,33333,-0.62,25478373.2
NABIL,2022-09-08,764.0,765.0,758.0,760.0,44066,-0.42,33505678.6
NABIL,2022-09-11,760.0,767.0,755.0,759.0,41713,-0.13,31750970.1
NABIL,2022-09-12,755.0,761.0,748.3,755.0,54259,-0.53,40754763.7
NABIL,2022-09-13,765.0,772.0,751.0,770.0,77706,1.99,59489245.7
NABIL,2022-09-14,775.0,802.0,774.0,799.0,82172,3.77,65169328.5
NABIL,2022-09-15,812.0,812.8,779.0,781.0,58510,-2.25,46108017.4
NABIL,2022-09-16,768.0,779.9,761.0,772.0,38993,-1.15,30055028.2
NABIL,2022-09-18,780.0,780.0,762.7,764.0,44695,-1.04,34359816.0
NABIL,2022-09-20,765.0,769.0,749.2,749.5,62804,-1.9,47365180.0
NABIL,2022-09-21,752.0,768.2,750.0,762.1,44522,1.68,33815448.5
NABIL,2022-09-22,765.0,770.0,755.0,759.0,33966,-0.41,25868761.5
NABIL,2022-09-25,759.0,759.0,746.0,752.9,57127,-0.8,42978453.0
NABIL,2022-09-27,750.0,776.0,750.0,770.0,34179,2.27,26168117.6
NABIL,2022-09-28,777.0,777.0,767.0,767.0,34948,-0.39,26953460.1
NABIL,2022-09-29,777.0,780.0,769.0,780.0,37569,1.69,29086776.8
NABIL,2022-10-09,781.7,808.0,781.7,807.0,44112,3.46,35198429.9
NABIL,2022-10-10,823.1,823.1,793.8,797.0,59995,-1.24,48220262.9
NABIL,2022-10-11,800.0,800.0,788.0,792.0,39129,-0.63,31009449.4
NABIL,2022-10-12,797.0,797.0,787.2,794.0,30352,0.25,24011652.0
NABIL,2022-10-13,794.0,804.0,790.0,796.0,42798,0.25,34035202.6
NABIL,2022-10-16,796.0,798.0,790.0,794.0,33880,-0.25,26898499.3
NABIL,2022-10-17,795.0,799.5,793.0,794.0,35066,0.0,27919215.0
NABIL,2022-10-19,795.0,800.0,790.0,798.5,30433,0.57,24151474.7
NABIL,2022-10-20,800.0,801.0,791.0,796.5,29921,-0.25,23788271.6
NABIL,2022-10-23,800.0,809.9,796.5,808.0,42040,1.44,33880101.1
NABIL,2022-10-31,810.0,819.0,809.0,816.0,46691,0.99,38025836.7
NABIL,2022-11-01,818.0,839.6,813.0,835.0,71557,2.33,59270094.9
NABIL,2022-11-02,835.0,844.0,825.0,830.0,67918,-0.6,56617593.1
NABIL,2022-11-03,830.0,835.0,820.2,824.0,35595,-0.72,29428996.9
NABIL,2022-11-06,830.0,834.0,820.1,831.1,46206,0.86,38198493.0
NABIL,2022-11-07,841.5,842.0,832.0,834.0,37460,0.35,31344999.0
NABIL,2022-11-08,827.0,835.0,827.0,833.0,20635,-0.12,17146216.6
NABIL,2022-11-09,834.0,866.5,822.6,823.5,46477,-1.14,38563935.9
NABIL,2022-11-10,837.0,837.0,814.0,815.0,33090,-1.03,27097436.8
NABIL,2022-11-13,816.0,822.0,810.0,811.0,29230,-0.49,23825950.5
NABIL,2022-11-14,815.0,815.0,803.0,814.0,29743,0.37,24098711.1
NABIL,2022-11-15,827.0,827.0,814.0,817.9,25680,0.48,21081840.1
NABIL,2022-11-16,821.0,821.0,814.0,819.5,20391,0.2,16680452.9
NABIL,2022-11-17,821.0,829.0,821.0,827.3,28777,0.95,23798804.0
NABIL,2022-11-22,828.0,840.0,827.4,829.0,26547,0.21,22086869.0
NABIL,2022-11-23,830.0,835.0,822.1,824.6,22341,-0.53,18447908.3
NABIL,2022-11-24,830.0,832.0,820.0,831.0,32640,0.78,27006670.6
NABIL,2022-11-27,832.0,876.0,832.0,876.0,139753,5.42,120321988.4
NABIL,2022-11-28,890.0,890.0,870.0,874.0,82399,-0.23,72458404.2
NABIL,2022-11-29,876.0,880.0,866.7,877.0,49511,0.34,43161892.3
NABIL,2022-11-30,878.0,883.5,870.1,882.0,47288,0.57,41503915.8
NABIL,2022-12-01,865.0,915.0,865.0,913.0,159865,3.51,144556792.0
NABIL,2022-12-04,922.0,930.0,879.3,882.0,221592,-3.4,198067493.4
NABIL,2022-12-05,866.0,895.0,866.0,883.0,95864,0.11,84789006.7
NABIL,2022-12-06,900.6,900.6,875.1,888.0,54482,0.57,48195521.1
NABIL,2022-12-07,884.0,890.0,879.0,881.0,51341,-0.79,45287666.8
NABIL,2022-12-11,880.0,880.0,842.8,846.0,87795,-3.97,75843349.6
NABIL,2022-12-12,846.0,846.0,801.7,815.0,261519,-3.66,213241682.5
NABIL,2022-12-13,816.0,816.9,804.7,807.1,88690,-0.97,71756635.7
NABIL,2022-12-14,807.0,818.0,807.0,808.0,52009,0.11,42277228.3
NABIL,2022-12-15,815.0,815.0,803.5,804.0,58542,-0.5,47255902.5
NABIL,2022-12-18,810.0,810.0,793.0,794.0,67787,-1.24,54113336.7
NABIL,2022-12-19,795.0,800.0,794.0,797.0,40026,0.38,31909230.1
NABIL,2022-12-20,800.0,807.0,797.0,800.0,42079,0.38,33692251.6
NABIL,2022-12-21,816.0,816.0,800.0,807.0,48877,0.88,39508915.7
NABIL,2022-12-22,809.0,811.0,800.1,810.0,66052,0.37,53166698.0
NABIL,2022-12-26,811.0,840.0,811.0,838.0,110057,3.46,91121150.2
NABIL,2022-12-27,847.0,860.0,834.0,842.0,133855,0.48,113229439.0
NABIL,2022-12-28,845.0,847.0,826.1,834.9,105429,-0.84,88591274.1
NABIL,2022-12-29,840.0,844.0,835.1,843.0,110579,0.97,92888217.9
NABIL,2023-01-01,859.0,865.0,850.0,854.5,263159,1.36,225748979.1
NABIL,2023-01-02,735.5,751.0,725.0,739.0,227630,2.48,168451282.8
NABIL,2023-01-03,743.0,750.0,735.0,736.0,107994,-0.41,79862135.8
NABIL,2023-01-04,750.0,750.0,730.0,736.9,89872,0.12,66207371.9
NABIL,2023-01-05,744.0,745.0,727.0,727.0,132642,-1.34,97002720.2
NABIL,2023-01-08,738.9,739.0,718.5,719.1,146327,-1.09,105631362.4
NABIL,2023-01-09,733.4,733.4,712.0,719.0,167381,-0.01,120035819.4
NABIL,2023-01-10,720.0,735.0,718.0,719.2,182296,0.03,132591912.1
NABIL,2023-01-12,733.5,733.5,713.7,714.0,101205,-0.72,72682871.4
NABIL,2023-01-17,724.0,725.0,709.0,711.0,88101,-0.42,62759754.8
NABIL,2023-01-18,712.0,718.0,703.0,703.9,94709,-1.0,67131987.9
NABIL,2023-01-19,705.0,710.0,701.0,703.5,93648,-0.06,66002719.4
NABIL,2023-01-23,717.5,729.0,710.0,710.9,114807,1.05,81990439.6
NABIL,2023-01-24,711.0,715.0,709.0,713.0,67781,0.3,48245961.7
NABIL,2023-01-25,717.0,719.0,709.0,709.1,63311,-0.55,45120868.2
NABIL,2023-01-26,714.0,714.5,705.3,705.6,57638,-0.49,40819235.9
NABIL,2023-01-29,707.0,709.0,701.1,702.5,57268,-0.44,40322419.1
NABIL,2023-01-30,688.5,706.0,688.5,698.0,71228,-0.64,49884863.1
NABIL,2023-01-31,700.0,700.0,688.0,690.4,67697,-1.09,46790580.8
NABIL,2023-02-01,695.0,695.0,686.0,690.0,57940,-0.06,39861439.4
NABIL,2023-02-02,692.0,694.5,685.1,688.0,54429,-0.29,37556908.0
NABIL,2023-02-05,690.0,698.0,678.0,681.0,84062,-1.02,57476381.6
NABIL,2023-02-06,682.0,688.0,675.0,677.3,54726,-0.54,37058416.2
NABIL,2023-02-07,677.3,692.0,677.3,691.9,69751,2.16,48024125.4
NABIL,2023-02-08,705.0,705.7,685.0,688.0,75546,-0.56,52398853.0
NABIL,2023-02-09,690.0,698.0,676.0,693.0,83791,0.73,57355488.9
NABIL,2023-02-12,689.0,690.0,680.0,683.0,53279,-1.44,36424747.2
NABIL,2023-02-14,683.0,683.0,674.0,675.0,59511,-1.17,40229741.2
NABIL,2023-02-15,675.0,688.5,670.1,674.5,39631,-0.07,26766341.2
NABIL,2023-02-16,675.0,676.0,669.0,670.2,57195,-0.64,38412329.3
NABIL,2023-02-20,670.2,670.2,661.0,662.5,53643,-1.15,35649044.0
NABIL,2023-02-22,674.8,689.5,664.2,678.9,57464,2.48,38602222.0
NABIL,2023-02-23,678.0,679.0,665.0,669.0,47679,-1.46,31867874.4
NABIL,2023-02-26,668.0,670.0,652.0,663.5,57017,-0.82,37609406.3
NABIL,2023-02-27,672.0,675.1,658.0,661.0,41206,-0.38,27264521.3
NABIL,2023-02-28,665.0,669.0,656.1,657.0,31890,-0.61,21053247.9
NABIL,2023-03-01,657.0,660.0,654.0,655.0,35796,-0.3,23485365.0
NABIL,2023-03-02,652.0,653.0,648.0,649.1,59279,-0.9,38561494.6
NABIL,2023-03-05,650.0,650.0,635.0,637.3,54153,-1.82,34508537.3
NABIL,2023-03-07,640.0,642.0,637.0,639.0,41137,0.27,26325287.0
NABIL,2023-03-09,641.0,648.9,641.0,647.0,55564,1.25,35785207.1
NABIL,2023-03-12,650.0,653.0,635.0,636.9,51762,-1.56,33104679.2
NABIL,2023-03-13,624.2,635.0,624.2,629.9,55971,-1.1,35140758.6
NABIL,2023-03-14,634.0,634.0,623.0,625.0,55015,-0.78,34473548.7
NABIL,2023-03-15,628.0,628.0,618.0,618.0,69209,-1.12,42912042.6
NABIL,2023-03-16,623.0,623.0,605.0,613.0,65028,-0.81,39683731.2
NABIL,2023-03-19,625.0,625.0,605.0,606.0,50724,-1.14,30904775.8
NABIL,2023-03-20,607.0,613.7,606.5,613.0,51889,1.16,31589859.2
NABIL,2023-03-22,615.0,619.9,610.0,613.0,59448,0.0,36387425.6
NABIL,2023-03-23,610.0,612.0,603.0,605.0,63514,-1.31,38469238.7
NABIL,2023-03-26,605.5,605.5,596.0,596.0,58085,-1.49,34751408.3
NABIL,2023-03-27,596.0,605.0,588.1,604.0,68181,1.34,40458527.9
NABIL,2023-03-28,607.0,612.5,602.0,606.5,48081,0.41,29249513.8
NABIL,2023-03-29,610.0,610.0,599.0,609.0,31811,0.41,19273587.2
NABIL,2023-03-30,612.0,612.0,600.6,603.0,33868,-0.99,20453706.0
NABIL,2023-04-02,606.0,610.0,595.0,597.8,39669,-0.86,23822813.7
NABIL,2023-04-03,600.0,600.0,587.0,589.9,61504,-1.32,36279007.6
NABIL,2023-04-04,595.0,595.0,586.1,589.0,41355,-0.15,24424997.0
NABIL,2023-04-05,595.0,595.0,588.0,590.0,39978,0.17,23584402.3
NABIL,2023-04-06,595.0,600.0,588.0,592.2,49701,0.37,29495712.9
NABIL,2023-04-09,590.0,590.0,578.1,580.0,99562,-2.06,57855742.5
NABIL,2023-04-10,580.0,588.0,577.0,582.1,46442,0.36,27025240.5
NABIL,2023-04-11,593.7,593.7,582.1,592.0,39186,1.7,22991337.6
NABIL,2023-04-12,603.8,630.9,598.0,629.0,86971,6.25,53384244.4
NABIL,2023-04-13,641.5,643.8,610.0,618.9,72785,-1.61,45917709.6
NABIL,2023-04-16,618.9,630.0,613.0,617.0,25772,-0.31,15949563.7
NABIL,2023-04-17,617.0,625.0,615.0,616.0,28045,-0.16,17320112.6
NABIL,2023-04-18,604.0,620.0,604.0,616.0,32979,0.0,20357427.7
NABIL,2023-04-19,603.7,627.0,603.7,620.0,59588,0.65,36617823.8
NABIL,2023-04-20,608.0,632.0,608.0,620.0,41287,0.0,25740233.9
NABIL,2023-04-23,620.0,621.0,607.7,609.0,34734,-1.77,21238989.1
NABIL,2023-04-24,610.0,612.0,603.0,605.0,35512,-0.66,21532546.3
NABIL,2023-04-25,606.0,607.0,600.0,605.5,44615,0.08,26950675.4
NABIL,2023-04-26,607.5,610.0,603.5,604.0,40984,-0.25,24821586.1
NABIL,2023-04-27,602.0,605.5,598.0,600.0,54508,-0.66,32706170.2
NABIL,2023-04-30,605.0,605.0,593.0,597.0,54304,-0.5,32353777.0
NABIL,2023-05-02,585.1,608.0,585.1,599.5,30177,0.42,18046957.6
NABIL,2023-05-03,600.0,600.0,595.0,598.5,22982,-0.17,13729373.8
NABIL,2023-05-04,600.0,600.0,595.0,598.9,32806,0.07,19612850.3
NABIL,2023-05-07,600.0,600.0,593.1,595.0,28270,-0.65,16823070.1
NABIL,2023-05-08,595.0,595.0,591.0,593.0,27670,-0.34,16398503.3
NABIL,2023-05-09,581.8,612.0,581.8,595.0,34345,0.34,20387959.6
NABIL,2023-05-10,600.0,600.0,589.0,590.0,59646,-0.84,35408992.8
NABIL,2023-05-11,590.0,594.0,589.0,590.0,26707,0.0,15759761.6
NABIL,2023-05-14,590.0,601.0,583.5,584.9,52485,-0.86,30790801.32
NABIL,2023-05-15,584.0,595.0,583.1,583.8,34630,-0.19,20246495.6
NABIL,2023-05-16,592.0,592.0,582.0,584.0,37052,0.03,21685277.3
NABIL,2023-05-17,590.0,594.0,586.0,590.0,28470,1.03,16807685.3
NABIL,2023-05-18,590.0,600.0,590.0,590.0,50008,0.0,29758947.6
NABIL,2023-05-21,601.0,611.0,595.0,595.1,45034,0.86,26932317.8
NABIL,2023-05-22,600.0,601.0,592.0,599.0,27093,0.66,16172911.1
NABIL,2023-05-23,605.0,607.0,598.0,605.5,41814,1.09,25238036.5
NABIL,2023-05-24,605.0,613.9,603.0,606.0,39756,0.08,24097410.9
NABIL,2023-05-28,610.0,615.0,600.0,601.0,69792,-0.83,42258257.5
NABIL,2023-05-30,600.0,602.0,584.0,587.3,76105,-2.28,45006162.4
NABIL,2023-05-31,585.0,592.0,575.6,581.5,57976,-0.99,33838205.4
NABIL,2023-06-01,584.0,590.0,580.0,587.8,38294,1.08,22438475.8
NABIL,2023-06-04,590.0,606.9,590.0,595.4,34455,1.29,20522148.0
NABIL,2023-06-05,599.9,606.0,591.0,591.0,28519,-0.74,17025367.7
NABIL,2023-06-06,590.1,599.0,590.0,591.7,29785,0.12,17622610.7
NABIL,2023-06-07,591.7,599.0,591.0,591.3,33681,-0.07,20003390.2
NABIL,2023-06-08,590.0,595.0,587.0,590.9,36616,-0.07,21610888.1
NABIL,2023-06-11,585.0,596.7,585.0,594.0,52568,0.52,31236437.9
NABIL,2023-06-12,600.0,602.0,595.0,597.0,39241,0.51,23485659.9
NABIL,2023-06-13,599.9,601.0,595.0,597.0,67044,0.0,40124610.1
NABIL,2023-06-14,603.0,604.0,597.0,599.0,117524,0.34,70605525.3
NABIL,2023-06-15,610.0,610.0,596.0,598.0,39563,-0.17,23729746.6
NABIL,2023-06-18,600.0,601.0,595.1,596.0,77802,-0.33,46419957.7
NABIL,2023-06-19,598.0,605.2,593.1,594.0,69002,-0.34,41098211.5
NABIL,2023-06-20,599.0,603.0,595.0,595.3,77314,0.22,46284743.8
NABIL,2023-06-21,600.0,600.0,589.1,590.1,74080,-0.87,43876597.3
NABIL,2023-06-22,595.0,597.0,585.4,588.5,57079,-0.27,33592097.2
NABIL,2023-06-25,594.0,594.0,581.5,587.0,123731,-0.25,72516379.78
NABIL,2023-06-26,593.0,593.0,585.2,586.0,125517,-0.17,73753126.2
NABIL,2023-06-27,593.0,609.9,587.0,608.9,184325,3.91,110660786.1
NABIL,2023-06-28,620.0,633.0,605.0,606.0,151880,-0.48,92844811.9
NABIL,2023-07-02,615.0,615.0,591.0,594.0,111991,-1.98,66854976.65
NABIL,2023-07-03,594.0,594.0,584.0,584.9,111999,-1.53,65697698.15
NABIL,2023-07-04,585.1,590.0,584.0,586.0,69678,0.19,40896154.2
NABIL,2023-07-05,574.3,597.1,574.3,582.6,70629,-0.58,41335410.7
NABIL,2023-07-06,584.0,594.0,580.0,582.1,61889,-0.09,36123009.4
NABIL,2023-07-09,590.0,593.6,582.0,583.0,79385,0.15,46393314.1
NABIL,2023-07-10,593.0,593.0,581.0,583.0,88478,0.0,51633437.3
NABIL,2023-07-11,584.0,587.0,580.0,583.0,88236,0.0,51402666.7
NABIL,2023-07-12,585.0,589.9,585.0,586.0,51194,0.51,30016680.9
NABIL,2023-07-13,574.3,597.9,574.3,590.0,66352,0.68,39318126.2
NABIL,2023-07-16,595.0,605.9,590.0,599.2,73028,1.56,43608617.0
NABIL,2023-07-17,607.0,612.0,598.0,611.0,73868,1.97,44868342.9
NABIL,2023-07-18,620.9,621.6,610.0,613.0,76424,0.33,47031903.0
NABIL,2023-07-19,619.0,619.0,612.0,616.8,76090,0.62,46874578.9
NABIL,2023-07-20,620.0,628.9,620.0,624.0,124603,1.17,77783223.1
NABIL,2023-07-23,630.0,649.6,625.2,649.0,147953,4.01,94121522.8
NABIL,2023-07-24,650.0,653.0,636.0,639.0,172938,-1.54,111689687.7
NABIL,2023-07-25,640.0,640.0,621.0,623.6,103484,-2.41,65026439.5
NABIL,2023-07-26,629.0,629.5,618.0,623.5,56916,-0.02,35568721.8
NABIL,2023-07-27,625.0,628.0,616.0,618.0,80901,-0.88,50326274.7
NABIL,2023-07-30,623.0,623.9,614.0,616.0,79973,-0.32,49335465.0
NABIL,2023-07-31,605.0,623.0,605.0,615.0,55627,-0.16,34311195.5
NABIL,2023-08-01,620.0,621.0,611.0,611.1,41626,-0.63,25620471.8
NABIL,2023-08-02,619.9,620.0,609.0,613.0,36975,0.31,22620315.9
NABIL,2023-08-03,618.0,621.0,612.0,613.0,44414,0.0,27412266.2
NABIL,2023-08-06,625.2,637.7,607.0,612.0,113739,-0.16,69820466.5
NABIL,2023-08-07,612.0,614.9,602.0,610.0,78727,-0.33,47898930.3
NABIL,2023-08-08,610.0,614.0,600.0,600.0,58044,-1.64,35073067.7
NABIL,2023-08-09,604.0,604.0,594.0,603.0,58335,0.5,34931078.9
NABIL,2023-08-10,604.0,607.3,602.0,606.5,47833,0.58,28957552.0
NABIL,2023-08-13,608.0,610.0,600.0,603.5,60137,-0.49,36381307.5
NABIL,2023-08-14,591.5,605.0,591.5,602.8,43883,-0.12,26482835.4
NABIL,2023-08-15,601.0,601.0,596.6,599.0,65912,-0.63,39447340.9
NABIL,2023-08-16,599.0,600.0,590.0,592.0,53322,-1.17,31676925.7
NABIL,2023-08-17,602.5,602.7,592.0,593.0,32425,0.17,19240299.8
NABIL,2023-08-20,595.0,597.0,588.0,591.9,58801,-0.19,34751380.9
NABIL,2023-08-21,590.0,598.9,585.0,591.5,40222,-0.07,23765668.0
NABIL,2023-08-22,592.0,600.0,590.0,594.0,41686,0.42,24674639.4
NABIL,2023-08-23,594.0,599.9,592.1,599.0,29155,0.84,17378859.0
NABIL,2023-08-24,595.0,600.0,591.1,592.5,43106,-1.09,25686071.7
NABIL,2023-08-27,592.5,595.0,589.1,590.0,45941,-0.42,27149538.3
NABIL,2023-08-28,596.0,596.0,590.0,590.1,25988,0.02,15380695.0
NABIL,2023-08-29,592.1,596.0,588.1,590.0,29237,-0.02,17259695.2
NABIL,2023-08-30,596.0,596.0,586.2,587.3,51037,-0.46,30052229.3
NABIL,2023-09-03,587.3,590.0,583.0,584.0,46707,-0.56,27297567.6
NABIL,2023-09-04,584.0,587.0,575.3,584.0,66419,0.0,38500932.1
NABIL,2023-09-05,586.0,589.9,580.6,581.8,27803,-0.38,16202031.4
NABIL,2023-09-07,585.0,585.0,576.5,577.2,51168,-0.79,29566230.5
NABIL,2023-09-10,578.9,582.0,577.0,580.0,51489,0.49,29857994.8
NABIL,2023-09-11,587.0,592.0,578.3,588.7,70550,1.5,41321868.5
NABIL,2023-09-12,598.0,599.0,583.0,584.0,42149,-0.8,24816791.5
NABIL,2023-09-13,581.0,590.0,581.0,588.0,40108,0.68,23485920.3
NABIL,2023-09-17,599.7,608.0,590.0,593.0,72674,0.85,43158916.2
NABIL,2023-09-18,592.0,592.0,585.0,591.1,36430,-0.32,21474886.3
NABIL,2023-09-19,592.0,598.0,586.0,589.0,31416,-0.36,18493866.5
NABIL,2023-09-21,591.0,603.0,591.0,593.0,38690,0.68,23034240.6
NABIL,2023-09-24,593.0,598.0,586.8,592.0,51424,-0.17,30396145.5
NABIL,2023-09-25,591.1,598.9,588.0,595.0,50135,0.51,29796596.4
NABIL,2023-09-26,603.0,603.0,592.0,594.0,23327,-0.17,13863486.1
NABIL,2023-09-27,600.0,604.0,590.0,591.5,30539,-0.42,18094488.4
NABIL,2023-10-01,590.0,591.5,584.0,585.0,37802,-1.1,22150202.8
NABIL,2023-10-02,583.0,588.4,579.5,583.0,44667,-0.34,26055975.9
NABIL,2023-10-03,585.0,589.0,582.1,584.0,47601,0.17,27852069.2
NABIL,2023-10-04,586.8,586.8,580.5,583.8,47450,-0.03,27683428.3
NABIL,2023-10-05,580.2,584.6,580.0,581.7,54791,-0.36,31828814.6
NABIL,2023-10-08,593.3,593.3,574.5,575.0,92585,-1.15,53442373.9
NABIL,2023-10-09,579.0,580.0,571.0,571.8,61332,-0.56,35145369.4
NABIL,2023-10-10,572.0,575.0,568.0,569.0,60468,-0.49,34434414.9
NABIL,2023-10-11,570.0,570.9,566.5,567.0,58358,-0.35,33179846.2
NABIL,2023-10-12,570.0,570.0,560.5,566.9,50839,-0.02,28714621.3
NABIL,2023-10-16,578.0,578.0,566.5,568.0,30777,0.19,17493800.7
NABIL,2023-10-17,579.0,580.0,570.0,572.1,37883,0.72,21706060.6
NABIL,2023-10-18,583.0,589.9,573.0,589.5,27895,3.04,16287197.7
NABIL,2023-10-19,596.5,596.5,586.0,590.0,66181,0.08,39090480.6
NABIL,2023-10-29,590.0,590.4,579.2,581.0,37365,-1.53,21737652.6
NABIL,2023-10-30,575.0,580.0,572.0,580.0,39951,-0.17,23019064.2
NABIL,2023-10-31,579.0,585.0,575.0,578.0,25726,-0.34,14873435.3
NABIL,2023-11-01,575.0,580.0,575.0,577.6,18731,-0.07,10825934.3
NABIL,2023-11-02,582.0,582.0,572.0,572.9,36808,-0.81,21127137.6
NABIL,2023-11-05,572.0,573.0,564.0,566.0,50715,-1.2,28752025.4
NABIL,2023-11-06,570.0,577.0,567.0,568.0,29139,0.35,16603603.5
NABIL,2023-11-07,577.8,577.8,567.0,569.9,32456,0.33,18470133.1
NABIL,2023-11-08,571.0,575.0,568.0,571.5,28864,0.28,16464832.4
NABIL,2023-11-09,571.5,571.5,569.0,569.2,25721,-0.4,14653022.2
NABIL,2023-11-20,572.0,572.5,562.0,565.0,37308,-0.74,21140991.4
NABIL,2023-11-21,566.0,575.0,560.0,561.0,33672,-0.71,18985793.7
NABIL,2023-11-22,563.0,563.0,558.0,561.0,38556,0.0,21615521.4
NABIL,2023-11-23,549.9,549.9,505.1,515.0,254979,-8.2,131076105.8
NABIL,2023-11-26,510.0,533.4,499.0,533.4,143911,3.57,73712280.6
NABIL,2023-11-27,540.0,540.0,522.0,526.0,35690,-1.39,18860924.7
NABIL,2023-11-28,529.8,529.8,515.5,517.0,32419,-1.71,16836839.7
NABIL,2023-11-29,517.0,520.0,508.9,511.9,46655,-0.99,23909578.8
NABIL,2023-11-30,512.0,512.0,507.0,508.9,34128,-0.59,17354014.1
NABIL,2023-12-03,516.0,516.0,505.0,506.0,33642,-0.57,17059256.0
NABIL,2023-12-04,498.0,510.0,498.0,502.0,35110,-0.79,17661374.7
NABIL,2023-12-05,504.0,510.0,502.0,502.1,34084,0.02,17159415.8
NABIL,2023-12-06,508.0,509.0,500.0,505.0,23989,0.58,12053221.1
NABIL,2023-12-07,513.5,514.0,501.0,507.6,16317,0.51,8262794.2
NABIL,2023-12-10,516.8,530.0,514.0,528.5,5437,4.12,2869237.7
NABIL,2023-12-11,539.0,539.0,520.0,522.0,71048,-1.23,37397217.9
NABIL,2023-12-12,528.0,528.0,520.0,521.2,61512,-0.15,32135111.4
NABIL,2023-12-13,530.0,530.0,520.0,521.0,62488,-0.04,32770640.3
NABIL,2023-12-14,525.0,527.9,521.0,522.8,63175,0.35,33077944.4
NABIL,2023-12-17,515.0,518.9,493.0,513.0,136029,-1.87,69726311.7
NABIL,2023-12-18,513.7,519.5,510.0,513.0,110278,0.0,56583376.5
NABIL,2023-12-19,523.2,523.2,514.0,518.0,91419,0.97,47333207.9
NABIL,2023-12-20,525.0,528.0,518.6,520.0,145825,0.39,75974172.1
NABIL,2023-12-21,520.0,525.0,520.0,523.0,91036,0.58,47621680.7
NABIL,2023-12-24,523.0,527.0,515.0,515.0,85406,-1.53,44347884.3
NABIL,2023-12-27,520.0,520.0,508.0,508.0,70880,-1.36,36195148.5
NABIL,2023-12-28,499.0,514.0,499.0,506.0,55161,-0.39,27984384.9
NABIL,2024-01-01,513.0,513.0,505.0,505.9,56006,-0.02,28388629.6
NABIL,2024-01-02,506.0,510.0,498.0,499.9,97243,-1.19,48739674.8
NABIL,2024-01-03,500.0,501.5,488.6,496.0,150208,-0.78,74243709.5
NABIL,2024-01-04,498.0,500.9,495.0,495.5,93743,-0.1,46626099.4
NABIL,2024-01-07,500.0,500.0,489.5,490.0,97677,-1.11,48049103.8
NABIL,2024-01-08,495.0,495.0,488.0,488.1,109400,-0.39,53586128.1
NABIL,2024-01-09,488.1,495.0,488.1,490.0,123332,0.39,60580784.6
NABIL,2024-01-10,495.0,500.0,490.0,492.0,91478,0.41,45338816.5
NABIL,2024-01-11,499.0,499.9,490.0,493.0,52810,0.2,26080337.0
NABIL,2024-01-14,500.0,501.0,493.5,494.5,66912,0.3,33128429.6
NABIL,2024-01-16,500.0,502.0,498.0,501.0,126928,1.31,63423350.8
NABIL,2024-01-17,503.5,512.0,503.0,504.0,111028,0.6,56271981.3
NABIL,2024-01-18,507.0,507.0,498.0,498.0,78196,-1.19,39099071.9
NABIL,2024-01-21,504.0,504.0,492.0,493.0,85324,-1.0,42440772.6
NABIL,2024-01-22,495.0,495.0,486.5,489.0,106960,-0.81,52410361.9
NABIL,2024-01-23,489.0,496.0,484.0,484.5,102618,-0.92,49850590.0
NABIL,2024-01-24,492.0,493.0,484.0,484.9,75048,0.08,36499765.1
NABIL,2024-01-25,492.5,492.5,483.2,488.0,78635,0.64,38332635.4
NABIL,2024-01-28,497.0,497.0,487.7,491.0,62690,0.61,30688492.6
NABIL,2024-01-29,492.0,495.0,485.0,488.0,112649,-0.61,54993722.6
NABIL,2024-01-30,485.0,494.0,485.0,487.0,58884,-0.2,28719052.7
NABIL,2024-01-31,489.0,490.0,484.6,484.6,101519,-0.49,49422553.3
NABIL,2024-02-01,494.2,494.2,480.0,480.6,88972,-0.83,42874748.3
NABIL,2024-02-04,482.0,483.9,477.0,477.0,79654,-0.75,38139312.6
NABIL,2024-02-05,481.0,481.0,474.9,475.0,65154,-0.42,31059134.5
NABIL,2024-02-06,479.0,484.0,475.0,475.0,62626,0.0,29864909.3
NABIL,2024-02-07,484.5,484.5,474.5,475.1,72757,0.02,34651267.2
NABIL,2024-02-08,476.0,480.0,475.0,476.5,40791,0.29,19428344.2
NABIL,2024-02-11,486.0,486.0,474.5,475.0,87081,-0.31,41536813.4
NABIL,2024-02-12,476.0,477.0,474.0,477.0,48708,0.42,23137701.8
NABIL,2024-02-13,477.0,479.9,469.1,471.5,83243,-1.15,39335243.7
NABIL,2024-02-14,471.5,471.5,464.5,465.5,63187,-1.27,29432541.5
NABIL,2024-02-15,465.0,466.0,462.0,462.5,51339,-0.64,23763885.7
NABIL,2024-02-18,456.0,465.0,455.5,457.7,65595,-1.04,30047882.8
NABIL,2024-02-20,456.0,460.0,448.0,449.0,90305,-1.9,40799800.6
NABIL,2024-02-21,450.0,454.8,448.0,449.0,61605,0.0,27709782.7
NABIL,2024-02-22,450.0,452.9,443.0,445.0,62441,-0.89,27844413.9
NABIL,2024-02-25,445.0,445.0,434.0,436.5,68284,-1.91,29943351.1
NABIL,2024-02-26,436.5,440.0,430.1,434.0,63611,-0.57,27597828.0
NABIL,2024-02-27,434.0,440.0,432.5,437.8,44089,0.88,19182202.4
NABIL,2024-02-28,442.0,442.0,435.0,435.0,32394,-0.64,14143989.0
NABIL,2024-02-29,435.0,435.0,429.0,429.5,84087,-1.26,36293346.1
NABIL,2024-03-03,429.5,432.0,422.0,424.0,57099,-1.28,24247315.8
NABIL,2024-03-04,432.4,458.3,432.0,458.3,14359,8.09,6514387.2
NABIL,2024-03-05,459.0,459.0,435.0,446.0,85486,-2.68,38275055.4
NABIL,2024-03-06,448.0,450.0,440.0,442.0,46408,-0.9,20614974.9
NABIL,2024-03-07,450.0,450.0,442.0,445.5,27778,0.79,12360332.5
NABIL,2024-03-10,448.0,451.0,447.0,449.8,38263,0.97,17184098.6
NABIL,2024-03-12,458.7,470.0,455.0,469.0,62909,4.27,29076699.0
NABIL,2024-03-13,477.0,479.9,467.0,473.0,66733,0.85,31614147.3
NABIL,2024-03-14,480.0,480.0,468.3,471.9,48287,-0.23,22778295.1
NABIL,2024-03-17,478.0,480.0,462.0,464.0,51485,-1.67,23971254.6
NABIL,2024-03-18,473.0,473.0,459.0,461.0,36185,-0.65,16682507.5
NABIL,2024-03-19,460.0,462.0,456.0,460.0,34096,-0.22,15682309.0
NABIL,2024-03-20,463.0,465.0,456.0,457.0,31882,-0.65,14624891.1
NABIL,2024-03-21,459.9,459.9,449.0,451.0,46500,-1.31,20947008.4
NABIL,2024-03-25,458.0,458.0,444.4,445.0,33441,-1.33,14908542.0
NABIL,2024-03-26,445.1,448.0,440.0,441.8,40492,-0.72,17930260.1
NABIL,2024-03-27,442.0,447.0,440.0,440.5,30220,-0.29,13329809.2
NABIL,2024-03-28,442.0,444.0,440.0,442.5,32919,0.45,14525360.1
NABIL,2024-03-31,443.0,448.0,437.9,440.0,55639,-0.56,24528721.5
NABIL,2024-04-01,437.0,439.0,432.0,439.0,44256,-0.23,19270228.2
NABIL,2024-04-02,437.0,440.0,432.0,436.0,26386,-0.68,11528904.1
NABIL,2024-04-03,439.0,439.0,432.0,434.0,40271,-0.46,17488920.7
NABIL,2024-04-04,434.0,436.0,432.7,434.0,37125,0.0,16117591.6
NABIL,2024-04-07,434.0,438.0,430.1,438.0,83715,0.92,36212319.0
NABIL,2024-04-09,446.7,446.7,432.0,439.0,51408,0.23,22583822.2
NABIL,2024-04-10,440.0,442.0,436.0,438.0,46883,-0.23,20567165.6
NABIL,2024-04-14,438.0,446.0,436.6,438.0,37958,0.0,16656746.2
NABIL,2024-04-15,438.0,439.0,434.1,435.0,33297,-0.68,14508815.3
NABIL,2024-04-16,435.0,435.0,431.0,433.0,33034,-0.46,14285085.7
NABIL,2024-04-18,433.0,434.0,429.0,429.9,39409,-0.72,16961501.7
NABIL,2024-04-21,437.0,437.0,422.0,428.0,68601,-0.44,29231237.3
NABIL,2024-04-22,428.0,435.0,428.0,429.0,30359,0.23,13070595.6
NABIL,2024-04-24,430.0,435.0,428.5,429.0,35268,0.0,15162356.1
NABIL,2024-04-25,429.0,433.0,427.0,427.3,52043,-0.4,22305164.7
NABIL,2024-04-28,435.8,435.8,427.0,427.0,43925,-0.07,18805484.3
NABIL,2024-04-29,435.5,435.5,424.5,429.0,51708,0.47,22092433.0
NABIL,2024-04-30,437.5,437.5,426.0,431.5,44100,0.58,18944607.2
NABIL,2024-05-02,440.1,440.1,427.5,429.5,47931,-0.46,20580422.3
NABIL,2024-05-05,430.0,432.0,425.0,426.0,41759,-0.81,17829873.3
NABIL,2024-05-06,427.0,427.0,423.0,424.0,26747,-0.47,11340493.6
NABIL,2024-05-07,422.3,430.7,421.9,422.0,38545,-0.47,16314507.3
NABIL,2024-05-08,427.0,427.0,422.0,424.5,18323,0.59,7747542.8
NABIL,2024-05-09,428.0,428.0,419.0,422.7,40811,-0.42,17188349.2
NABIL,2024-05-12,421.1,425.0,420.0,422.0,44038,-0.17,18601027.3
NABIL,2024-05-13,426.0,431.5,422.4,430.8,68228,2.09,29223743.1
NABIL,2024-05-14,435.5,435.5,430.0,433.5,35940,0.63,15536713.1
NABIL,2024-05-15,440.0,441.0,434.0,434.0,36943,0.12,16131722.1
NABIL,2024-05-16,442.6,442.6,428.0,431.0,40117,-0.69,17306919.7
NABIL,2024-05-19,439.6,439.6,432.2,437.0,47893,1.39,20893781.6
NABIL,2024-05-20,443.0,463.4,441.0,458.0,97887,4.81,44504840.1
NABIL,2024-05-21,460.0,481.0,457.0,480.9,144313,5.0,68180180.6
NABIL,2024-05-22,480.9,515.0,480.9,514.0,307056,6.88,155072385.7
NABIL,2024-05-26,515.0,532.0,507.0,517.0,257882,0.58,134055334.8
NABIL,2024-05-27,523.9,523.9,500.2,507.9,101039,-1.76,51333314.9
NABIL,2024-05-29,505.0,522.0,488.5,489.0,124575,-3.72,62074720.9
NABIL,2024-05-30,485.0,492.0,469.8,478.3,104947,-2.19,50405336.0
NABIL,2024-06-02,476.0,490.5,476.0,490.0,77895,2.45,37524452.2
NABIL,2024-06-03,496.9,497.0,484.0,484.9,46126,-1.04,22468242.4
NABIL,2024-06-04,493.0,493.0,480.3,483.0,37907,-0.39,18264152.8
NABIL,2024-06-05,483.0,487.6,479.0,480.0,43444,-0.62,20896744.9
NABIL,2024-06-06,480.1,485.0,477.0,477.0,40452,-0.63,19393372.4
NABIL,2024-06-09,486.5,486.5,474.0,474.0,42853,-0.63,20402877.7
NABIL,2024-06-10,483.4,483.4,462.6,468.0,57462,-1.27,26919557.7
NABIL,2024-06-11,477.3,478.1,466.1,478.0,50026,2.14,23618602.8
NABIL,2024-06-12,480.0,490.0,480.0,483.0,45437,1.05,22046828.6
NABIL,2024-06-13,490.0,490.0,479.0,479.1,63580,-0.81,30607694.5
NABIL,2024-06-16,488.6,488.6,473.2,475.0,48170,-0.86,22914153.8
NABIL,2024-06-18,483.0,483.0,468.7,469.0,43382,-1.26,20412289.3
NABIL,2024-06-19,469.0,475.0,469.0,472.0,29603,0.64,13955577.2
NABIL,2024-06-20,481.4,481.4,469.6,470.1,51724,-0.4,24331204.9
NABIL,2024-06-23,469.0,469.0,465.0,466.0,53680,-0.87,25038296.6
NABIL,2024-06-24,464.0,467.0,461.1,461.1,45036,-1.05,20929810.4
NABIL,2024-06-25,462.0,465.0,455.3,458.2,56926,-0.63,26111288.7
NABIL,2024-06-26,458.8,460.0,455.1,456.0,57007,-0.48,26058156.4
NABIL,2024-06-27,456.0,457.0,454.6,456.0,29699,0.0,13534403.0
NABIL,2024-06-30,456.9,461.0,450.8,452.0,55043,-0.88,25040847.5
NABIL,2024-07-01,457.0,458.8,450.0,458.8,31786,1.5,14413918.9
NABIL,2024-07-02,467.9,499.3,466.0,477.1,93437,3.99,44669247.6
NABIL,2024-07-03,477.0,484.0,469.0,484.0,48855,1.45,23335629.9
NABIL,2024-07-04,485.0,490.0,480.0,487.0,58487,0.62,28370114.6
NABIL,2024-07-07,487.0,490.0,482.0,487.0,59675,0.0,29077830.7
NABIL,2024-07-08,487.0,490.0,482.0,490.0,79001,0.62,38542488.7
NABIL,2024-07-09,490.0,491.9,482.1,490.2,48124,0.04,23437166.6
NABIL,2024-07-10,500.0,500.0,490.0,497.1,82435,1.41,40854930.3
NABIL,2024-07-11,507.0,507.0,498.6,507.0,115571,1.99,57994102.0
NABIL,2024-07-14,517.1,547.0,517.0,529.0,138178,4.34,72604290.4
NABIL,2024-07-15,539.5,545.0,521.0,524.0,157693,-0.95,83658136.5
NABIL,2024-07-16,534.4,534.4,514.5,532.9,116735,1.7,61368198.3
NABIL,2024-07-17,539.0,543.0,531.0,538.0,138575,0.96,74566356.1
NABIL,2024-07-18,538.0,589.0,538.0,567.0,242256,5.39,135914813.2
NABIL,2024-07-21,578.0,584.0,568.0,577.0,248449,1.76,143659433.7
NABIL,2024-07-22,580.0,587.0,563.0,574.0,183975,-0.52,105850242.3
NABIL,2024-07-23,574.0,580.0,563.0,579.0,185075,0.87,106372294.2
NABIL,2024-07-24,576.0,590.0,570.0,579.0,162758,0.0,94481900.7
NABIL,2024-07-25,579.0,579.0,570.0,575.9,129069,-0.54,74255917.3
NABIL,2024-07-28,587.4,633.4,587.4,633.4,348250,9.98,220337618.9
NABIL,2024-07-29,646.0,690.0,643.0,649.0,451587,2.46,297700784.8
NABIL,2024-07-30,658.9,658.9,620.0,644.0,331425,-0.77,210223916.0
NABIL,2024-07-31,656.8,656.8,640.0,649.3,288592,0.82,187472565.1
NABIL,2024-08-01,649.3,660.0,638.0,645.0,197788,-0.66,128019909.1
NABIL,2024-08-05,657.9,700.0,657.0,660.0,314107,2.33,208629892.9
NABIL,2024-08-06,668.0,668.0,624.0,625.0,421596,-5.3,270876511.8
NABIL,2024-08-07,613.0,640.0,608.0,631.5,251049,1.04,157692586.0
NABIL,2024-08-08,644.1,644.1,628.0,630.0,154915,-0.24,97946514.6
NABIL,2024-08-11,640.0,643.0,635.0,639.1,196534,1.44,125518630.4
NABIL,2024-08-12,645.0,657.9,640.0,646.9,228497,1.22,148296873.4
NABIL,2024-08-13,648.0,658.9,643.0,647.9,208455,0.15,135177164.7
NABIL,2024-08-14,650.0,650.0,640.0,645.0,160074,-0.45,103059752.05
NABIL,2024-08-15,657.9,673.0,647.0,660.0,460088,2.33,304494325.9
NABIL,2024-08-18,670.0,682.0,656.0,662.0,385734,0.3,257782857.6
NABIL,2024-08-21,675.0,675.0,651.0,658.3,251551,-0.56,165831119.0
NABIL,2024-08-22,658.3,668.0,652.0,654.0,210335,-0.65,138210719.0
NABIL,2024-08-25,654.0,654.0,636.0,636.9,206816,-2.61,132777526.9
NABIL,2024-08-27,625.0,640.0,605.0,605.6,307846,-4.91,189731911.0
NABIL,2024-08-28,617.7,630.0,609.7,616.0,256298,1.72,158681461.1
NABIL,2024-08-29,625.0,625.0,600.0,605.0,155077,-1.79,93909055.4
NABIL,2024-09-01,614.0,614.0,589.0,595.0,150454,-1.65,89809421.5
NABIL,2024-09-02,600.0,612.0,585.0,611.7,174550,2.81,104924105.6
NABIL,2024-09-03,615.0,623.0,610.0,610.0,107180,-0.28,65893261.8
NABIL,2024-09-04,622.2,622.2,595.0,595.0,139235,-2.46,83634651.9
NABIL,2024-09-05,596.0,598.0,585.0,592.0,92820,-0.5,54792436.2
NABIL,2024-09-08,603.8,603.8,585.0,586.0,99880,-1.01,59097867.6
NABIL,2024-09-09,588.0,592.0,572.0,573.0,93805,-2.22,54213108.5
NABIL,2024-09-10,583.0,583.0,567.5,569.8,97919,-0.56,56103877.3
NABIL,2024-09-11,577.0,577.5,560.0,561.5,78865,-1.46,44418906.7
NABIL,2024-09-12,572.7,572.7,554.0,569.0,91654,1.34,51619177.4
NABIL,2024-09-15,574.0,590.0,570.0,571.0,100482,0.35,58344637.9
NABIL,2024-09-16,571.0,571.0,560.1,561.2,56485,-1.72,31829007.5
NABIL,2024-09-18,562.0,565.0,550.0,556.0,68886,-0.93,38431118.4
NABIL,2024-09-22,556.0,578.0,556.0,562.0,55026,1.08,31054968.7
NABIL,2024-09-23,573.2,573.2,555.0,568.0,123568,1.07,69577465.0
NABIL,2024-09-24,567.0,567.0,552.1,553.5,66337,-2.55,36962336.0
NABIL,2024-09-25,550.0,560.0,545.1,555.0,50441,0.27,27867328.7
NABIL,2024-09-26,555.2,562.0,549.0,550.0,50686,-0.9,28014233.9
NABIL,2024-09-29,550.0,550.0,540.0,541.5,46227,-1.55,25111657.4
NABIL,2024-09-30,540.0,550.5,540.0,550.0,49497,1.57,27116381.2
NABIL,2024-10-01,550.0,571.0,550.0,568.0,74522,3.27,42116162.6
NABIL,2024-10-02,571.0,579.3,565.0,565.0,56823,-0.53,32409462.5
NABIL,2024-10-06,565.0,574.0,556.0,574.0,84468,1.59,47888610.6
NABIL,2024-10-07,584.0,593.2,580.0,591.5,69067,3.05,40651069.6
NABIL,2024-10-08,592.0,600.0,580.0,591.0,65705,-0.08,39034507.7
NABIL,2024-10-09,595.0,595.0,580.0,593.0,38505,0.34,22733588.64
NABIL,2024-10-15,593.0,601.0,593.0,600.0,69441,1.18,41603987.7
NABIL,2024-10-16,608.0,608.0,601.0,608.0,94498,1.33,57089953.3
NABIL,2024-10-17,615.0,619.0,602.0,607.1,70872,-0.15,43161960.0
NABIL,2024-10-20,600.0,606.0,593.0,597.0,100302,-1.66,60079137.9
NABIL,2024-10-21,595.0,597.0,584.0,585.5,112249,-1.93,65959989.5
NABIL,2024-10-22,581.5,592.0,577.0,591.0,77275,0.94,45295626.1
NABIL,2024-10-23,591.0,607.2,591.0,594.0,63996,0.51,38422281.4
NABIL,2024-10-24,590.1,600.0,590.0,591.5,41245,-0.42,24407052.4
NABIL,2024-10-27,588.09,599.0,585.1,587.0,33289,-0.76,19567963.7
NABIL,2024-10-28,585.0,594.9,583.5,585.0,51581,-0.34,30212476.4
NABIL,2024-10-29,595.0,595.0,586.1,591.8,38978,1.16,23000072.2
NABIL,2024-10-30,580.0,583.0,569.0,576.0,215581,-2.67,124439618.6
NABIL,2024-11-05,570.1,576.0,565.0,567.0,98344,-1.56,55680204.4
NABIL,2024-11-06,565.0,567.0,562.8,564.6,54129,-0.42,30511010.0
NABIL,2024-11-10,565.0,573.0,565.0,570.0,108867,0.96,61944872.8
NABIL,2024-11-11,573.0,579.0,568.0,569.0,87145,-0.18,49937465.2
NABIL,2024-11-12,570.6,572.0,566.0,566.2,58126,-0.49,33088676.4
NABIL,2024-11-13,566.2,570.0,560.2,561.0,48085,-0.92,27086743.4
NABIL,2024-11-14,566.0,566.0,557.0,562.0,59666,0.18,33459901.3
NABIL,2024-11-17,562.0,570.0,562.0,562.1,62749,0.02,35417355.5
NABIL,2024-11-19,560.0,568.0,557.0,559.8,84892,-0.41,47657769.9
NABIL,2024-11-20,560.0,562.0,552.0,557.0,61578,-0.5,34157291.3
NABIL,2024-11-21,565.0,565.0,552.2,553.7,56753,-0.59,31472593.9
NABIL,2024-11-24,564.0,564.7,555.0,558.0,109617,0.78,61141240.4
NABIL,2024-11-25,569.1,569.1,542.7,547.6,78417,-1.86,42826396.0
NABIL,2024-11-26,547.6,556.0,540.0,545.0,96250,-0.47,52398724.4
NABIL,2024-11-27,545.0,549.5,544.0,548.0,59923,0.55,32781668.0
NABIL,2024-11-28,545.0,551.0,539.0,540.0,98283,-1.46,53383609.8
NABIL,2024-12-01,537.3,540.0,534.1,536.0,79422,-0.74,42627477.8
NABIL,2024-12-02,546.7,546.7,533.0,534.0,80685,-0.37,43132809.2
NABIL,2024-12-03,544.6,544.6,530.2,532.0,62719,-0.37,33351241.1
NABIL,2024-12-04,542.6,542.6,530.0,530.0,69630,-0.38,36964486.1
NABIL,2024-12-05,540.6,540.6,523.0,525.0,61452,-0.94,32305643.4
NABIL,2024-12-08,526.0,526.0,513.5,514.5,76545,-2.0,39566583.4
NABIL,2024-12-09,505.0,516.9,505.0,510.0,54624,-0.87,27932970.6
NABIL,2024-12-10,510.0,514.0,505.0,508.1,51966,-0.37,26432713.9
NABIL,2024-12-11,508.0,529.8,506.1,528.0,70328,3.92,36146924.2
NABIL,2024-12-12,535.0,538.5,518.3,520.0,56954,-1.52,29999645.9
NABIL,2024-12-16,520.0,524.0,509.7,512.9,47147,-1.37,24175344.3
NABIL,2024-12-17,513.0,518.0,509.1,512.0,53169,-0.18,27268731.1
NABIL,2024-12-18,501.8,520.4,501.8,511.8,57475,-0.04,29470230.7
NABIL,2024-12-19,512.0,514.0,508.0,508.0,73723,-0.74,37610350.0
NABIL,2024-12-22,497.9,511.0,497.9,502.9,67080,-1.0,33761555.0
NABIL,2024-12-23,502.9,502.9,498.0,501.0,86473,-0.38,43272734.6
NABIL,2024-12-24,503.0,506.0,499.1,501.0,66517,0.0,33391369.2
NABIL,2024-12-26,511.0,511.0,498.0,502.0,127622,0.2,64123331.6
NABIL,2024-12-29,504.1,508.9,499.0,502.7,64296,0.14,32322538.0
NABIL,2024-12-31,512.7,512.7,498.0,502.0,53222,-0.14,26562216.3
NABIL,2025-01-01,502.0,502.9,500.0,501.4,29808,-0.12,14928274.4
NABIL,2025-01-02,502.0,502.0,499.0,499.3,43634,-0.42,21812724.4
NABIL,2025-01-05,502.0,504.0,498.0,499.0,67379,-0.06,33640202.3
NABIL,2025-01-06,501.5,501.5,498.0,499.0,102420,0.0,51118470.5
NABIL,2025-01-07,499.0,504.0,498.0,500.0,64195,0.2,32074731.1
NABIL,2025-01-08,510.0,510.0,497.0,498.9,74206,-0.22,36998891.8
NABIL,2025-01-09,499.0,500.0,494.0,495.5,138476,-0.68,68774076.3
NABIL,2025-01-12,505.4,505.4,490.0,490.6,46984,-0.99,23132116.9
NABIL,2025-01-13,491.0,496.0,489.5,489.5,86269,-0.22,42428502.5
NABIL,2025-01-15,492.1,494.0,489.0,489.5,52957,0.0,25994163.7
NABIL,2025-01-16,490.0,495.0,487.0,489.1,51859,-0.08,25336426.1
NABIL,2025-01-19,489.0,497.0,485.0,488.2,52392,-0.18,25518159.5
NABIL,2025-01-20,490.0,495.0,482.2,484.5,82199,-0.76,39945308.9
NABIL,2025-01-21,484.0,489.0,480.3,483.4,50098,-0.23,24175213.0
NABIL,2025-01-22,483.0,488.8,483.0,486.0,62780,0.54,30483036.6
NABIL,2025-01-23,490.0,492.0,485.3,488.0,51932,0.41,25366955.6
NABIL,2025-01-26,492.0,492.0,482.1,482.2,54531,-1.19,26437625.3
NABIL,2025-01-27,481.0,483.0,477.2,479.5,62150,-0.56,29773335.5
NABIL,2025-01-28,478.0,481.0,475.0,476.0,108959,-0.73,51900828.7
NABIL,2025-02-02,479.0,493.4,476.1,491.4,105241,3.24,51266050.7
NABIL,2025-02-03,492.0,503.0,491.4,495.9,109341,0.92,54412930.6
NABIL,2025-02-04,500.0,500.0,490.0,493.0,53987,-0.58,26637510.8
NABIL,2025-02-05,491.1,493.0,489.5,490.0,70028,-0.61,34368058.9
NABIL,2025-02-06,494.0,495.0,486.0,486.7,50451,-0.67,24674687.8
NABIL,2025-02-09,495.0,495.0,485.0,486.3,49012,-0.08,23879846.4
NABIL,2025-02-10,486.5,490.0,484.0,490.0,51838,0.76,25208899.6
NABIL,2025-02-11,492.0,492.0,486.0,487.0,29647,-0.61,14448351.1
NABIL,2025-02-12,487.0,487.0,482.1,485.0,51961,-0.41,25163981.5
NABIL,2025-02-13,488.0,490.0,482.1,485.5,40707,0.1,19745431.7
NABIL,2025-02-16,486.8,488.3,482.9,487.0,53350,0.31,25859337.7
NABIL,2025-02-17,487.0,495.9,485.3,494.0,70310,1.44,34507660.8
NABIL,2025-02-18,500.0,500.0,494.0,496.0,60431,0.4,30012969.0
NABIL,2025-02-20,486.1,503.8,486.1,494.9,44322,-0.22,21943112.1
NABIL,2025-02-23,485.1,495.0,485.1,489.9,84304,-1.01,41366659.7
NABIL,2025-02-24,490.0,495.0,488.5,489.0,63464,-0.18,31139937.7
NABIL,2025-02-25,490.0,490.0,488.0,489.0,36470,0.0,17831334.2
NABIL,2025-02-27,498.7,518.0,498.0,501.8,123140,2.62,61837235.8
NABIL,2025-03-02,511.8,519.0,506.0,519.0,114489,3.43,58797746.2
NABIL,2025-03-03,523.0,529.2,515.0,515.0,110922,-0.77,57782578.4
NABIL,2025-03-04,520.0,520.0,504.0,507.0,116499,-1.55,59229782.7
NABIL,2025-03-05,509.5,509.5,498.5,499.0,66686,-1.58,33396397.3
NABIL,2025-03-06,502.0,502.0,498.1,498.1,76130,-0.18,38030227.3
NABIL,2025-03-09,498.0,502.0,493.0,495.0,53038,-0.62,26380628.3
NABIL,2025-03-10,496.0,500.0,490.0,491.0,44625,-0.81,21979031.8
NABIL,2025-03-11,492.0,495.0,486.1,491.0,45903,0.0,22559000.9
NABIL,2025-03-12,494.0,494.0,489.0,491.0,39132,0.0,19204640.2
NABIL,2025-03-16,494.9,494.9,485.0,491.1,71238,0.02,34682594.9
NABIL,2025-03-17,491.1,498.0,486.0,490.0,41530,-0.22,20417432.3
NABIL,2025-03-18,499.8,499.8,488.0,491.4,28929,0.29,14222960.9
NABIL,2025-03-19,495.0,496.0,487.0,488.9,49272,-0.51,24118449.0
NABIL,2025-03-20,489.0,490.0,487.0,487.31,36716,-0.33,17908359.7
NABIL,2025-03-23,488.0,488.0,482.0,482.62,48632,-0.96,23544363.1
NABIL,2025-03-24,484.5,486.0,476.5,484.03,54964,0.29,26524696.8
NABIL,2025-03-25,485.0,485.0,478.0,480.13,78144,-0.81,37494028.2
NABIL,2025-03-26,485.0,485.0,477.0,481.31,49757,0.25,23916849.5
NABIL,2025-03-27,490.9,490.9,480.0,485.09,38210,0.79,18513985.2
NABIL,2025-03-30,485.0,492.0,484.0,485.96,52866,0.18,25868427.1
NABIL,2025-04-01,490.0,493.0,483.0,484.56,37377,-0.29,18155530.1
NABIL,2025-04-02,494.2,494.2,484.0,485.26,36189,0.14,17575535.2
NABIL,2025-04-03,491.0,494.0,486.1,488.73,42041,0.72,20602284.7
NABIL,2025-04-07,490.0,497.0,482.0,486.97,46130,-0.36,22422636.0
NABIL,2025-04-08,485.0,486.0,478.0,484.65,38820,-0.48,18746522.3
NABIL,2025-04-09,494.0,494.0,483.2,486.27,26187,0.33,12744525.0
NABIL,2025-04-10,491.0,492.4,484.0,485.97,30292,-0.06,14717797.1
NABIL,2025-04-13,495.6,495.6,484.1,486.97,44237,0.21,21506720.9
NABIL,2025-04-15,496.0,496.0,486.0,487.96,62586,0.2,30517392.0
NABIL,2025-04-16,497.0,497.0,488.0,489.31,43376,0.28,21240560.5
NABIL,2025-04-17,490.8,495.6,489.0,494.38,54656,1.04,26922513.4
NABIL,2025-04-20,500.0,501.2,490.0,492.09,79228,-0.46,39103117.8
NABIL,2025-04-21,494.9,495.0,490.0,490.87,49104,-0.25,24161003.3
NABIL,2025-04-22,490.0,494.0,485.0,487.76,31332,-0.63,15266150.5
NABIL,2025-04-23,487.0,488.0,482.0,486.77,65014,-0.2,31491464.6
NABIL,2025-04-24,483.0,489.9,483.0,485.87,30597,-0.18,14863308.9
NABIL,2025-04-27,490.0,490.0,483.2,485.01,50578,-0.18,24578874.7
NABIL,2025-04-28,485.3,487.9,480.6,481.3,45746,-0.76,22048192.7
NABIL,2025-04-29,480.0,488.0,480.0,481.45,29998,0.03,14451570.2
NABIL,2025-04-30,480.0,487.0,478.0,478.18,49915,-0.68,23920163.4
NABIL,2025-05-04,480.0,487.4,477.0,478.32,44594,0.03,21378606.2
NABIL,2025-05-05,478.0,481.0,477.0,478.25,39597,-0.01,18946454.8
NABIL,2025-05-06,478.0,484.0,475.1,476.94,39968,-0.27,19059469.1
NABIL,2025-05-07,477.0,485.0,474.1,483.31,66388,1.34,31828953.0
NABIL,2025-05-08,490.0,490.0,480.5,482.64,54724,-0.14,26424061.9
NABIL,2025-05-11,490.0,490.0,484.5,485.65,44892,0.62,21799860.5
NABIL,2025-05-13,488.0,493.6,481.0,487.41,65061,0.36,31585532.7
NABIL,2025-05-14,490.0,490.0,482.0,483.85,25028,-0.73,12122585.6
NABIL,2025-05-15,485.0,486.0,481.5,482.11,47247,-0.36,22844525.9
NABIL,2025-05-18,483.0,485.0,479.0,480.49,37266,-0.34,17902061.6
NABIL,2025-05-19,488.0,488.0,479.9,482.58,42039,0.43,20293353.5
NABIL,2025-05-20,482.6,489.0,481.0,488.16,43243,1.16,20974647.6
NABIL,2025-05-21,497.9,527.0,492.5,494.21,91325,1.24,45723449.6
NABIL,2025-05-22,499.5,503.0,494.6,499.55,71455,1.08,35662859.3
NABIL,2025-05-25,509.5,510.0,495.0,496.75,108411,-0.56,54020885.7
NABIL,2025-05-26,506.6,516.0,496.1,498.07,87620,0.27,43957960.7
NABIL,2025-05-27,498.0,498.1,493.6,496.48,33750,-0.32,16728470.2
NABIL,2025-05-28,501.9,501.9,494.0,500.42,66059,0.79,32927625.3
NABIL,2025-06-02,510.4,510.4,500.1,500.78,73634,0.07,37032517.5
NABIL,2025-06-03,505.9,505.9,495.0,497.45,54808,-0.66,27320373.9
NABIL,2025-06-04,499.0,499.0,490.0,491.11,48051,-1.27,23650135.0
NABIL,2025-06-05,498.0,498.0,489.0,492.37,47113,0.26,23160435.1
NABIL,2025-06-08,490.0,495.0,489.0,489.65,50694,-0.55,24865295.4
NABIL,2025-06-09,489.9,494.9,489.0,490.93,29647,0.26,14585465.2
NABIL,2025-06-10,494.9,494.9,490.0,491.77,38403,0.17,18891832.9
NABIL,2025-06-11,495.0,495.0,490.0,490.34,39951,-0.29,19627959.6
NABIL,2025-06-12,493.0,493.0,488.3,489.44,53316,-0.18,26126194.5
NABIL,2025-06-15,495.0,495.0,490.0,490.73,43276,0.26,21256612.5
NABIL,2025-06-16,497.0,497.0,489.0,490.59,48455,-0.03,23792554.9
NABIL,2025-06-17,490.0,492.0,487.1,488.99,36559,-0.33,17876245.8
NABIL,2025-06-18,490.0,492.0,488.0,489.97,44689,0.2,21873393.4
NABIL,2025-06-19,494.8,494.8,487.0,489.04,78016,-0.19,38171293.1
NABIL,2025-06-22,493.0,493.0,485.0,488.99,47834,-0.01,23346142.0
NABIL,2025-06-23,489.9,489.9,485.0,487.35,30576,-0.34,14888929.0
NABIL,2025-06-24,489.0,493.0,483.2,487.3,54280,-0.01,26444244.9
NABIL,2025-06-25,488.0,488.9,481.0,486.24,24807,-0.22,12047864.2
NABIL,2025-06-26,486.0,488.5,485.1,485.95,33097,-0.06,16101679.8
NABIL,2025-06-29,482.0,490.0,482.0,489.82,40790,0.8,19855309.4
NABIL,2025-06-30,490.1,493.1,490.1,491.81,37425,0.41,18421945.1
NABIL,2025-07-01,496.4,496.4,491.0,491.79,35495,0.0,17476977.9
NABIL,2025-07-02,494.5,495.8,491.0,494.96,55089,0.64,27202962.4
NABIL,2025-07-03,491.1,500.0,490.0,498.22,91180,0.66,45234332.1
NABIL,2025-07-06,506.0,506.8,499.1,500.89,64130,0.54,32160033.7
NABIL,2025-07-07,500.0,503.0,496.3,497.07,36175,-0.76,18021743.1
NABIL,2025-07-08,500.0,500.0,493.0,495.46,33006,-0.32,16372932.9
NABIL,2025-07-09,500.0,500.0,495.2,499.01,42721,0.72,21258926.6
NABIL,2025-07-10,503.0,522.0,500.0,511.17,264663,2.44,134931549.6
NABIL,2025-07-13,521.3,537.5,521.3,535.77,270279,4.81,143508273.3
NABIL,2025-07-14,538.0,538.0,521.1,522.22,165976,-2.53,87288350.2
NABIL,2025-07-15,524.0,530.0,515.0,529.8,136308,1.45,71047008.5
NABIL,2025-07-16,530.0,543.6,530.0,541.37,260180,2.18,140412352.7
NABIL,2025-07-17,545.0,554.0,542.2,548.66,192877,1.35,106084134.4
NABIL,2025-07-20,550.0,560.0,548.0,549.77,233008,0.2,129064235.3
NABIL,2025-07-21,550.0,554.0,540.0,545.21,126936,-0.83,69339704.9
NABIL,2025-07-22,545.2,555.5,545.2,554.63,172337,1.73,94837467.6
NABIL,2025-07-23,543.6,562.0,543.6,551.41,132486,-0.58,73160306.9
NABIL,2025-07-24,552.0,556.0,547.1,548.08,95913,-0.6,52752517.7
NABIL,2025-07-27,550.0,554.0,545.1,547.84,147629,-0.04,81220703.6
NABIL,2025-07-28,545.5,547.0,536.0,540.43,183214,-1.35,98869241.3
NABIL,2025-07-29,547.0,552.0,545.0,548.55,142244,1.5,78087885.1
NABIL,2025-07-30,550.7,555.0,545.0,545.18,115662,-0.61,63522477.0
NABIL,2025-07-31,540.1,548.2,535.0,536.48,110940,-1.6,59709752.8
NABIL,2025-08-03,536.0,538.0,522.5,524.4,166184,-2.25,87771702.4
NABIL,2025-08-04,524.4,532.0,519.0,527.97,103313,0.68,54318530.1
NABIL,2025-08-05,517.5,540.0,517.5,527.73,91553,-0.05,48640299.2
NABIL,2025-08-06,530.0,530.0,523.0,525.93,48952,-0.34,25755132.8
NABIL,2025-08-07,534.9,534.9,525.6,527.36,63502,0.27,33510621.6
NABIL,2025-08-11,533.0,534.0,525.0,526.3,69423,-0.2,36644323.0
NABIL,2025-08-12,530.0,534.5,524.2,524.86,79172,-0.27,41718059.2
NABIL,2025-08-13,523.0,524.9,522.0,523.63,50014,-0.23,26191841.4
NABIL,2025-08-14,524.1,526.5,523.1,523.82,47263,0.04,24778523.1
NABIL,2025-08-17,525.0,528.0,519.0,521.21,63880,-0.5,33327526.4
NABIL,2025-08-18,520.0,524.0,517.0,518.95,48703,-0.43,25313878.1
NABIL,2025-08-19,525.0,525.0,518.0,518.81,44459,-0.03,23102548.6
NABIL,2025-08-20,518.0,521.0,517.0,518.81,43704,0.0,22666843.8
NABIL,2025-08-21,524.9,524.9,517.3,518.14,38427,-0.13,19925528.2
NABIL,2025-08-24,520.0,520.0,513.0,513.56,72676,-0.88,37383957.5
NABIL,2025-08-25,512.0,525.0,509.0,522.58,81167,1.76,41935363.2
NABIL,2025-08-26,514.5,533.0,514.5,529.35,67932,1.3,35900524.6
NABIL,2025-08-27,539.9,539.9,526.5,533.87,64476,0.85,34175100.6
NABIL,2025-08-28,532.0,538.9,527.0,528.86,83641,-0.94,44571924.6
NABIL,2025-08-31,535.0,536.9,520.0,520.84,66938,-1.52,35271776.5
NABIL,2025-09-01,531.2,531.2,518.0,527.66,42334,1.31,22222760.8
NABIL,2025-09-02,538.2,538.2,523.3,523.75,34983,-0.74,18405010.2
NABIL,2025-09-03,520.0,529.0,519.0,519.88,34096,-0.74,17740832.0
NABIL,2025-09-04,528.0,528.0,515.0,517.58,40199,-0.44,20749919.0
NABIL,2025-09-07,507.3,517.8,507.3,514.87,25831,-0.52,13310474.8
NABIL,2025-09-08,515.0,515.0,510.0,513.15,42962,-0.33,21964392.8
NABIL,2025-09-18,502.9,502.9,471.0,483.0,16660,-5.88,8052975.0
NABIL,2025-09-21,474.0,514.0,474.0,510.18,122490,5.63,61735387.9
NABIL,2025-09-23,516.9,525.0,513.0,523.5,55373,2.61,28777561.9
NABIL,2025-09-24,525.0,528.0,515.0,522.0,59254,-0.29,30932259.0
NABIL,2025-09-25,523.0,524.9,516.0,521.6,28626,-0.08,14946270.3
NABIL,2025-09-28,524.0,528.0,521.0,527.0,30997,1.04,16269472.5
NABIL,2025-10-07,530.0,530.0,512.6,521.0,48977,-1.14,25450439.7
NABIL,2025-10-08,523.0,523.0,505.0,514.0,78401,-1.34,39999289.5
NABIL,2025-10-09,523.9,544.0,514.0,519.9,43284,1.15,22572450.2
NABIL,2025-10-12,530.2,530.2,505.0,510.5,65413,-1.81,33410328.4
NABIL,2025-10-13,519.9,520.0,506.0,510.0,53374,-0.1,27268268.7
NABIL,2025-10-14,518.5,518.5,510.0,510.0,31168,0.0,15920085.6
NABIL,2025-10-15,518.0,518.0,507.0,508.7,38107,-0.25,19392773.3
NABIL,2025-10-16,517.9,517.9,506.0,509.0,37341,0.06,18987148.5
NABIL,2025-10-19,512.0,512.0,506.0,507.9,38379,-0.22,19552540.9
NABIL,2025-10-26,508.0,508.0,503.0,505.3,32708,-0.51,16536001.6
NABIL,2025-10-28,505.3,510.0,505.0,509.0,49884,0.73,25341556.5
NABIL,2025-10-29,509.0,516.3,507.0,507.0,51578,-0.39,26340988.3
NABIL,2025-10-30,503.1,512.0,503.1,506.0,37178,-0.2,18886889.1
NABIL,2025-11-02,516.1,516.1,508.0,511.1,33330,1.01,17040192.6
NABIL,2025-11-03,515.0,517.0,510.1,513.1,32079,0.39,16515996.3
NABIL,2025-11-04,515.0,517.9,511.1,511.1,27560,-0.39,14170430.6
NABIL,2025-11-05,513.0,516.9,508.0,513.1,27044,0.39,13853498.0
NABIL,2025-11-06,515.0,517.0,506.7,507.3,46224,-1.13,23608561.1
NABIL,2025-11-09,510.0,514.9,507.0,508.5,39600,0.24,20165989.7
NABIL,2025-11-10,509.0,510.0,506.0,509.0,49391,0.1,25118841.2
NABIL,2025-11-11,510.0,510.0,505.3,507.9,21898,-0.22,11118916.7
NABIL,2025-11-12,508.0,508.9,504.0,504.0,29577,-0.77,14939381.3
NABIL,2025-11-13,505.1,505.1,502.0,503.0,32775,-0.2,16502822.2
NABIL,2025-11-16,503.0,506.9,501.0,503.5,31462,0.1,15877157.7
NABIL,2025-11-17,504.0,509.9,504.0,508.0,24130,0.89,12232442.7
NABIL,2025-11-18,508.0,510.0,505.6,507.1,24383,-0.18,12391665.5
NABIL,2025-11-19,511.0,511.0,505.0,507.0,18121,-0.02,9178167.3
NABIL,2025-11-20,508.0,508.0,503.0,506.0,27947,-0.2,14102498.5
NABIL,2025-11-23,505.0,510.5,505.0,509.5,48408,0.69,24607528.2
NABIL,2025-11-24,508.0,513.9,507.0,513.0,22139,0.69,11338962.7
NABIL,2025-11-25,518.0,518.0,508.5,510.5,29221,-0.49,14914041.2
NABIL,2025-11-26,510.0,513.0,507.0,511.0,35156,0.1,17950129.5
NABIL,2025-11-27,511.0,517.0,509.0,514.9,50106,0.76,25732377.4
NABIL,2025-11-30,518.0,522.0,513.0,513.2,40956,-0.33,21135249.6
NABIL,2025-12-01,519.4,519.4,510.5,512.0,21944,-0.23,11231680.4
NABIL,2025-12-02,512.0,516.8,510.0,512.5,39306,0.1,20173367.4
NABIL,2025-12-03,515.0,515.0,510.0,510.2,25319,-0.45,12928141.9
NABIL,2025-12-07,502.0,510.0,502.0,503.0,88964,-1.41,44873341.0
NABIL,2025-12-08,503.0,503.0,495.0,495.0,81912,-1.59,40826003.0
NABIL,2025-12-09,500.0,500.0,491.1,496.0,55413,0.2,27362965.0
NABIL,2025-12-10,500.0,500.0,493.0,494.7,29665,-0.26,14662013.9
NABIL,2025-12-11,492.2,497.5,492.0,495.0,37306,0.06,18444209.7
NABIL,2025-12-14,500.0,500.0,490.0,492.0,78979,-0.61,38805203.6
NABIL,2025-12-15,492.0,495.0,489.0,494.0,36245,0.41,17841282.7
NABIL,2025-12-16,494.0,500.0,494.0,499.0,30522,1.01,15190235.7
NABIL,2025-12-17,503.0,505.0,497.0,499.9,44903,0.18,22470657.4
NABIL,2025-12-18,500.0,504.0,495.1,499.0,39506,-0.18,19630075.1
NABIL,2025-12-21,500.0,504.4,493.0,497.0,24230,-0.4,12035693.7
NABIL,2025-12-22,500.0,500.0,492.0,497.1,36711,0.02,18260463.0
NABIL,2025-12-23,499.0,502.0,496.5,497.2,33607,0.02,16728796.7
NABIL,2025-12-24,498.5,500.0,496.1,498.6,40096,0.28,19950202.3
NABIL,2025-12-28,499.0,504.0,496.0,503.4,61455,0.96,30743662.3
NABIL,2025-12-29,508.0,508.9,500.0,506.5,78664,0.62,39714119.5
NABIL,2025-12-31,500.0,502.0,494.7,496.7,65111,-1.93,32322187.3
NABIL,2026-01-01,495.0,496.0,490.0,492.0,35796,-0.95,17621654.7
NABIL,2026-01-04,491.5,495.0,488.1,490.3,44294,-0.35,21764273.6
NABIL,2026-01-05,492.0,492.0,488.1,489.5,57630,-0.16,28212967.3
NABIL,2026-01-06,490.0,492.0,489.0,489.5,47593,0.0,23337901.1
NABIL,2026-01-07,493.0,493.9,489.0,489.0,38590,-0.1,18897060.9
NABIL,2026-01-08,492.0,492.0,486.5,489.0,35678,0.0,17440255.3
NABIL,2026-01-12,490.0,495.0,487.0,487.0,40413,-0.41,19756468.0
NABIL,2026-01-13,496.0,496.0,485.0,488.1,60812,0.23,29667983.9
NABIL,2026-01-14,490.0,490.0,487.0,487.5,44542,-0.12,21754316.3
NABIL,2026-01-18,488.0,492.0,487.7,490.8,71435,0.68,34993592.4
NABIL,2026-01-20,490.8,500.0,490.8,496.5,72522,1.16,36046488.1
NABIL,2026-01-21,502.0,504.0,493.0,496.1,44079,-0.08,21895053.7
NABIL,2026-01-22,498.0,498.0,492.3,493.1,63230,-0.6,31254327.7
NABIL,2026-01-25,496.9,499.0,492.0,497.2,104063,0.83,51522824.2
NABIL,2026-01-26,501.0,504.0,496.0,497.0,109372,-0.04,54595184.2
NABIL,2026-01-27,497.0,500.0,492.1,494.9,72291,-0.42,35899477.5
NABIL,2026-01-28,492.1,495.0,490.1,492.0,48841,-0.59,24022794.9
NABIL,2026-01-29,500.0,508.0,493.0,497.0,132087,1.02,65706865.4
NABIL,2026-02-01,500.0,506.0,497.0,498.1,84076,0.22,41889487.5
NABIL,2026-02-02,488.2,500.0,488.2,498.8,61083,0.14,30416105.6
NABIL,2026-02-03,500.0,500.0,496.0,498.0,78804,-0.16,39301639.4
NABIL,2026-02-04,489.0,502.0,489.0,496.1,49627,-0.38,24731834.8
NABIL,2026-02-05,499.9,501.0,496.5,499.3,98644,0.65,49234318.5
NABIL,2026-02-08,497.3,500.9,497.0,498.5,75640,-0.16,37753491.4
NABIL,2026-02-09,499.0,499.0,494.0,495.9,68038,-0.52,33764079.0
NABIL,2026-02-10,496.0,499.8,492.1,496.4,63267,0.1,31386145.5
NABIL,2026-02-11,500.0,500.0,495.0,496.0,42061,-0.08,20905981.1
NABIL,2026-02-12,495.0,498.7,492.5,495.0,83293,-0.2,41246451.3
NABIL,2026-02-16,498.7,498.8,493.0,497.9,82231,0.59,40828153.5
NABIL,2026-02-17,495.0,498.5,492.0,497.0,90768,-0.18,44975581.7
NABIL,2026-02-22,497.8,497.8,490.0,495.0,43286,-0.4,21371862.2
NABIL,2026-02-23,494.5,498.6,493.0,495.4,57825,0.08,28657902.8
NABIL,2026-02-24,496.0,497.9,495.0,496.0,33305,0.12,16521094.8
NABIL,2026-02-25,497.0,499.0,495.0,496.0,30849,0.0,15328310.3
NABIL,2026-02-26,498.0,499.0,496.5,497.9,32698,0.38,16267191.0
NABIL,2026-03-01,497.9,500.0,494.0,499.0,58125,0.22,28963339.1
NABIL,2026-03-03,508.9,508.9,497.0,504.0,53465,1.0,26848394.6
NABIL,2026-03-09,514.0,550.0,514.0,545.0,4906,8.13,2569979.4
NABIL,2026-03-10,545.0,555.0,528.0,534.8,271844,-1.87,146203278.7
NABIL,2026-03-11,539.0,539.0,525.0,527.0,78574,-1.46,41602142.1
NABIL,2026-03-12,522.1,531.7,522.0,529.0,81850,0.38,43235313.7
NABIL,2026-03-15,531.0,539.0,528.5,530.5,92278,0.28,49151174.8
NABIL,2026-03-16,530.0,532.0,523.0,523.0,67561,-1.41,35531577.9
NABIL,2026-03-17,523.0,530.0,523.0,525.8,47099,0.54,24719828.7
NABIL,2026-03-19,528.0,536.0,527.0,535.2,151867,1.79,80762017.0
NABIL,2026-03-22,545.0,545.9,537.0,542.1,178526,1.29,96882442.0
NABIL,2026-03-23,542.1,546.0,536.7,542.0,100511,-0.02,54536805.3
NABIL,2026-03-24,546.0,546.0,542.5,544.6,99147,0.48,53987914.0
NABIL,2026-03-25,544.0,548.0,538.0,539.0,133329,-1.03,72143579.5
NABIL,2026-03-26,539.0,543.0,533.0,543.0,58580,0.74,31633104.0
NABIL,2026-03-29,550.0,550.0,534.0,534.1,174352,-1.64,94235236.4
NABIL,2026-03-30,533.0,539.0,525.1,527.0,104673,-1.33,55468974.7
NABIL,2026-03-31,535.0,535.0,520.0,531.0,86278,0.76,45264694.9
NABIL,2026-04-01,531.0,531.0,520.0,523.0,70913,-1.51,37157925.3
NABIL,2026-04-02,512.6,524.9,512.0,517.5,83066,-1.05,43064809.0
NABIL,2026-04-05,510.0,518.0,499.8,505.3,103324,-2.36,52632630.3
NABIL,2026-04-06,506.0,522.0,505.0,518.0,66226,2.51,34227090.8
NABIL,2026-04-07,523.9,525.9,518.0,520.0,48132,0.39,25072792.4
NABIL,2026-04-08,520.0,525.0,520.0,524.0,63582,0.77,33266796.2
NABIL,2026-04-09,521.0,530.0,521.0,528.0,38820,0.76,20507937.7
NABIL,2026-04-10,532.0,538.0,526.2,529.5,85950,0.28,45681664.7
NABIL,2026-04-13,540.0,540.0,520.0,530.0,51167,0.09,27168537.4
NABIL,2026-04-15,530.5,534.0,530.0,531.9,57069,0.36,30335608.3
NABIL,2026-04-16,535.0,538.0,530.0,531.0,59730,-0.17,31709332.4
NABIL,2026-04-17,541.6,541.6,528.0,530.0,39114,-0.19,20726889.9
NABIL,2026-04-20,533.0,534.9,527.1,528.0,39912,-0.38,21109795.6
NABIL,2026-04-21,550.0,550.0,525.0,526.0,35671,-0.38,18812349.4
NABIL,2026-04-22,526.0,527.0,519.0,526.5,66642,0.1,34754254.81
NABIL,2026-04-23,530.0,530.0,518.0,520.0,33344,-1.23,17393485.5
NABIL,2026-04-24,520.0,520.0,515.0,518.0,38819,-0.38,20091557.7
NABIL,2026-04-27,518.0,522.0,517.5,519.2,36199,0.23,18802312.9
NABIL,2026-04-28,519.2,532.0,519.2,525.0,66167,1.12,34834152.6
NABIL,2026-04-29,525.0,527.0,522.0,524.9,36190,-0.02,18951819.1
NABIL,2026-04-30,524.0,528.1,520.0,528.0,47024,0.59,24662941.4
NABIL,2026-05-04,528.0,535.0,516.0,521.0,62346,-1.33,32623916.8
NABIL,2026-05-05,520.0,526.0,516.0,521.6,38727,0.12,20186499.1
NABIL,2026-05-06,525.0,527.0,522.0,522.3,23570,0.13,12333112.2
NABIL,2026-05-07,525.0,525.0,522.2,523.0,32514,0.13,17011699.1
NABIL,2026-05-08,525.0,528.0,520.1,523.0,44672,0.0,23392652.4
NABIL,2026-05-11,523.0,532.0,523.0,527.0,37981,0.76,20038989.1
NABIL,2026-05-12,530.0,533.0,527.0,527.0,37974,0.0,20071403.2
NABIL,2026-05-13,527.0,528.0,523.1,527.0,29723,0.0,15625087.2
NABIL,2026-05-14,530.0,530.0,525.0,527.0,23778,0.0,12520605.1
NABIL,2026-05-15,525.1,531.0,525.0,527.0,22776,0.0,12022616.6
NABIL,2026-05-18,527.0,532.0,525.0,526.0,44305,-0.19,23313421.6
NABIL,2026-05-19,526.0,530.0,523.0,526.0,41228,0.0,21655922.2
NABIL,2026-05-20,529.9,531.0,524.0,527.4,55468,0.27,29262212.4
NABIL,2026-05-21,527.4,530.0,526.2,527.9,27246,0.09,14377698.1
NABIL,2026-05-22,529.0,530.8,527.9,530.0,42686,0.4,22593352.0
NABIL,2026-05-25,530.0,536.0,530.0,535.4,59099,1.02,31548874.3
NABIL,2026-05-26,540.0,540.0,532.1,537.0,59432,0.3,31862044.6
NABIL,2026-05-27,538.7,540.0,534.0,537.0,68884,0.0,37050047.9
NABIL,2026-06-01,537.0,544.0,531.0,534.0,44350,-0.56,23740496.2
NABIL,2026-06-02,540.0,540.0,530.0,536.9,43239,0.54,23186885.8
NABIL,2026-06-03,536.0,539.0,532.0,536.5,36962,-0.07,19837224.3
NABIL,2026-06-04,563.0,563.0,531.1,538.8,35729,0.43,19220678.3
NABIL,2026-06-05,537.0,540.0,535.0,535.0,38895,-0.71,20863977.4
NABIL,2026-06-08,536.0,539.9,530.2,533.0,52406,-0.37,27928341.5
NABIL,2026-06-09,531.0,535.0,530.1,533.0,49834,0.0,26543125.6
NABIL,2026-06-10,535.0,538.0,531.5,536.0,29859,0.56,15939757.0
NABIL,2026-06-11,536.0,537.8,533.1,533.1,31193,-0.54,16695202.9
NABIL,2026-06-12,533.1,535.0,532.0,533.0,27399,-0.02,14619840.9
NABIL,2026-06-15,533.0,536.7,530.0,531.5,39328,-0.28,20911325.2
NABIL,2026-06-16,532.0,535.0,531.3,532.0,30151,0.09,16046952.1
NABIL,2026-06-17,532.0,535.0,530.5,532.0,20805,0.0,11074754.6
NABIL,2026-06-18,505.4,539.0,505.4,532.0,23502,0.0,12469846.6
NABIL,2026-06-19,536.0,536.0,530.1,531.0,37753,-0.19,20094151.9
NABIL,2026-06-22,535.0,535.0,527.0,531.0,34257,0.0,18191182.7
NABIL,2026-06-23,531.0,531.0,528.0,529.0,33271,-0.38,17621068.8
NABIL,2026-06-24,529.0,534.8,520.0,524.5,68419,-0.85,35934390.8
NABIL,2026-06-25,524.0,524.0,521.0,521.9,47945,-0.5,25058372.0
NABIL,2026-06-26,523.0,529.9,519.5,525.0,47709,0.59,24892801.8
NABIL,2026-06-29,525.0,530.0,522.0,524.0,29220,-0.19,15339496.6
NABIL,2026-06-30,526.0,527.0,520.2,521.9,24993,-0.4,13042964.4
NABIL,2026-07-01,520.0,526.0,515.09,525.0,44906,0.59,23570212.85
NABIL,2026-07-02,530.0,545.2,512.0,541.0,231443,3.05,121567901.0
NABIL,2026-07-03,540.0,541.0,519.0,530.0,114343,-2.03,60975242.0
NABIL,2026-07-06,530.0,535.0,523.0,526.0,37851,-0.75,19979548.3
NABIL,2026-07-07,527.0,545.0,520.0,534.0,192322,1.52,101706773.8
NABIL,2026-07-08,534.0,539.8,528.1,532.0,32674,-0.37,17334986.3
NABIL,2026-07-09,532.0,533.0,527.5,528.6,42398,-0.64,22457149.0
NABIL,2026-07-10,534.0,534.0,527.0,527.8,53475,-0.15,28320509.5
NABIL,2026-07-13,530.0,531.0,525.0,526.3,48177,-0.28,25372811.9
NABIL,2026-07-14,525.1,532.9,525.1,530.1,76835,0.72,40708052.9
NABIL,2026-07-15,515.0,536.0,515.0,534.0,57577,0.74,30712675.2
NABIL,2026-07-16,535.5,537.9,534.0,534.9,28326,0.17,15154158.0
NABIL,2026-07-17,539.0,546.0,536.0,542.7,66735,1.46,36195408.5
NABIL,2026-07-20,550.0,551.1,542.7,550.0,100779,1.35,55354893.5
NABIL,2026-07-21,552.0,554.9,548.0,549.0,102884,-0.18,56659381.6
NABIL,2026-07-22,550.0,550.0,546.0,546.8,48017,-0.4,26339411.4
NABIL,2026-07-23,546.0,550.0,545.0,550.0,40281,0.59,22089641.4
NABIL,2026-07-24,550.0,557.6,546.1,553.1,91376,0.56,50610822.8
NABIL,2026-07-27,553.0,568.0,553.0,560.0,155380,1.25,87108157.9
NABIL,2026-07-28,560.0,560.0,554.0,558.0,61497,-0.36,34237335.1
NABIL,2026-07-29,558.0,560.0,553.5,557.5,58797,-0.09,32817748.0
NABIL,2026-07-30,530.0,566.0,530.0,554.5,50772,-0.54,28143176.0
NABIL,2026-07-31,554.5,558.6,550.0,556.0,45634,0.27,25347989.1
NABIL,2026-08-03,528.2,568.0,528.2,557.1,53226,0.2,29781333.1
NABIL,2026-08-04,560.0,561.8,556.5,558.0,60087,0.16,33592862.3
NABIL,2026-08-05,530.1,563.0,530.1,557.0,75852,-0.18,42234263.2
NABIL,2026-08-06,568.0,568.0,550.0,552.0,53215,-0.9,29432922.0
NABIL,2026-08-07,552.0,560.0,550.1,556.0,83780,0.72,46549634.2
NABIL,2026-08-10,556.0,556.1,548.0,549.4,44025,-1.19,24270104.1
NABIL,2026-08-11,556.0,556.0,549.0,551.0,26088,0.29,14361053.2
NABIL,2026-08-12,551.0,555.0,549.0,550.0,27049,-0.18,14895725.4
NABIL,2026-08-13,550.0,553.0,548.0,550.0,20477,0.0,11274469.6
NABIL,2026-08-14,550.0,552.0,549.0,549.9,22999,-0.02,12655763.5
NABIL,2026-08-17,549.9,555.0,549.9,551.5,30252,0.29,16667985.8
NABIL,2026-08-18,555.0,555.0,548.0,550.0,36097,-0.27,19879719.8
NABIL,2026-08-19,556.0,556.0,545.0,548.0,95755,-0.36,52534433.5
NABIL,2026-08-20,550.0,552.0,547.0,548.5,27241,0.09,14937853.1
NABIL,2026-08-21,550.0,552.0,544.2,545.0,38251,-0.64,20904592.3
NABIL,2026-08-24,545.0,546.0,540.0,541.5,34780,-0.64,18880824.9
NABIL,2026-08-25,541.5,543.0,540.0,540.6,31533,-0.17,17066663.4
NABIL,2026-08-26,540.6,542.0,534.9,536.8,42608,-0.7,22894494.4
NABIL,2026-08-27,535.0,542.0,530.0,540.2,36950,0.63,19878240.4
NICA,2021-08-31,938.0,938.0,903.0,914.0,159777,-0.65,145836118.5
NICA,2021-09-01,920.0,927.0,905.1,912.0,104201,-0.22,95293840.6
NICA,2021-09-02,912.0,918.0,898.0,905.5,127440,-0.71,115410920.2
NICA,2021-09-05,905.6,905.6,876.0,893.0,130256,-1.38,115898506.1
NICA,2021-09-06,880.0,937.0,880.0,929.0,218544,4.03,198134536.8
NICA,2021-09-07,939.0,939.0,895.0,907.0,97523,-2.37,88439398.2
NICA,2021-09-08,907.0,907.0,885.0,895.0,104324,-1.32,92806736.7
NICA,2021-09-09,900.0,901.0,885.0,891.0,93559,-0.45,83509331.1
NICA,2021-09-12,900.0,907.0,880.2,906.0,130358,1.68,116607909.6
NICA,2021-09-13,923.0,955.0,907.0,927.0,299759,2.32,277871504.6
NICA,2021-09-14,943.0,943.0,918.3,919.1,168837,-0.85,157326567.2
NICA,2021-09-15,920.0,924.0,903.0,912.0,96697,-0.77,88062455.2
NICA,2021-09-16,930.2,930.2,890.1,897.0,161004,-1.64,144001114.9
NICA,2021-09-20,897.1,897.1,875.0,875.1,171670,-2.44,151067766.3
NICA,2021-09-21,858.0,887.0,850.0,870.0,173627,-0.58,151015955.1
NICA,2021-09-22,887.0,899.0,881.0,890.0,72519,2.3,64485530.5
NICA,2021-09-23,907.8,915.0,887.0,902.0,218766,1.35,196539332.0
NICA,2021-09-26,920.0,920.0,882.0,884.0,93082,-2.0,82935286.8
NICA,2021-09-27,884.0,890.0,866.0,870.0,66203,-1.58,57630425.7
NICA,2021-09-28,865.0,880.0,851.0,859.0,169341,-1.26,145471114.6
NICA,2021-09-29,872.1,872.1,845.0,865.0,89368,0.7,76406583.0
NICA,2021-09-30,865.0,872.1,848.0,862.9,82748,-0.24,70901318.7
NICA,2021-10-03,850.1,860.0,844.0,849.1,88933,-1.6,75541858.0
NICA,2021-10-04,849.1,858.0,833.0,850.0,94801,0.11,80190532.4
NICA,2021-10-05,850.0,854.9,842.0,850.0,39369,0.0,33449585.5
NICA,2021-10-06,855.0,865.0,848.0,858.0,54341,0.94,46570040.5
NICA,2021-10-10,873.0,873.0,845.2,850.0,55797,-0.93,47629038.7
NICA,2021-10-11,850.0,850.0,833.5,840.0,40240,-1.18,33709578.6
NICA,2021-10-17,845.0,850.0,830.5,849.0,34196,1.07,28794111.3
NICA,2021-10-18,849.0,849.0,816.0,830.0,62559,-2.24,51815862.8
NICA,2021-10-19,818.0,819.0,785.0,791.0,110546,-4.7,88183538.7
NICA,2021-10-20,806.0,821.0,795.0,802.0,58775,1.39,47229004.6
NICA,2021-10-21,795.0,809.8,794.1,808.0,61630,0.75,49396317.2
NICA,2021-10-24,800.0,835.0,799.0,830.0,113978,2.72,93518834.0
NICA,2021-10-25,832.0,841.0,820.0,836.0,70258,0.72,58460911.0
NICA,2021-10-26,819.3,841.5,790.0,837.0,299356,0.12,245515360.9
NICA,2021-10-27,830.0,873.2,826.0,870.0,230090,3.94,196152010.9
NICA,2021-10-28,870.0,876.0,855.0,871.0,199592,0.11,172354595.5
NICA,2021-10-31,871.0,902.1,856.0,893.0,222689,2.53,197009125.6
NICA,2021-11-01,910.0,910.0,870.0,874.0,133727,-2.13,118720635.4
NICA,2021-11-02,890.0,890.0,865.0,869.0,62963,-0.57,54933045.2
NICA,2021-11-03,886.0,886.0,866.0,869.9,62379,0.1,54281106.6
NICA,2021-11-08,860.0,880.0,856.0,856.0,53173,-1.6,46062799.0
NICA,2021-11-09,860.0,860.0,830.0,839.0,100951,-1.99,84606433.9
NICA,2021-11-11,825.1,841.5,824.0,824.0,60792,-1.79,50322602.8
NICA,2021-11-14,825.0,835.0,813.1,825.5,40711,0.18,33613694.6
NICA,2021-11-15,817.0,833.0,817.0,824.9,46501,-0.07,38379665.7
NICA,2021-11-16,825.0,870.0,820.0,870.0,104559,5.47,88602632.6
NICA,2021-11-17,880.0,897.0,862.0,875.0,143618,0.57,125718149.7
NICA,2021-11-18,874.0,874.0,845.9,854.0,86241,-2.4,73799771.5
NICA,2021-11-21,870.0,870.0,836.0,840.0,51751,-1.64,43475291.1
NICA,2021-11-22,855.0,860.0,832.1,850.0,38185,1.19,32333813.5
NICA,2021-11-23,850.0,856.0,825.0,836.0,64274,-1.65,53372258.0
NICA,2021-11-24,836.0,836.0,821.7,831.0,96252,-0.6,79467348.9
NICA,2021-11-25,825.0,843.0,825.0,842.0,81644,1.32,68455000.1
NICA,2021-11-28,835.0,835.0,813.0,817.0,66398,-2.97,54348808.4
NICA,2021-11-29,824.0,825.0,797.0,800.0,73172,-2.08,59002359.8
NICA,2021-11-30,813.8,813.8,790.0,810.0,94516,1.25,75387304.7
NICA,2021-12-01,800.0,822.0,800.0,804.8,25231,-0.64,20342583.8
NICA,2021-12-02,805.0,805.0,780.0,788.0,114952,-2.09,90738112.7
NICA,2021-12-05,785.0,785.0,758.6,765.0,73387,-2.92,56446886.2
NICA,2021-12-06,760.0,787.0,745.0,787.0,68582,2.88,52360864.2
NICA,2021-12-07,790.0,795.2,765.0,766.0,48358,-2.67,37532023.9
NICA,2021-12-08,760.0,760.0,742.0,749.0,45768,-2.22,34233274.4
NICA,2021-12-09,746.0,756.0,740.0,742.6,50635,-0.85,37739128.1
NICA,2021-12-12,748.0,748.0,722.0,725.0,53496,-2.37,38970096.6
NICA,2021-12-13,712.0,722.0,701.0,709.0,70526,-2.21,50097353.6
NICA,2021-12-14,723.0,739.5,716.0,739.5,18561,4.3,13500800.4
NICA,2021-12-15,754.0,767.0,725.0,732.0,69145,-1.01,50800581.5
NICA,2021-12-16,736.5,736.5,721.0,734.0,28600,0.27,20773760.7
NICA,2021-12-20,748.6,748.6,720.0,722.0,50222,-1.63,36349240.5
NICA,2021-12-21,735.0,736.0,722.0,731.2,30657,1.27,22326546.5
NICA,2021-12-22,745.0,756.0,735.0,752.0,54868,2.84,41121360.3
NICA,2021-12-23,767.0,767.0,749.0,760.0,53583,1.06,40522914.0
NICA,2021-12-26,765.0,775.0,760.0,769.9,70760,1.3,54269788.7
NICA,2021-12-27,770.0,774.0,744.0,744.0,65018,-3.36,49019615.4
NICA,2021-12-28,740.0,747.0,730.0,738.0,43607,-0.81,32180061.8
NICA,2021-12-29,726.1,744.0,725.0,740.0,77201,0.27,56817535.0
NICA,2022-01-02,754.8,773.0,730.0,769.0,73533,3.92,55902252.3
NICA,2022-01-03,769.0,788.4,765.0,784.0,78276,1.95,61074703.9
NICA,2022-01-04,790.0,813.7,772.0,807.8,79587,3.04,63193949.7
NICA,2022-01-05,819.9,819.9,792.0,795.0,78208,-1.58,62536250.3
NICA,2022-01-06,782.0,839.0,782.0,838.0,178781,5.41,145219148.4
NICA,2022-01-09,854.7,871.0,850.0,867.1,162594,3.47,139935027.2
NICA,2022-01-10,870.0,879.0,852.0,860.0,160045,-0.82,138215461.9
NICA,2022-01-11,870.0,872.0,855.0,864.5,83864,0.52,72545031.1
NICA,2022-01-12,870.0,889.5,863.0,866.0,170915,0.17,149127990.5
NICA,2022-01-13,868.0,890.0,861.0,880.5,94487,1.67,83119715.4
NICA,2022-01-16,895.0,912.0,882.0,900.0,137916,2.21,123808949.3
NICA,2022-01-17,918.0,918.0,893.0,898.0,111345,-0.22,100031851.4
NICA,2022-01-18,900.0,927.0,899.0,914.0,207182,1.78,190108363.6
NICA,2022-01-19,932.2,932.2,910.0,912.0,145505,-0.22,133370636.5
NICA,2022-01-20,912.0,920.0,901.6,917.0,116652,0.55,106404141.5
NICA,2022-01-23,935.0,935.3,899.0,903.0,191997,-1.53,175263196.5
NICA,2022-01-24,900.0,900.0,866.0,866.2,419335,-4.08,367364527.5
NICA,2022-01-25,850.0,883.0,845.2,867.0,227148,0.09,196874184.1
NICA,2022-01-26,868.0,873.0,856.0,860.0,109049,-0.81,93917145.7
NICA,2022-01-27,861.0,869.9,856.0,859.6,56260,-0.05,48363360.9
NICA,2022-01-30,876.7,888.0,872.0,883.0,99204,2.72,87055768.7
NICA,2022-01-31,890.0,890.0,870.1,872.0,65157,-1.25,57041932.3
NICA,2022-02-01,875.0,883.0,865.0,870.0,58118,-0.23,50707160.6
NICA,2022-02-03,870.0,877.0,860.0,860.4,150826,-1.1,130653042.5
NICA,2022-02-06,856.0,860.0,845.0,853.0,72123,-0.86,61459588.4
NICA,2022-02-07,853.0,858.0,839.0,843.0,59770,-1.17,50503450.3
NICA,2022-02-08,855.0,872.0,826.0,837.0,86778,-0.71,72856295.0
NICA,2022-02-09,840.0,840.0,821.0,828.0,87317,-1.08,72331456.2
NICA,2022-02-10,830.0,839.0,814.0,818.0,95660,-1.21,78333501.4
NICA,2022-02-13,802.0,811.0,789.0,807.0,180844,-1.34,144338091.7
NICA,2022-02-14,811.0,814.0,798.0,805.0,65371,-0.25,52459382.0
NICA,2022-02-15,805.0,810.0,802.0,805.0,45673,0.0,36821646.3
NICA,2022-02-16,806.0,815.0,803.0,807.0,43171,0.25,34835752.9
NICA,2022-02-17,805.0,816.0,804.0,816.0,55936,1.12,45273568.4
NICA,2022-02-20,799.7,812.0,790.0,803.1,58816,-1.58,47104309.4
NICA,2022-02-21,808.0,810.0,798.0,806.1,30102,0.37,24132081.9
NICA,2022-02-22,806.0,815.0,802.0,808.0,37501,0.24,30314745.8
NICA,2022-02-23,810.0,810.0,801.0,804.0,26347,-0.5,21165563.7
NICA,2022-02-24,804.0,804.0,785.0,790.0,62153,-1.74,49201909.5
NICA,2022-02-27,790.0,800.0,777.7,783.0,94586,-0.89,74506582.6
NICA,2022-02-28,798.0,798.0,771.0,773.0,55256,-1.28,42992657.9
NICA,2022-03-02,770.0,775.0,760.0,762.0,76482,-1.42,58353262.4
NICA,2022-03-06,777.2,785.0,755.0,768.0,36346,0.79,27808137.4
NICA,2022-03-07,770.0,774.9,747.0,774.0,138577,0.78,105027582.7
NICA,2022-03-09,785.0,785.0,750.0,760.0,138776,-1.81,104851922.1
NICA,2022-03-10,760.0,762.0,747.0,758.0,165638,-0.26,124611575.7
NICA,2022-03-13,769.0,790.0,758.0,782.0,93422,3.17,72246417.7
NICA,2022-03-14,785.0,789.0,770.0,778.0,29363,-0.51,22858634.1
NICA,2022-03-15,780.0,781.0,770.0,772.0,50282,-0.77,38972617.4
NICA,2022-03-16,772.0,778.0,765.0,768.0,46676,-0.52,35928971.2
NICA,2022-03-20,776.0,776.0,764.0,770.0,42001,0.26,32221338.6
NICA,2022-03-21,775.0,780.0,762.0,773.0,47286,0.39,36280037.9
NICA,2022-03-22,770.0,785.0,770.0,779.9,41446,0.89,32251559.7
NICA,2022-03-23,780.0,785.0,773.0,785.0,108697,0.65,84194639.2
NICA,2022-03-24,780.0,790.0,769.3,780.0,67523,-0.64,52208122.2
NICA,2022-03-27,780.0,790.0,766.0,766.0,67429,-1.79,52056815.8
NICA,2022-03-28,761.0,765.0,755.0,759.9,37146,-0.8,28229612.7
NICA,2022-03-29,756.0,765.0,754.0,757.0,40516,-0.38,30680927.4
NICA,2022-03-30,758.0,770.0,757.0,767.0,29760,1.32,22669073.0
NICA,2022-03-31,772.0,772.0,755.0,764.0,39695,-0.39,30287300.6
NICA,2022-04-03,770.0,778.0,756.2,761.9,18189,-0.27,13822827.5
NICA,2022-04-04,777.1,777.1,757.0,762.0,19152,0.01,14559554.3
NICA,2022-04-05,777.2,777.2,748.0,751.2,69542,-1.42,52271776.4
NICA,2022-04-06,750.0,750.0,739.0,741.9,52534,-1.24,38947897.1
NICA,2022-04-07,750.0,765.0,746.0,765.0,51777,3.11,38907678.0
NICA,2022-04-11,765.0,774.0,740.0,763.0,91552,-0.26,68688419.0
NICA,2022-04-12,775.0,775.0,745.0,752.0,44168,-1.44,33165629.3
NICA,2022-04-13,748.0,760.0,745.0,757.0,51266,0.66,38575069.9
NICA,2022-04-17,772.1,772.1,746.0,751.0,38725,-0.79,29155508.4
NICA,2022-04-18,756.0,756.0,745.0,747.5,32922,-0.47,24680590.6
NICA,2022-04-19,750.0,764.8,746.0,760.0,28688,1.67,21693263.2
NICA,2022-04-20,775.0,775.0,750.8,755.0,66139,-0.66,50256923.2
NICA,2022-04-21,770.1,770.1,740.0,765.0,55724,1.32,42064704.4
NICA,2022-04-24,780.0,800.0,765.0,796.0,62866,4.05,49168270.5
NICA,2022-04-25,800.0,800.0,776.0,776.0,68468,-2.51,53867663.6
NICA,2022-04-26,785.0,791.0,773.0,784.4,35741,1.08,27903335.3
NICA,2022-04-27,773.0,781.8,770.1,781.8,37180,-0.33,28839572.6
NICA,2022-04-28,780.0,790.0,779.0,782.0,44865,0.03,35146477.2
NICA,2022-05-02,780.0,780.0,767.0,773.5,33499,-1.09,25833871.4
NICA,2022-05-04,770.0,773.0,765.1,771.5,23016,-0.26,17693150.4
NICA,2022-05-05,762.0,770.0,747.5,764.0,89146,-0.97,67361636.7
NICA,2022-05-08,751.0,765.0,750.0,765.0,48636,0.13,36790867.7
NICA,2022-05-09,780.3,780.3,750.0,774.0,65468,1.18,50489591.3
NICA,2022-05-10,777.0,785.0,770.0,785.0,25257,1.42,19672533.2
NICA,2022-05-11,794.0,800.0,785.0,792.0,60355,0.89,47844200.8
NICA,2022-05-12,800.0,819.0,790.1,808.0,69720,2.02,55972819.3
NICA,2022-05-17,808.0,814.0,775.0,775.0,64901,-4.08,51032588.1
NICA,2022-05-18,780.0,789.0,771.0,786.0,27047,1.42,21033118.7
NICA,2022-05-19,794.0,794.0,777.0,781.0,29672,-0.64,23247547.3
NICA,2022-05-20,780.0,785.0,776.0,780.0,14791,-0.13,11542676.6
NICA,2022-05-23,785.0,785.0,760.0,764.2,38586,-2.03,29522285.1
NICA,2022-05-24,760.0,773.0,750.0,768.0,22335,0.5,17093132.1
NICA,2022-05-25,783.0,783.0,770.0,775.0,20264,0.91,15717649.5
NICA,2022-05-26,790.5,790.5,774.0,781.5,22046,0.84,17182885.5
NICA,2022-05-27,785.0,785.0,770.0,772.0,35663,-1.22,27567460.2
NICA,2022-05-30,787.4,787.4,750.0,760.0,53026,-1.55,40208618.1
NICA,2022-05-31,770.0,770.0,748.0,752.7,71623,-0.96,53798800.7
NICA,2022-06-01,750.0,763.0,748.0,759.9,42503,0.96,32041704.8
NICA,2022-06-02,760.0,760.0,741.0,744.5,87718,-2.03,65460889.8
NICA,2022-06-03,745.0,757.0,728.1,739.0,84842,-0.74,62355688.0
NICA,2022-06-06,744.0,746.0,724.0,727.0,92806,-1.62,67694641.6
NICA,2022-06-07,728.0,729.0,700.0,708.9,86403,-2.49,61188683.2
NICA,2022-06-08,700.0,732.0,700.0,723.0,58996,1.99,42387230.9
NICA,2022-06-09,720.0,731.7,715.0,716.0,43462,-0.97,31458526.3
NICA,2022-06-10,730.3,730.3,700.0,716.0,42734,0.0,30241773.5
NICA,2022-06-13,716.0,716.0,705.0,709.5,34498,-0.91,24507678.3
NICA,2022-06-14,706.0,710.0,701.0,703.2,33384,-0.89,23532141.3
NICA,2022-06-15,717.2,717.2,691.9,704.0,63277,0.11,44133477.1
NICA,2022-06-16,704.0,707.9,690.0,697.4,51244,-0.94,35723383.7
NICA,2022-06-17,700.0,705.0,690.0,695.0,32624,-0.34,22622428.4
NICA,2022-06-19,699.0,699.0,680.2,682.0,47112,-1.87,32414390.4
NICA,2022-06-20,680.0,680.0,671.1,674.4,64703,-1.11,43573844.6
NICA,2022-06-21,680.0,693.6,670.3,685.0,46893,1.57,31847791.5
NICA,2022-06-22,685.0,685.0,669.5,670.0,36984,-2.19,24938602.3
NICA,2022-06-23,670.0,670.0,646.5,652.9,63783,-2.55,41559492.7
NICA,2022-06-24,648.0,670.0,634.0,659.0,31888,0.93,20757296.4
NICA,2022-06-26,672.0,686.0,662.0,686.0,75516,4.1,50874300.2
NICA,2022-06-27,691.0,693.0,676.0,678.0,46048,-1.17,31489836.4
NICA,2022-06-28,665.1,679.0,665.1,672.5,15590,-0.81,10475976.6
NICA,2022-06-29,675.0,680.0,664.0,679.0,21950,0.97,14830151.4
NICA,2022-06-30,682.0,698.7,680.0,698.7,51903,2.9,35835390.9
NICA,2022-07-01,701.0,705.0,687.0,689.9,65273,-1.26,45132655.0
NICA,2022-07-03,690.0,718.0,680.0,718.0,99723,4.07,68908574.2
NICA,2022-07-04,720.0,734.0,699.0,704.0,140168,-1.95,100647859.2
NICA,2022-07-05,704.0,713.0,690.0,690.0,50002,-1.99,34827117.6
NICA,2022-07-06,690.0,693.0,676.2,689.0,42283,-0.14,29025276.9
NICA,2022-07-07,702.0,710.0,680.0,685.0,38738,-0.58,26611172.3
NICA,2022-07-08,685.0,687.0,664.3,668.0,45733,-2.48,30725228.8
NICA,2022-07-11,662.0,662.0,640.0,648.0,134434,-2.99,87145321.7
NICA,2022-07-12,648.0,660.0,646.0,657.0,53503,1.39,35028276.3
NICA,2022-07-13,657.0,680.0,657.0,680.0,124370,3.5,83391813.9
NICA,2022-07-14,670.0,697.8,667.1,694.0,448553,2.06,301886738.5
NICA,2022-07-15,694.0,704.0,688.0,696.0,44293,0.29,30796694.2
NICA,2022-07-17,709.9,709.9,691.0,703.0,64978,1.01,45630844.1
NICA,2022-07-18,703.0,704.0,695.0,703.0,48670,0.0,34068291.0
NICA,2022-07-19,709.0,718.0,704.1,713.0,96528,1.42,68800235.5
NICA,2022-07-20,710.0,720.0,709.0,716.0,64499,0.42,46187074.6
NICA,2022-07-21,730.0,735.0,719.0,722.0,155068,0.84,112262850.6
NICA,2022-07-22,724.0,724.9,712.0,713.0,47223,-1.25,33795047.5
NICA,2022-07-24,713.0,724.9,706.0,724.0,86801,1.54,62181450.4
NICA,2022-07-25,733.0,734.5,728.0,731.0,101736,0.97,74412150.5
NICA,2022-07-26,731.1,731.1,708.0,709.0,102412,-3.01,73394457.6
NICA,2022-07-27,709.0,714.9,701.0,711.0,54808,0.28,38840191.1
NICA,2022-07-28,719.9,719.9,705.1,709.0,75111,-0.28,53398498.3
NICA,2022-07-29,712.0,715.0,706.0,707.9,30305,-0.16,21491560.1
NICA,2022-07-31,710.0,731.0,707.0,725.0,87775,2.42,63352657.3
NICA,2022-08-01,730.0,730.0,721.0,722.0,60754,-0.41,44154399.8
NICA,2022-08-02,730.0,730.0,720.2,720.2,44090,-0.25,31879757.1
NICA,2022-08-03,720.2,725.0,715.0,715.0,50858,-0.72,36562734.2
NICA,2022-08-04,719.9,719.9,705.0,706.0,58366,-1.26,41331887.3
NICA,2022-08-05,700.0,704.8,695.0,695.5,33014,-1.49,23041620.0
NICA,2022-08-07,700.0,706.0,695.0,699.0,41323,0.5,28874081.3
NICA,2022-08-08,712.9,712.9,686.0,694.0,47484,-0.72,33054044.9
NICA,2022-08-09,694.0,695.0,681.0,687.0,47705,-1.01,32747308.5
NICA,2022-08-10,680.1,683.0,665.1,674.0,61587,-1.89,41625686.1
NICA,2022-08-11,665.0,677.0,665.0,669.0,44403,-0.74,29792160.9
NICA,2022-08-14,669.0,669.0,657.0,660.5,49791,-1.27,32910480.1
NICA,2022-08-15,650.0,666.5,648.0,666.5,66185,0.91,43502319.7
NICA,2022-08-16,679.8,679.8,663.1,664.1,59039,-0.36,39346149.3
NICA,2022-08-17,665.0,665.0,657.0,660.0,39009,-0.62,25753896.0
NICA,2022-08-18,661.0,673.0,658.0,668.0,29374,1.21,19552327.1
NICA,2022-08-21,669.9,675.0,665.0,667.0,23208,-0.15,15532671.9
NICA,2022-08-22,665.0,665.0,655.0,663.0,29684,-0.6,19656947.9
NICA,2022-08-23,667.9,667.9,661.0,662.0,13142,-0.15,8705774.5
NICA,2022-08-24,670.0,670.0,661.6,664.0,22672,0.3,15045337.9
NICA,2022-08-25,665.0,665.7,659.0,659.0,33612,-0.75,22244267.1
NICA,2022-08-26,657.0,660.0,652.0,655.0,18693,-0.61,12237204.0
NICA,2022-08-28,651.0,655.0,645.1,646.1,45482,-1.36,29472789.8
NICA,2022-08-29,645.0,650.0,644.1,649.0,13292,0.45,8596725.9
NICA,2022-08-30,657.0,658.0,645.3,645.3,16576,-0.57,10752450.1
NICA,2022-08-31,650.0,650.0,638.1,638.3,27446,-1.08,17631602.2
NICA,2022-09-01,638.0,651.0,637.0,641.5,20303,0.5,13073432.1
NICA,2022-09-02,649.9,650.0,642.0,645.0,4993,0.55,3227492.8
NICA,2022-09-04,645.1,652.0,644.5,648.0,21391,0.47,13843247.0
NICA,2022-09-05,639.0,650.0,639.0,647.0,19888,-0.15,12865527.2
NICA,2022-09-06,647.0,647.5,638.0,642.9,10623,-0.63,6821301.4
NICA,2022-09-07,642.0,654.8,630.0,635.0,37836,-1.23,23985156.5
NICA,2022-09-08,640.0,641.0,626.0,630.9,29046,-0.65,18308336.6
NICA,2022-09-11,627.0,634.9,627.0,630.0,17208,-0.14,10836637.3
NICA,2022-09-12,627.0,630.0,626.0,627.1,19410,-0.46,12162069.6
NICA,2022-09-13,635.0,635.0,631.0,633.0,21945,0.94,13895104.8
NICA,2022-09-14,635.0,650.0,635.0,650.0,18053,2.69,11666105.0
NICA,2022-09-15,653.0,653.0,628.1,630.0,41415,-3.08,26266552.5
NICA,2022-09-16,621.0,629.9,618.0,627.0,19072,-0.48,11919312.7
NICA,2022-09-18,620.1,626.9,617.0,617.1,38395,-1.58,23846911.9
NICA,2022-09-20,620.0,620.0,602.0,603.1,34869,-2.27,21139720.02
NICA,2022-09-21,615.0,615.0,605.0,610.0,23401,1.14,14328316.2
NICA,2022-09-22,620.8,620.8,609.0,613.9,7862,0.64,4806343.7
NICA,2022-09-25,618.0,620.0,600.3,604.3,30846,-1.56,18688918.1
NICA,2022-09-27,610.0,618.0,605.1,609.0,19390,0.78,11844853.5
NICA,2022-09-28,609.0,617.0,608.0,612.0,16060,0.49,9834718.5
NICA,2022-09-29,612.0,623.0,605.2,618.3,26572,1.03,16300959.1
NICA,2022-10-09,629.0,632.0,614.0,632.0,24888,2.22,15454855.3
NICA,2022-10-10,633.7,633.7,613.0,621.4,18776,-1.68,11636983.0
NICA,2022-10-11,620.0,621.0,608.6,609.0,19681,-2.0,12006407.8
NICA,2022-10-12,610.0,617.7,607.3,612.5,17812,0.57,10873156.7
NICA,2022-10-13,610.0,615.0,606.0,612.0,25259,-0.08,15411972.3
NICA,2022-10-16,620.0,620.0,608.0,609.9,14547,-0.34,8864682.3
NICA,2022-10-17,612.0,614.0,610.0,610.0,9862,0.02,6030662.8
NICA,2022-10-19,615.0,618.0,610.0,615.1,23531,0.84,14412154.2
NICA,2022-10-20,615.0,620.0,612.5,615.9,21739,0.13,13388024.9
NICA,2022-10-23,617.0,624.9,616.0,618.0,9212,0.34,5690098.1
NICA,2022-10-31,629.9,664.0,629.9,660.0,95003,6.8,61721232.6
NICA,2022-11-01,665.0,702.0,661.0,695.0,97337,5.3,66560215.4
NICA,2022-11-02,700.0,702.0,684.0,693.6,52344,-0.2,36410432.7
NICA,2022-11-03,690.0,691.0,678.0,684.0,46344,-1.38,31716708.7
NICA,2022-11-06,690.0,693.0,678.1,689.0,45183,0.73,31016389.0
NICA,2022-11-07,698.0,698.0,678.0,678.0,50047,-1.6,34318453.5
NICA,2022-11-08,676.0,680.0,674.0,676.1,29430,-0.28,19926154.9
NICA,2022-11-09,685.0,685.0,669.1,670.0,24540,-0.9,16520119.3
NICA,2022-11-10,672.0,675.0,660.0,660.1,38406,-1.48,25559451.9
NICA,2022-11-13,660.1,667.9,650.0,660.0,19746,-0.02,13026486.6
NICA,2022-11-14,660.0,671.0,657.0,669.0,30779,1.36,20337336.0
NICA,2022-11-15,680.0,680.0,661.0,665.0,23607,-0.6,15778546.2
NICA,2022-11-16,666.0,685.0,665.0,680.0,23582,2.26,16001360.9
NICA,2022-11-17,692.0,692.0,685.0,688.0,30365,1.18,20906729.1
NICA,2022-11-22,699.7,700.0,686.0,686.0,22019,-0.29,15249797.9
NICA,2022-11-23,686.0,690.0,681.2,683.0,11745,-0.44,8039715.2
NICA,2022-11-24,685.0,690.0,680.0,690.0,42892,1.02,29306669.2
NICA,2022-11-27,695.0,700.0,685.2,699.0,33586,1.3,23326120.4
NICA,2022-11-28,700.0,705.8,686.5,689.0,52802,-1.43,36603806.7
NICA,2022-11-29,680.0,694.0,678.0,688.2,24057,-0.12,16536991.1
NICA,2022-11-30,684.0,699.0,684.0,697.0,24065,1.28,16724531.8
NICA,2022-12-01,695.0,723.0,693.1,711.5,57322,2.08,40652219.1
NICA,2022-12-04,711.5,720.0,710.0,712.9,46294,0.2,33160505.5
NICA,2022-12-05,712.0,712.0,697.8,698.0,35135,-2.09,24771426.2
NICA,2022-12-06,700.0,705.0,692.0,693.0,50730,-0.72,35345246.9
NICA,2022-12-07,686.0,699.0,686.0,688.3,36633,-0.68,25243646.5
NICA,2022-12-11,675.0,685.0,670.1,670.1,57943,-2.64,39248832.9
NICA,2022-12-12,666.0,679.9,660.0,679.0,61536,1.33,41279677.3
NICA,2022-12-13,679.0,688.0,674.0,676.3,26409,-0.4,17928323.4
NICA,2022-12-14,672.0,717.0,672.0,675.1,16910,-0.18,11514877.6
NICA,2022-12-15,672.0,678.9,670.1,672.0,15343,-0.46,10340985.7
NICA,2022-12-18,665.0,670.0,661.1,665.0,25597,-1.04,16977284.8
NICA,2022-12-19,665.0,670.0,661.3,665.2,11080,0.03,7382941.0
NICA,2022-12-20,667.0,680.0,666.0,673.0,14011,1.17,9456005.9
NICA,2022-12-21,660.0,682.0,660.0,667.3,175719,-0.85,118246001.1
NICA,2022-12-22,654.0,666.0,654.0,665.2,86046,-0.31,56965324.5
NICA,2022-12-26,673.0,695.0,670.2,694.0,100520,4.33,68723509.4
NICA,2022-12-27,700.0,710.0,696.0,700.1,143766,0.88,101220431.0
NICA,2022-12-28,702.0,706.0,689.0,689.0,79579,-1.59,55485563.9
NICA,2022-12-29,702.0,726.0,689.0,722.2,135700,4.82,96658165.2
NICA,2023-01-01,727.0,750.0,723.0,738.0,136249,2.19,100383387.4
NICA,2023-01-02,738.0,772.8,725.0,765.0,146722,3.66,111455088.3
NICA,2023-01-03,775.0,775.0,755.0,767.9,125746,0.38,96695094.8
NICA,2023-01-04,760.0,797.0,760.0,784.0,100499,2.1,77942870.9
NICA,2023-01-05,799.6,805.0,778.0,790.0,150073,0.77,118444306.0
NICA,2023-01-08,789.0,803.0,784.0,790.1,100573,0.01,80126145.2
NICA,2023-01-09,790.0,821.0,781.0,804.0,208228,1.76,167866818.1
NICA,2023-01-10,811.0,835.0,796.0,805.0,205989,0.12,167243233.8
NICA,2023-01-12,821.1,828.0,801.1,803.0,157664,-0.25,127827710.0
NICA,2023-01-17,819.0,820.0,796.1,816.3,99350,1.66,80485774.6
NICA,2023-01-18,820.0,825.0,804.0,811.0,94624,-0.65,77149905.9
NICA,2023-01-19,811.0,850.0,804.1,845.0,216337,4.19,180444653.5
NICA,2023-01-23,861.9,861.9,831.0,835.0,151120,-1.18,127577972.5
NICA,2023-01-24,849.5,850.0,825.1,832.0,90781,-0.36,75309260.2
NICA,2023-01-25,844.9,844.9,823.0,825.0,72897,-0.84,60387897.7
NICA,2023-01-26,832.0,833.5,818.0,824.0,76729,-0.12,63437273.0
NICA,2023-01-29,823.0,833.6,820.0,826.0,86314,0.24,71318301.1
NICA,2023-01-30,820.0,830.0,810.5,811.9,92484,-1.71,75752768.3
NICA,2023-01-31,815.0,820.0,803.6,808.5,87591,-0.42,71083403.6
NICA,2023-02-01,802.0,823.0,802.0,815.1,58462,0.82,47607453.9
NICA,2023-02-02,815.1,825.0,802.0,810.4,67366,-0.58,55040183.5
NICA,2023-02-05,811.0,825.0,811.0,817.0,71506,0.81,58516096.4
NICA,2023-02-06,805.1,831.0,805.1,828.0,78309,1.35,64573061.2
NICA,2023-02-07,815.1,839.5,815.1,835.0,154737,0.85,129242726.9
NICA,2023-02-08,848.6,852.0,834.0,835.0,97610,0.0,81880515.4
NICA,2023-02-09,834.0,841.8,830.0,840.0,49992,0.6,41759853.3
NICA,2023-02-12,825.0,835.0,817.0,820.9,93577,-2.27,77125437.0
NICA,2023-02-14,817.1,821.0,810.2,815.5,84726,-0.66,69070448.3
NICA,2023-02-15,810.1,821.0,810.1,817.0,57530,0.18,46905929.6
NICA,2023-02-16,810.0,818.0,810.0,811.5,45965,-0.67,37384423.4
NICA,2023-02-20,809.0,819.9,798.0,815.0,68598,0.43,55591201.5
NICA,2023-02-22,821.0,821.0,808.0,818.0,55398,0.37,45217636.9
NICA,2023-02-23,808.0,815.0,803.4,814.0,98136,-0.49,79641532.0
NICA,2023-02-26,810.1,815.0,793.8,810.0,98067,-0.49,78667922.7
NICA,2023-02-27,810.0,820.0,801.1,812.0,62896,0.25,50828934.7
NICA,2023-02-28,801.0,815.5,801.0,811.5,37309,-0.06,30300347.2
NICA,2023-03-01,805.1,815.0,804.1,806.0,40211,-0.68,32483338.3
NICA,2023-03-02,806.0,806.0,798.1,800.0,54595,-0.74,43729649.1
NICA,2023-03-05,813.0,813.0,792.2,794.0,32917,-0.75,26192401.9
NICA,2023-03-07,795.0,801.0,788.0,796.0,38109,0.25,30219184.5
NICA,2023-03-09,791.0,810.0,791.0,808.0,28688,1.51,23110049.9
NICA,2023-03-12,820.0,822.0,797.0,798.0,31706,-1.24,25407342.8
NICA,2023-03-13,800.0,813.0,776.9,777.0,79814,-2.63,62456745.3
NICA,2023-03-14,782.8,790.0,757.0,764.0,136733,-1.67,104824125.2
NICA,2023-03-15,772.0,772.0,739.0,748.0,138593,-2.09,103522033.1
NICA,2023-03-16,755.0,755.0,736.1,750.0,66560,0.27,49492619.8
NICA,2023-03-19,755.0,755.0,739.0,742.0,53939,-1.07,40084482.0
NICA,2023-03-20,749.0,749.0,731.1,738.0,84134,-0.54,61995922.8
NICA,2023-03-22,740.1,740.1,721.0,723.0,113311,-2.03,82495494.5
NICA,2023-03-23,729.0,729.0,666.5,686.0,314524,-5.12,217464868.1
NICA,2023-03-26,686.0,697.9,680.0,687.0,115245,0.15,79519557.9
NICA,2023-03-27,680.0,695.0,675.3,695.0,57816,1.16,39597344.5
NICA,2023-03-28,708.0,708.0,688.0,689.0,62508,-0.86,43673517.3
NICA,2023-03-29,690.0,694.0,687.0,689.0,51749,0.0,35695866.1
NICA,2023-03-30,700.0,700.0,689.0,690.8,30902,0.26,21357616.1
NICA,2023-04-02,703.0,719.1,689.0,692.0,72783,0.17,50562485.3
NICA,2023-04-03,704.9,704.9,686.0,690.0,42504,-0.29,29319710.1
NICA,2023-04-04,700.0,700.0,685.0,696.6,47314,0.96,32814535.8
NICA,2023-04-05,699.0,700.0,691.0,696.2,26748,-0.06,18613374.6
NICA,2023-04-06,705.0,705.0,693.0,697.0,30695,0.11,21392697.0
NICA,2023-04-09,697.0,698.0,690.0,693.0,35930,-0.57,24855264.0
NICA,2023-04-10,688.0,695.9,688.0,693.0,39095,0.0,27027964.7
NICA,2023-04-11,700.0,704.0,692.3,697.5,24498,0.65,17102421.1
NICA,2023-04-12,704.0,735.0,704.0,730.0,87390,4.66,62950442.3
NICA,2023-04-13,735.0,740.0,719.0,722.0,73696,-1.1,53516887.5
NICA,2023-04-16,730.0,766.0,721.0,733.0,50033,1.52,36498750.7
NICA,2023-04-17,730.0,738.0,727.4,728.0,42664,-0.68,31156743.4
NICA,2023-04-18,726.0,739.0,722.1,735.0,36250,0.96,26578451.9
NICA,2023-04-19,741.8,742.0,731.0,740.7,43290,0.78,31856534.8
NICA,2023-04-20,755.5,755.5,729.0,734.0,78369,-0.9,57543425.2
NICA,2023-04-23,735.0,736.0,722.2,723.0,32862,-1.5,23896535.1
NICA,2023-04-24,724.0,724.0,717.0,717.0,26276,-0.83,18900536.4
NICA,2023-04-25,724.9,735.0,718.0,735.0,23019,2.51,16694990.5
NICA,2023-04-26,735.0,736.0,724.0,724.0,32344,-1.5,23689485.5
NICA,2023-04-27,725.0,726.5,720.0,725.0,19375,0.14,13995842.8
NICA,2023-04-30,726.0,736.6,717.1,720.0,15050,-0.69,10875452.7
NICA,2023-05-02,729.0,729.0,714.0,714.0,18441,-0.83,13206469.3
NICA,2023-05-03,715.0,715.0,710.1,712.6,14729,-0.2,10489802.8
NICA,2023-05-04,720.0,723.0,707.0,717.0,22581,0.62,16085319.3
NICA,2023-05-07,717.0,723.0,709.2,714.9,21718,-0.29,15470632.2
NICA,2023-05-08,712.0,719.0,706.5,708.0,27837,-0.97,19722203.9
NICA,2023-05-09,708.2,720.0,700.1,711.9,20728,0.55,14742185.0
NICA,2023-05-10,719.0,719.0,709.0,709.0,17826,-0.41,12671947.4
NICA,2023-05-11,709.9,711.9,707.0,709.0,22977,0.0,16283908.3
NICA,2023-05-14,717.0,717.0,699.0,699.0,65044,-1.41,45754704.9
NICA,2023-05-15,699.1,706.0,693.1,694.6,43687,-0.63,30467469.3
NICA,2023-05-16,695.3,704.0,689.3,690.0,72505,-0.66,50146361.2
NICA,2023-05-17,690.0,704.5,690.0,700.0,68132,1.45,47417924.5
NICA,2023-05-18,700.0,709.5,698.1,708.5,96034,1.21,67671776.8
NICA,2023-05-21,712.0,715.0,705.0,708.0,48741,-0.07,34569973.3
NICA,2023-05-22,708.0,709.9,700.0,705.9,68416,-0.3,48339819.3
NICA,2023-05-23,712.0,724.0,710.0,721.0,100970,2.14,72361213.4
NICA,2023-05-24,725.0,759.0,717.1,733.5,37135,1.73,27137295.2
NICA,2023-05-28,735.0,747.0,723.0,725.2,57567,-1.13,42269480.0
NICA,2023-05-30,721.7,725.0,700.0,715.0,66387,-1.41,47329158.1
NICA,2023-05-31,710.0,717.0,698.0,703.0,86240,-1.68,60669893.6
NICA,2023-06-01,710.0,716.0,698.5,713.5,64360,1.49,45575460.4
NICA,2023-06-04,710.0,735.0,710.0,712.6,85849,-0.13,62185019.0
NICA,2023-06-05,724.9,724.9,712.0,712.1,51968,-0.07,37186706.1
NICA,2023-06-06,716.0,720.0,713.1,716.0,20101,0.55,14378676.1
NICA,2023-06-07,716.0,724.0,715.1,716.5,35488,0.07,25567987.7
NICA,2023-06-08,715.0,721.9,714.5,719.0,28350,0.35,20355617.2
NICA,2023-06-11,721.0,735.0,716.2,731.0,97299,1.67,70586246.3
NICA,2023-06-12,733.0,746.0,733.0,739.0,57704,1.09,42661573.5
NICA,2023-06-13,753.7,753.7,733.0,750.0,87057,1.49,65051043.2
NICA,2023-06-14,735.0,784.0,735.0,775.0,142091,3.33,109270745.6
NICA,2023-06-15,775.0,778.0,760.0,778.0,54223,0.39,41639999.2
NICA,2023-06-18,785.0,786.0,769.0,778.0,44461,0.0,34656631.5
NICA,2023-06-19,779.0,780.0,767.0,768.2,54506,-1.26,42092586.0
NICA,2023-06-20,775.0,778.0,755.0,759.0,34384,-1.2,26281730.4
NICA,2023-06-21,764.0,771.0,750.0,750.0,52004,-1.19,39215589.4
NICA,2023-06-22,755.0,760.0,743.0,750.0,63239,0.0,47486343.6
NICA,2023-06-25,750.0,770.0,740.0,769.0,89107,2.53,67460152.6
NICA,2023-06-26,782.8,793.0,775.0,787.0,104175,2.34,81795086.9
NICA,2023-06-27,800.0,803.4,785.0,800.3,74430,1.69,59353368.7
NICA,2023-06-28,809.0,814.0,782.0,785.5,100750,-1.85,79687806.3
NICA,2023-07-02,780.0,795.4,766.0,768.5,85825,-2.16,66570866.6
NICA,2023-07-03,768.5,774.0,761.0,766.0,37583,-0.33,28834740.2
NICA,2023-07-04,770.0,779.0,761.0,770.0,48521,0.52,37274891.6
NICA,2023-07-05,770.1,780.0,766.0,769.4,56329,-0.08,43406162.9
NICA,2023-07-06,778.9,778.9,761.0,766.0,37975,-0.44,29212184.8
NICA,2023-07-09,778.9,789.9,772.3,789.0,43972,3.0,34319755.9
NICA,2023-07-10,794.0,797.0,785.0,788.9,61999,-0.01,48997684.0
NICA,2023-07-11,790.0,793.9,781.0,783.0,37571,-0.75,29557847.0
NICA,2023-07-12,790.0,793.5,775.0,780.0,49480,-0.38,38696668.2
NICA,2023-07-13,790.0,790.0,779.2,781.9,40669,0.24,31822025.3
NICA,2023-07-16,790.0,796.0,782.0,793.8,48967,1.52,38720419.3
NICA,2023-07-17,798.0,807.0,789.0,803.0,55849,1.16,44687582.3
NICA,2023-07-18,809.6,818.0,803.0,810.0,83521,0.87,67924379.1
NICA,2023-07-19,810.0,817.0,800.0,810.0,181640,0.0,147082958.6
NICA,2023-07-20,817.0,818.0,806.2,811.0,67669,0.12,54854937.0
NICA,2023-07-23,820.0,825.1,808.0,822.0,136053,1.36,111285459.6
NICA,2023-07-24,825.0,825.0,806.1,810.0,89524,-1.46,72811500.2
NICA,2023-07-25,809.9,815.0,793.0,794.5,86821,-1.91,69480231.7
NICA,2023-07-26,800.0,805.0,788.0,790.1,68079,-0.55,54116753.8
NICA,2023-07-27,774.3,802.0,774.3,784.0,61909,-0.77,48818485.6
NICA,2023-07-30,798.0,798.0,774.1,777.0,74894,-0.89,58389290.0
NICA,2023-07-31,786.0,800.0,770.3,785.0,51397,1.03,40303176.7
NICA,2023-08-01,770.0,794.0,770.0,778.0,48045,-0.89,37540129.8
NICA,2023-08-02,790.0,790.0,774.2,779.0,34169,0.13,26611018.4
NICA,2023-08-03,790.0,793.1,782.1,789.0,42059,1.28,33107873.6
NICA,2023-08-06,800.0,812.0,774.0,778.0,141442,-1.39,111288329.7
NICA,2023-08-07,770.0,786.0,770.0,775.0,52929,-0.39,41153680.4
NICA,2023-08-08,775.0,784.0,770.1,770.1,30614,-0.63,23695943.8
NICA,2023-08-09,771.0,785.9,770.0,785.9,32720,2.05,25402527.8
NICA,2023-08-10,786.0,790.0,772.3,787.0,65038,0.14,50827014.5
NICA,2023-08-13,789.0,800.0,782.0,798.0,51617,1.4,41059338.7
NICA,2023-08-14,798.0,806.0,796.0,798.0,69704,0.0,55757861.2
NICA,2023-08-15,799.0,799.0,784.1,785.0,29917,-1.63,23639455.5
NICA,2023-08-16,785.0,785.0,773.0,785.0,31107,0.0,24231455.7
NICA,2023-08-17,785.0,797.0,778.0,781.9,27752,-0.39,21774315.3
NICA,2023-08-20,776.1,790.0,776.1,780.0,34292,-0.24,26785787.9
NICA,2023-08-21,772.0,790.0,772.0,779.0,26580,-0.13,20708405.0
NICA,2023-08-22,778.5,787.0,777.1,782.0,11727,0.39,9157323.3
NICA,2023-08-23,780.1,805.8,780.0,800.0,48779,2.3,38794288.5
NICA,2023-08-24,800.0,807.1,794.0,794.5,64412,-0.69,51581791.7
NICA,2023-08-27,789.0,794.0,782.5,790.0,22697,-0.57,17912807.9
NICA,2023-08-28,805.0,805.0,788.0,789.0,23084,-0.13,18245309.9
NICA,2023-08-29,790.0,795.9,786.0,787.5,18161,-0.19,14329578.7
NICA,2023-08-30,792.0,799.0,787.2,788.1,33034,0.08,26070853.2
NICA,2023-09-03,788.0,790.0,781.5,783.0,23300,-0.65,18276510.6
NICA,2023-09-04,783.1,787.2,775.0,783.0,34063,0.0,26480999.3
NICA,2023-09-05,785.0,785.0,778.0,778.8,14746,-0.54,11498146.9
NICA,2023-09-07,779.0,779.0,773.1,775.0,29986,-0.49,23246769.9
NICA,2023-09-10,780.0,790.0,775.0,780.0,27417,0.65,21349718.3
NICA,2023-09-11,780.0,805.0,778.0,798.1,49803,2.32,39696687.3
NICA,2023-09-12,800.0,804.0,792.0,792.5,22370,-0.7,17822263.0
NICA,2023-09-13,802.0,824.0,797.9,819.0,97903,3.34,79325347.5
NICA,2023-09-17,835.3,852.0,803.1,814.0,337149,-0.61,275473072.9
NICA,2023-09-18,818.0,818.0,799.0,805.9,53973,-1.0,43403027.7
NICA,2023-09-19,806.0,806.0,796.6,805.0,48207,-0.11,38554693.3
NICA,2023-09-21,819.0,819.0,799.0,800.0,118792,-0.62,95659559.0
NICA,2023-09-24,807.0,813.0,795.0,797.0,109470,-0.38,87551009.0
NICA,2023-09-25,800.0,807.8,791.0,792.0,58347,-0.63,46348829.4
NICA,2023-09-26,800.0,800.0,782.0,788.6,106020,-0.43,83466224.5
NICA,2023-09-27,800.0,800.0,769.3,777.4,79635,-1.42,61930826.8
NICA,2023-10-01,780.0,790.0,758.6,765.0,122313,-1.6,93553851.3
NICA,2023-10-02,765.0,766.0,756.0,761.5,285352,-0.46,216809141.3
NICA,2023-10-03,600.0,601.0,573.0,573.0,91760,-2.93,53028691.0
NICA,2023-10-04,573.0,573.0,566.1,568.0,55162,-0.87,31343038.8
NICA,2023-10-05,567.0,567.0,559.0,562.0,38826,-1.06,21871719.5
NICA,2023-10-08,562.0,573.0,548.1,549.0,81362,-2.31,44984256.5
NICA,2023-10-09,555.0,558.0,541.0,541.9,40407,-1.29,21981800.3
NICA,2023-10-10,542.9,544.0,535.3,536.0,56229,-1.09,30299574.8
NICA,2023-10-11,536.3,542.9,531.0,535.0,66243,-0.19,35453588.7
NICA,2023-10-12,538.0,538.0,529.0,531.0,47891,-0.75,25427259.2
NICA,2023-10-16,536.0,541.0,510.0,515.0,66053,-3.01,34335641.9
NICA,2023-10-17,516.0,528.0,515.0,517.2,57459,0.43,29814554.8
NICA,2023-10-18,520.0,539.0,520.0,538.0,31104,4.02,16537236.3
NICA,2023-10-19,538.0,546.0,532.0,542.5,45018,0.84,24315475.1
NICA,2023-10-29,541.0,542.0,531.1,533.6,28904,-1.64,15451365.2
NICA,2023-10-30,543.9,543.9,530.2,536.2,16196,0.49,8647938.5
NICA,2023-10-31,535.1,543.0,529.0,530.0,21230,-1.16,11297586.6
NICA,2023-11-01,539.7,539.7,527.0,530.0,14536,0.0,7690633.8
NICA,2023-11-02,527.0,530.0,519.3,519.4,26372,-2.0,13755258.7
NICA,2023-11-05,520.0,520.0,499.9,501.0,60499,-3.54,30380210.8
NICA,2023-11-06,504.0,505.9,497.6,498.0,42864,-0.6,21460342.3
NICA,2023-11-07,499.9,505.5,499.0,505.5,28094,1.51,14091561.7
NICA,2023-11-08,505.0,509.8,502.0,502.5,15773,-0.59,7951356.1
NICA,2023-11-09,512.5,512.5,498.0,499.3,23830,-0.64,11917008.5
NICA,2023-11-20,508.0,508.0,499.0,500.0,23771,0.14,11908204.4
NICA,2023-11-21,501.0,501.0,495.0,495.0,13252,-1.0,6577144.5
NICA,2023-11-22,496.0,499.9,490.1,498.0,11581,0.61,5733566.1
NICA,2023-11-23,498.0,505.0,498.0,504.0,25084,1.2,12547218.2
NICA,2023-11-26,506.0,518.0,502.0,518.0,31405,2.78,16095060.1
NICA,2023-11-27,520.0,527.8,510.0,513.0,19627,-0.97,10126142.2
NICA,2023-11-28,508.1,514.0,508.1,511.0,8467,-0.39,4319655.4
NICA,2023-11-29,514.0,514.0,508.0,508.0,8435,-0.59,4293812.8
NICA,2023-11-30,516.0,516.2,499.0,500.0,42251,-1.57,21304627.1
NICA,2023-12-03,500.0,505.0,491.5,498.0,16859,-0.4,8404941.4
NICA,2023-12-04,495.1,502.0,495.1,497.0,15691,-0.2,7826379.8
NICA,2023-12-05,497.0,500.1,495.0,498.9,19564,0.38,9725129.4
NICA,2023-12-06,497.0,500.0,495.0,495.6,12300,-0.66,6101174.9
NICA,2023-12-07,505.0,505.0,491.0,497.5,22557,0.38,11192020.7
NICA,2023-12-10,505.0,530.0,505.0,524.0,6616,5.33,3473867.0
NICA,2023-12-11,525.0,529.9,505.0,509.9,93195,-2.69,47730487.2
NICA,2023-12-12,509.0,517.8,504.0,510.0,62527,0.02,31934610.9
NICA,2023-12-13,514.0,520.0,505.1,510.0,57588,0.0,29458286.65
NICA,2023-12-14,508.0,511.8,501.6,506.9,40832,-0.61,20698886.8
NICA,2023-12-17,500.0,507.0,497.0,501.0,76166,-1.16,38290459.2
NICA,2023-12-18,504.5,519.0,501.0,515.0,139478,2.79,71178255.1
NICA,2023-12-19,524.0,532.0,518.0,530.0,107626,2.91,56310040.0
NICA,2023-12-20,532.0,549.8,532.0,545.0,99290,2.83,54004935.1
NICA,2023-12-21,545.0,555.0,530.0,532.0,96029,-2.39,51611930.1
NICA,2023-12-24,530.0,540.0,521.5,528.0,75142,-0.75,39931658.0
NICA,2023-12-27,523.0,530.0,519.0,520.0,90557,-1.52,47371343.7
NICA,2023-12-28,520.0,525.0,511.0,512.0,66034,-1.54,34134473.0
NICA,2024-01-01,515.0,524.9,512.0,513.9,32342,0.37,16709614.5
NICA,2024-01-02,520.0,520.0,509.0,509.9,42542,-0.78,21750362.8
NICA,2024-01-03,511.0,515.0,509.0,514.1,30658,0.82,15717610.5
NICA,2024-01-04,512.3,517.0,509.0,510.9,51626,-0.62,26478137.7
NICA,2024-01-07,510.0,510.0,498.0,499.0,111777,-2.33,56156302.0
NICA,2024-01-08,499.5,505.0,494.2,504.0,94978,1.0,47425121.1
NICA,2024-01-09,514.0,514.0,506.0,507.0,69070,0.6,35187049.5
NICA,2024-01-10,509.0,523.0,509.0,518.0,112076,2.17,57936546.7
NICA,2024-01-11,522.7,522.7,510.0,512.9,50497,-0.98,25965667.0
NICA,2024-01-14,515.0,517.8,510.0,511.2,53006,-0.33,27223492.0
NICA,2024-01-16,515.0,515.0,508.0,514.0,209619,0.55,107008018.6
NICA,2024-01-17,516.0,525.0,507.0,512.0,114163,-0.39,59062600.1
NICA,2024-01-18,510.0,515.0,505.0,509.0,82751,-0.59,42028157.5
NICA,2024-01-21,509.0,509.0,495.0,496.1,169221,-2.53,84277298.7
NICA,2024-01-22,495.0,498.0,488.0,489.0,108014,-1.43,53075943.3
NICA,2024-01-23,495.0,496.0,477.0,478.6,138735,-2.13,66771684.6
NICA,2024-01-24,469.1,494.4,469.1,477.3,67640,-0.27,32524761.3
NICA,2024-01-25,486.8,486.8,476.0,480.0,85602,0.57,40975897.5
NICA,2024-01-28,489.0,489.0,480.0,481.0,55234,0.21,26580086.4
NICA,2024-01-29,482.0,483.9,478.0,479.7,50577,-0.27,24306624.2
NICA,2024-01-30,480.0,487.0,478.5,479.0,46693,-0.15,22396973.5
NICA,2024-01-31,481.0,481.9,474.0,475.0,64290,-0.84,30617801.9
NICA,2024-02-01,475.5,475.5,463.1,466.0,96457,-1.89,45061712.9
NICA,2024-02-04,466.0,470.0,459.0,468.5,71555,0.54,33251425.4
NICA,2024-02-05,471.0,476.1,469.0,474.9,46778,1.37,22138782.5
NICA,2024-02-06,474.9,482.9,474.9,477.8,58942,0.61,28072802.2
NICA,2024-02-07,487.3,487.3,478.6,479.0,52013,0.25,24972754.9
NICA,2024-02-08,488.5,488.5,470.0,474.6,49857,-0.92,23655321.5
NICA,2024-02-11,465.2,471.0,450.8,455.1,182831,-4.11,84204332.1
NICA,2024-02-12,450.0,455.0,439.0,450.1,309656,-1.1,137747398.3
NICA,2024-02-13,450.1,454.0,440.1,441.9,174782,-1.82,77475942.3
NICA,2024-02-14,433.1,448.0,433.1,443.0,83609,0.25,36997108.2
NICA,2024-02-15,434.2,440.0,430.0,433.0,200617,-2.26,87023180.3
NICA,2024-02-18,433.0,455.8,433.0,444.0,307692,2.54,136564140.1
NICA,2024-02-20,436.0,452.9,436.0,442.0,118355,-0.45,52580149.9
NICA,2024-02-21,448.0,448.0,439.0,440.0,141689,-0.45,62675274.7
NICA,2024-02-22,438.6,440.0,423.4,427.0,149028,-2.95,64038180.6
NICA,2024-02-25,427.0,430.0,410.0,410.9,176046,-3.77,73159346.7
NICA,2024-02-26,408.0,419.9,405.1,418.0,98421,1.73,40737576.9
NICA,2024-02-27,415.0,426.0,412.3,418.5,70324,0.12,29412585.3
NICA,2024-02-28,413.4,418.0,413.0,415.0,36695,-0.84,15235126.3
NICA,2024-02-29,415.0,415.0,408.0,412.0,109726,-0.72,45161462.0
NICA,2024-03-03,412.0,417.0,406.0,407.0,60400,-1.21,24681799.0
NICA,2024-03-04,415.1,438.0,415.1,435.0,11800,6.88,5079001.5
NICA,2024-03-05,435.0,439.0,414.0,416.9,107535,-4.16,45093107.6
NICA,2024-03-06,421.0,424.9,411.4,418.0,73115,0.26,30537859.3
NICA,2024-03-07,425.9,425.9,418.1,421.9,39804,0.93,16757703.8
NICA,2024-03-10,425.0,428.9,419.5,420.0,84813,-0.45,35815152.1
NICA,2024-03-12,428.4,434.0,422.0,433.5,85533,3.21,36612902.9
NICA,2024-03-13,442.1,442.1,428.0,432.0,84991,-0.35,36691710.9
NICA,2024-03-14,432.0,432.9,425.1,425.1,67871,-1.6,29042120.5
NICA,2024-03-17,424.2,424.2,417.0,418.0,58774,-1.67,24721464.7
NICA,2024-03-18,416.0,421.5,416.0,418.2,45079,0.05,18848493.2
NICA,2024-03-19,420.0,423.0,417.0,417.2,20842,-0.24,8739686.6
NICA,2024-03-20,417.0,425.0,415.5,417.0,41724,-0.05,17407649.0
NICA,2024-03-21,419.0,419.9,414.1,414.1,28308,-0.7,11746842.2
NICA,2024-03-25,410.1,413.0,409.0,410.1,71062,-0.97,29127859.4
NICA,2024-03-26,415.0,415.0,409.2,413.0,29379,0.71,12076818.2
NICA,2024-03-27,413.0,413.0,408.0,411.0,42526,-0.48,17423947.0
NICA,2024-03-28,413.9,414.0,407.0,410.0,33224,-0.24,13602227.0
NICA,2024-03-31,413.0,413.0,406.0,407.0,30600,-0.73,12479861.4
NICA,2024-04-01,410.0,412.5,405.0,407.9,51254,0.22,20869305.3
NICA,2024-04-02,412.0,412.0,405.0,406.8,28130,-0.27,11430729.5
NICA,2024-04-03,410.0,410.0,399.0,402.0,59686,-1.18,23975302.8
NICA,2024-04-04,400.0,402.0,398.0,398.0,61026,-1.0,24350543.2
NICA,2024-04-07,398.0,398.8,390.3,397.0,80715,-0.25,31781656.1
NICA,2024-04-09,400.0,406.9,396.9,398.8,47203,0.45,18883043.4
NICA,2024-04-10,405.9,405.9,394.1,395.0,40657,-0.95,16171916.1
NICA,2024-04-14,398.0,400.0,394.0,395.0,29072,0.0,11530462.0
NICA,2024-04-15,392.0,395.0,390.0,391.0,63551,-1.01,24886154.9
NICA,2024-04-16,389.0,393.0,387.3,390.0,33400,-0.26,13032506.8
NICA,2024-04-18,390.0,390.0,383.0,385.0,38828,-1.28,14927701.0
NICA,2024-04-21,377.3,380.0,366.1,373.0,127611,-3.12,47268075.5
NICA,2024-04-22,372.0,373.0,357.1,358.0,105899,-4.02,38459763.6
NICA,2024-04-24,358.0,360.0,345.0,351.0,132036,-1.96,46377658.9
NICA,2024-04-25,351.5,355.0,346.0,348.5,49901,-0.71,17470531.8
NICA,2024-04-28,355.4,355.4,347.0,351.6,60351,0.89,21142160.0
NICA,2024-04-29,358.6,358.6,351.6,352.0,45855,0.11,16188257.0
NICA,2024-04-30,359.0,365.0,351.1,363.0,69508,3.13,24935148.2
NICA,2024-05-02,370.2,370.2,357.0,357.0,63914,-1.65,23111015.4
NICA,2024-05-05,356.1,359.0,349.0,349.0,53700,-2.24,18864100.2
NICA,2024-05-06,345.1,351.9,344.6,346.9,59983,-0.6,20763022.1
NICA,2024-05-07,350.0,355.9,347.1,348.0,47490,0.32,16609211.5
NICA,2024-05-08,349.1,352.0,341.6,350.0,47782,0.57,16573927.5
NICA,2024-05-09,345.0,352.8,345.0,350.0,29902,0.0,10471855.8
NICA,2024-05-12,350.0,355.0,347.0,352.0,39449,0.57,13837283.5
NICA,2024-05-13,350.0,364.9,350.0,363.0,55261,3.13,19860003.5
NICA,2024-05-14,368.1,369.0,356.8,365.5,47874,0.69,17319347.8
NICA,2024-05-15,359.0,370.0,357.8,358.0,64416,-2.05,23307126.8
NICA,2024-05-16,365.1,365.1,355.1,360.1,75546,0.59,27235273.1
NICA,2024-05-19,367.3,385.7,362.0,385.0,135375,6.91,51227459.4
NICA,2024-05-20,385.0,421.0,385.0,419.9,276638,9.06,112940210.2
NICA,2024-05-21,420.0,432.7,407.1,429.5,201842,2.29,85312936.8
NICA,2024-05-22,430.5,458.0,420.4,452.9,287668,5.45,127385008.8
NICA,2024-05-26,455.0,458.0,435.0,435.1,219186,-3.93,97303479.0
NICA,2024-05-27,443.8,443.8,424.5,428.0,161570,-1.63,69707496.9
NICA,2024-05-29,435.0,442.0,412.6,414.0,116281,-3.27,49172569.7
NICA,2024-05-30,417.0,417.9,402.0,407.6,99271,-1.55,40604602.8
NICA,2024-06-02,407.0,429.3,407.0,424.0,112458,4.02,46750189.0
NICA,2024-06-03,425.0,427.1,413.0,415.1,52109,-2.1,21803568.4
NICA,2024-06-04,423.4,423.4,414.0,415.5,31000,0.1,12925554.6
NICA,2024-06-05,415.0,415.0,407.2,412.0,40825,-0.84,16766865.4
NICA,2024-06-06,410.0,412.8,407.0,408.0,40467,-0.97,16576252.2
NICA,2024-06-09,416.1,416.1,401.0,401.0,63378,-1.72,25738375.4
NICA,2024-06-10,409.0,409.0,400.0,401.1,57100,0.02,23045878.6
NICA,2024-06-11,409.1,421.0,402.0,418.0,71137,4.21,29197703.6
NICA,2024-06-12,425.0,425.0,418.0,418.0,81660,0.0,34375632.0
NICA,2024-06-13,418.0,418.0,411.5,415.1,45758,-0.69,18913728.4
NICA,2024-06-16,416.0,420.0,410.0,412.0,69817,-0.75,28750341.9
NICA,2024-06-18,407.0,410.0,403.0,404.0,58636,-1.94,23801380.5
NICA,2024-06-19,402.0,408.0,402.0,404.0,30586,0.0,12384217.5
NICA,2024-06-20,412.0,412.0,401.1,401.1,42682,-0.72,17174518.5
NICA,2024-06-23,409.0,409.0,400.0,403.0,32541,0.47,13048979.9
NICA,2024-06-24,408.9,408.9,400.0,400.4,40516,-0.65,16275171.7
NICA,2024-06-25,408.3,408.3,397.2,398.1,42749,-0.57,17076309.2
NICA,2024-06-26,406.0,406.0,396.6,397.0,45572,-0.28,18121871.9
NICA,2024-06-27,397.0,399.0,394.0,397.0,56848,0.0,22559389.2
NICA,2024-06-30,400.0,400.0,393.5,394.1,45391,-0.73,17908558.6
NICA,2024-07-01,400.0,400.5,391.1,400.0,48992,1.5,19322075.7
NICA,2024-07-02,408.0,440.0,408.0,418.0,147642,4.5,61793510.9
NICA,2024-07-03,410.6,420.0,407.0,420.0,75714,0.48,31347290.7
NICA,2024-07-04,420.1,430.1,417.0,424.6,106679,1.1,45217824.3
NICA,2024-07-07,430.0,430.0,421.3,429.0,73287,1.04,31215876.2
NICA,2024-07-08,430.0,434.0,426.4,427.0,74221,-0.47,31821000.9
NICA,2024-07-09,425.0,435.0,422.0,433.1,72357,1.43,31036007.5
NICA,2024-07-10,441.7,441.7,433.0,438.0,98818,1.13,43238209.9
NICA,2024-07-11,446.7,447.2,438.0,446.1,117154,1.85,51875527.9
NICA,2024-07-14,455.0,468.0,447.0,449.0,157454,0.65,71094465.4
NICA,2024-07-15,457.9,457.9,443.0,443.2,155082,-1.29,69641258.8
NICA,2024-07-16,452.0,469.0,439.0,461.0,139792,4.02,63123320.8
NICA,2024-07-17,470.2,482.4,466.0,478.6,193151,3.82,91949908.8
NICA,2024-07-18,478.0,525.0,469.2,500.0,331046,4.47,165053646.7
NICA,2024-07-21,500.0,511.0,492.5,504.2,272349,0.84,136963265.5
NICA,2024-07-22,508.0,513.0,492.0,502.0,201152,-0.44,100434734.2
NICA,2024-07-23,502.0,513.0,490.0,508.0,280089,1.2,141314159.7
NICA,2024-07-24,510.0,520.0,497.9,499.0,218750,-1.77,110822199.3
NICA,2024-07-25,499.0,505.0,491.0,501.9,163606,0.58,81736328.5
NICA,2024-07-28,511.9,552.0,511.9,552.0,642139,9.98,348169885.6
NICA,2024-07-29,563.0,573.0,533.0,534.5,415282,-3.17,225481164.3
NICA,2024-07-30,534.5,537.6,515.5,530.0,296884,-0.84,156278069.7
NICA,2024-07-31,533.1,539.0,525.0,530.0,321197,0.0,170933211.2
NICA,2024-08-01,540.6,540.6,516.0,517.0,397416,-2.45,207735106.0
NICA,2024-08-05,506.7,506.7,480.0,495.9,677340,-4.08,336221737.5
NICA,2024-08-06,495.9,495.9,474.0,474.4,499757,-4.34,241222400.2
NICA,2024-08-07,470.0,487.4,470.0,483.0,214696,1.81,103147127.1
NICA,2024-08-08,483.0,495.0,480.0,487.0,245160,0.83,119652202.8
NICA,2024-08-11,490.0,508.0,490.0,504.3,437035,3.55,219599887.9
NICA,2024-08-12,514.0,534.0,504.0,525.0,429436,4.1,224076205.9
NICA,2024-08-13,535.5,535.5,513.0,516.0,192089,-1.71,100296001.2
NICA,2024-08-14,516.0,523.0,508.0,520.0,193085,0.78,99413002.6
NICA,2024-08-15,520.0,557.0,518.5,545.1,751075,4.83,409374057.0
NICA,2024-08-18,550.0,564.0,535.0,537.7,480715,-1.36,262926484.0
NICA,2024-08-21,539.0,539.0,525.0,530.0,209828,-1.43,111492627.2
NICA,2024-08-22,530.0,542.6,527.0,528.0,198426,-0.38,105879839.6
NICA,2024-08-25,528.0,537.9,515.0,516.0,264501,-2.27,137841516.0
NICA,2024-08-27,515.0,525.0,496.1,497.0,251927,-3.68,127755243.8
NICA,2024-08-28,506.0,516.0,493.0,498.0,141796,0.2,71076392.6
NICA,2024-08-29,498.8,503.0,489.3,494.0,125957,-0.8,62118372.8
NICA,2024-09-01,503.8,503.8,485.0,485.2,122470,-1.78,59721867.4
NICA,2024-09-02,485.0,503.9,480.0,501.0,124169,3.26,61161137.9
NICA,2024-09-03,501.0,512.0,489.6,498.0,196070,-0.6,96940498.4
NICA,2024-09-04,507.9,507.9,480.0,482.0,78221,-3.21,38174659.2
NICA,2024-09-05,484.0,489.0,473.0,479.0,85177,-0.62,40729551.0
NICA,2024-09-08,487.0,488.0,470.0,474.5,63926,-0.94,30515717.8
NICA,2024-09-09,476.0,479.0,460.0,465.0,108664,-2.0,50691255.4
NICA,2024-09-10,468.0,473.0,455.0,460.0,121413,-1.08,55977422.1
NICA,2024-09-11,460.0,465.5,457.1,458.5,73610,-0.33,33892278.7
NICA,2024-09-12,467.6,470.0,456.0,469.0,89053,2.29,41164303.2
NICA,2024-09-15,475.0,478.2,460.0,462.0,121891,-1.49,56785017.6
NICA,2024-09-16,469.0,469.0,452.1,452.9,93821,-1.97,42889083.3
NICA,2024-09-18,458.0,458.0,447.0,455.0,59933,0.46,27163435.7
NICA,2024-09-22,464.1,471.0,449.2,452.0,78178,-0.66,35561158.3
NICA,2024-09-23,461.0,461.0,443.0,444.5,87158,-1.66,38924478.3
NICA,2024-09-24,441.1,444.0,430.0,430.2,114932,-3.22,50098069.4
NICA,2024-09-25,427.0,442.6,427.0,442.5,78402,2.86,34196940.1
NICA,2024-09-26,433.7,448.0,433.7,437.0,57402,-1.24,25264368.6
NICA,2024-09-29,435.0,440.0,429.0,436.0,32022,-0.23,13974891.0
NICA,2024-09-30,442.7,442.9,435.0,440.0,39543,0.92,17353125.2
NICA,2024-10-01,447.5,463.9,441.0,458.7,118682,4.25,53583406.0
NICA,2024-10-02,465.0,474.0,458.0,462.0,106390,0.72,49291155.4
NICA,2024-10-06,470.0,476.9,462.0,474.0,70077,2.6,32814474.9
NICA,2024-10-07,483.0,483.4,475.0,475.0,61966,0.21,29712489.2
NICA,2024-10-08,470.0,485.0,468.0,480.0,270991,1.05,128676088.0
NICA,2024-10-09,480.0,483.0,473.0,478.0,38554,-0.42,18420792.2
NICA,2024-10-15,487.5,489.0,476.0,486.8,14812,1.84,7140200.7
NICA,2024-10-16,494.0,501.9,484.0,498.7,302170,2.44,147506063.3
NICA,2024-10-17,498.0,505.0,493.0,493.0,80563,-1.14,40014898.3
NICA,2024-10-20,484.0,495.0,479.1,480.0,187805,-2.64,90783664.4
NICA,2024-10-21,472.0,480.0,468.4,469.2,70285,-2.25,33198853.9
NICA,2024-10-22,475.0,476.0,459.5,465.0,104000,-0.9,48395845.7
NICA,2024-10-23,460.0,460.0,450.0,452.0,182640,-2.8,82721217.3
NICA,2024-10-24,450.0,455.0,439.0,443.0,104890,-1.99,46521225.2
NICA,2024-10-27,443.0,446.0,437.0,444.0,55784,0.23,24654312.4
NICA,2024-10-28,452.0,452.0,441.0,443.0,59809,-0.23,26572257.4
NICA,2024-10-29,445.0,452.0,445.0,450.9,65634,1.78,29500622.4
NICA,2024-10-30,450.0,454.0,443.1,445.8,77838,-1.13,34838568.8
NICA,2024-11-05,440.3,455.8,440.0,444.0,51361,-0.4,22962464.4
NICA,2024-11-06,445.0,447.0,439.0,440.0,63545,-0.9,28083991.4
NICA,2024-11-10,448.0,449.8,442.1,449.8,82617,2.23,36815029.4
NICA,2024-11-11,458.0,462.1,450.0,454.0,159935,0.93,72757931.2
NICA,2024-11-12,463.0,463.0,450.0,457.0,98128,0.66,44800783.0
NICA,2024-11-13,464.1,464.1,448.0,451.7,70413,-1.16,31867704.8
NICA,2024-11-14,450.1,453.0,443.3,445.1,124178,-1.46,55402034.9
NICA,2024-11-17,445.5,447.0,440.0,440.3,164538,-1.08,72738307.2
NICA,2024-11-19,442.0,442.0,429.1,431.2,230820,-2.07,99858868.4
NICA,2024-11-20,439.8,439.8,428.0,429.9,116555,-0.3,50011496.1
NICA,2024-11-21,431.0,433.0,426.0,426.3,111250,-0.84,47655052.8
NICA,2024-11-24,430.0,430.0,423.0,427.0,112104,0.16,47548945.2
NICA,2024-11-25,435.5,435.5,422.1,425.0,108838,-0.47,46178968.1
NICA,2024-11-26,431.0,435.7,425.1,434.5,114088,2.24,48908653.0
NICA,2024-11-27,435.0,438.8,431.6,436.9,77997,0.55,33877361.5
NICA,2024-11-28,437.0,437.9,430.0,435.3,81755,-0.37,35574057.3
NICA,2024-12-01,444.0,444.0,427.2,428.8,126527,-1.49,54336790.1
NICA,2024-12-02,430.0,430.0,425.0,427.9,181491,-0.21,77567724.1
NICA,2024-12-03,436.0,436.0,417.0,419.8,410484,-1.89,172511347.9
NICA,2024-12-04,420.0,425.0,415.0,415.2,143772,-1.1,60079128.4
NICA,2024-12-05,406.9,415.0,406.0,409.9,155704,-1.28,63754717.8
NICA,2024-12-08,409.9,414.9,400.1,405.0,159922,-1.2,64577191.5
NICA,2024-12-09,396.9,411.4,396.9,405.0,66907,0.0,27135316.0
NICA,2024-12-10,396.9,411.0,396.9,405.0,58539,0.0,23694809.2
NICA,2024-12-11,404.0,415.0,397.0,415.0,150942,2.47,60777882.1
NICA,2024-12-12,423.3,423.3,402.8,403.0,84801,-2.89,34642192.0
NICA,2024-12-16,403.0,403.0,395.0,398.2,113101,-1.19,45028844.1
NICA,2024-12-17,396.0,399.9,395.5,397.0,80508,-0.3,32015293.7
NICA,2024-12-18,389.1,412.0,389.1,392.0,83131,-1.26,32775891.2
NICA,2024-12-19,384.2,395.1,384.2,392.9,73620,0.23,28901909.4
NICA,2024-12-22,392.9,400.6,387.1,390.0,73760,-0.74,28751184.0
NICA,2024-12-23,382.2,391.0,382.2,388.8,82637,-0.31,32024251.6
NICA,2024-12-24,395.0,398.0,390.0,396.0,51143,1.85,20205178.7
NICA,2024-12-26,388.1,409.9,388.0,403.0,92340,1.77,36962239.4
NICA,2024-12-29,400.0,404.7,391.0,391.0,70534,-2.98,27876541.8
NICA,2024-12-31,383.2,395.0,376.6,385.0,132291,-1.53,50756067.0
NICA,2025-01-01,377.3,388.0,377.3,383.6,43278,-0.36,16613575.4
NICA,2025-01-02,390.0,390.0,377.4,386.9,58340,0.86,22439781.8
NICA,2025-01-05,385.0,389.7,382.7,384.0,88991,-0.75,34166948.7
NICA,2025-01-06,388.0,390.0,382.1,388.0,78034,1.04,30121853.6
NICA,2025-01-07,395.7,395.7,384.0,387.8,59219,-0.05,22908320.5
NICA,2025-01-08,393.5,393.5,383.0,387.0,45107,-0.21,17419527.1
NICA,2025-01-09,386.0,388.0,381.0,383.4,78694,-0.93,30206337.5
NICA,2025-01-12,385.0,385.2,381.0,381.0,36094,-0.63,13812729.1
NICA,2025-01-13,388.6,388.6,377.5,377.6,84072,-0.89,31908096.2
NICA,2025-01-15,370.1,384.0,370.1,377.8,51468,0.05,19446913.7
NICA,2025-01-16,375.2,377.8,368.0,368.9,67591,-2.36,25110905.7
NICA,2025-01-19,365.1,370.0,361.6,366.0,83984,-0.79,30679994.8
NICA,2025-01-20,362.0,363.6,351.6,357.5,187054,-2.32,66767422.9
NICA,2025-01-21,357.0,361.0,354.0,359.0,85995,0.42,30732031.1
NICA,2025-01-22,359.0,370.0,355.0,369.8,137664,3.01,49669715.4
NICA,2025-01-23,369.0,371.8,364.3,366.0,59766,-1.03,21896885.1
NICA,2025-01-26,362.1,364.9,356.0,356.5,87702,-2.6,31524673.6
NICA,2025-01-27,362.8,362.8,351.0,353.0,95052,-0.98,33567863.7
NICA,2025-01-28,353.0,362.0,350.0,357.0,104728,1.13,37397715.6
NICA,2025-02-02,355.0,367.0,355.0,367.0,81796,2.8,29683622.2
NICA,2025-02-03,369.2,385.5,369.0,372.0,147482,1.36,55551307.3
NICA,2025-02-04,379.0,379.0,367.0,369.3,54568,-0.73,20261319.4
NICA,2025-02-05,366.0,370.1,363.0,365.0,50984,-1.16,18697457.0
NICA,2025-02-06,363.0,368.0,359.0,365.9,73453,0.25,26881083.3
NICA,2025-02-09,358.6,370.0,358.6,366.0,55880,0.03,20503353.5
NICA,2025-02-10,369.9,369.9,363.2,364.1,28859,-0.52,10533106.8
NICA,2025-02-11,367.0,370.0,361.0,364.0,48342,-0.03,17610510.4
NICA,2025-02-12,365.0,370.0,360.0,363.1,47038,-0.25,17147454.5
NICA,2025-02-13,360.0,366.0,360.0,363.0,47627,-0.03,17318839.0
NICA,2025-02-16,367.0,370.9,365.0,370.7,70533,2.12,26014490.4
NICA,2025-02-17,371.0,386.9,370.7,382.0,108899,3.05,41212054.5
NICA,2025-02-18,389.0,389.6,375.0,377.0,74518,-1.31,28374584.9
NICA,2025-02-20,384.5,384.5,373.6,374.5,42089,-0.66,15847811.6
NICA,2025-02-23,367.1,375.2,365.3,373.1,69490,-0.37,25818995.1
NICA,2025-02-24,380.5,380.5,371.0,372.0,95948,-0.29,35893221.9
NICA,2025-02-25,375.0,379.8,373.5,374.5,64721,0.67,24322008.7
NICA,2025-02-27,381.0,404.0,381.0,399.0,180854,6.54,71123148.4
NICA,2025-03-02,406.0,410.9,392.0,410.0,158503,2.76,63928991.9
NICA,2025-03-03,410.0,417.9,402.0,404.0,104126,-1.46,42315621.7
NICA,2025-03-04,405.0,409.0,397.0,397.0,81739,-1.73,32657421.1
NICA,2025-03-05,402.0,402.0,390.2,391.0,75942,-1.51,29943233.8
NICA,2025-03-06,391.0,397.0,390.1,395.0,57950,1.02,22772391.1
NICA,2025-03-09,402.0,402.0,387.0,387.5,53120,-1.9,20802204.8
NICA,2025-03-10,379.8,393.5,379.8,382.0,51563,-1.42,19812899.6
NICA,2025-03-11,380.0,384.0,375.5,379.0,52438,-0.79,19922402.2
NICA,2025-03-12,380.0,384.0,379.1,384.0,37447,1.32,14299389.4
NICA,2025-03-16,381.0,389.7,375.0,378.0,47059,-1.56,17836859.5
NICA,2025-03-17,379.0,382.0,374.0,376.0,52266,-0.53,19641950.2
NICA,2025-03-18,383.0,383.0,372.0,374.9,46712,-0.29,17458101.4
NICA,2025-03-19,375.0,376.0,371.5,372.1,28240,-0.75,10537317.1
NICA,2025-03-20,373.6,375.0,370.0,371.31,26250,-0.21,9744625.3
NICA,2025-03-23,371.0,375.0,364.0,365.0,58246,-1.7,21344955.9
NICA,2025-03-24,372.0,372.0,360.2,369.08,31813,1.12,11724152.8
NICA,2025-03-25,376.4,376.4,362.0,362.76,56734,-1.71,20655964.8
NICA,2025-03-26,360.0,369.8,359.0,366.94,66232,1.15,24030589.3
NICA,2025-03-27,374.2,374.2,365.0,369.68,42064,0.75,15544120.3
NICA,2025-03-30,370.0,381.9,370.0,376.42,43372,1.82,16375068.8
NICA,2025-04-01,375.0,379.0,369.0,371.77,35751,-1.24,13329835.2
NICA,2025-04-02,379.2,379.2,368.6,372.08,22972,0.08,8545495.8
NICA,2025-04-03,373.0,409.0,371.0,378.09,78106,1.62,29756953.8
NICA,2025-04-07,380.0,384.0,375.0,376.82,39850,-0.34,15061937.1
NICA,2025-04-08,374.0,374.9,370.0,372.49,37140,-1.15,13801058.4
NICA,2025-04-09,374.0,378.5,373.0,375.1,18012,0.7,6750227.7
NICA,2025-04-10,375.0,379.0,375.0,377.54,38690,0.65,14581737.4
NICA,2025-04-13,378.0,379.9,371.0,376.04,39615,-0.4,14885391.6
NICA,2025-04-15,383.0,383.0,375.4,378.78,28213,0.73,10695139.3
NICA,2025-04-16,385.0,385.0,377.0,377.87,26891,-0.24,10165385.0
NICA,2025-04-17,379.0,385.0,378.0,383.07,59899,1.38,22887199.6
NICA,2025-04-20,375.5,375.5,369.0,369.81,122259,-3.46,45413718.4
NICA,2025-04-21,370.0,370.0,362.8,363.72,128678,-1.65,47123111.3
NICA,2025-04-22,364.0,367.4,361.6,365.22,62793,0.41,22878594.2
NICA,2025-04-23,365.0,365.0,357.0,358.22,81937,-1.92,29481572.0
NICA,2025-04-24,351.1,363.0,351.1,357.67,47357,-0.15,16911588.3
NICA,2025-04-27,355.5,361.0,353.0,354.09,67402,-1.0,23908041.7
NICA,2025-04-28,358.0,358.0,350.2,352.89,64893,-0.34,22851180.0
NICA,2025-04-29,353.0,354.1,350.0,351.57,63441,-0.37,22291994.2
NICA,2025-04-30,350.3,351.0,346.3,346.84,119600,-1.35,41596006.1
NICA,2025-05-04,350.0,352.5,346.0,349.46,42458,0.76,14833415.4
NICA,2025-05-05,350.0,351.0,344.0,348.79,91034,-0.19,31446690.3
NICA,2025-05-06,350.0,350.0,342.1,344.23,61181,-1.31,21072613.9
NICA,2025-05-07,342.0,360.0,340.1,358.27,51281,4.08,17910366.3
NICA,2025-05-08,359.0,359.0,347.0,352.29,84006,-1.67,29467684.0
NICA,2025-05-11,345.3,359.0,345.3,349.98,55925,-0.66,19630604.6
NICA,2025-05-13,350.0,352.0,344.0,347.21,69156,-0.79,23945061.6
NICA,2025-05-14,346.0,351.0,345.3,346.24,27056,-0.28,9387814.0
NICA,2025-05-15,346.0,348.0,339.9,341.58,143396,-1.35,48950682.0
NICA,2025-05-18,343.8,343.8,335.5,337.51,111931,-1.19,37864933.3
NICA,2025-05-19,338.0,344.0,336.0,340.13,76308,0.78,25907663.6
NICA,2025-05-20,340.0,344.9,337.0,341.04,129948,0.27,44233760.9
NICA,2025-05-21,347.8,361.0,343.0,344.08,124236,0.89,43468847.8
NICA,2025-05-22,350.0,378.4,344.0,370.91,388565,7.8,140400614.7
NICA,2025-05-25,370.0,377.4,359.2,364.6,154179,-1.7,56447346.7
NICA,2025-05-26,371.8,379.0,354.5,362.83,226738,-0.49,82686150.9
NICA,2025-05-27,357.1,364.0,355.0,361.45,43915,-0.38,15805395.0
NICA,2025-05-28,356.0,376.9,356.0,371.62,310444,2.81,113198808.2
NICA,2025-06-02,376.0,382.5,366.0,369.69,151086,-0.52,56438137.6
NICA,2025-06-03,370.0,370.0,354.0,360.12,127629,-2.59,45940798.5
NICA,2025-06-04,355.1,359.0,352.1,353.97,80718,-1.71,28617957.0
NICA,2025-06-05,351.1,357.0,350.0,353.75,84068,-0.06,29643771.7
NICA,2025-06-08,350.0,361.0,348.0,348.67,68124,-1.44,23905524.3
NICA,2025-06-09,348.0,351.9,345.0,349.81,109064,0.33,37908747.0
NICA,2025-06-10,351.0,352.0,345.0,350.1,125344,0.08,43753231.2
NICA,2025-06-11,355.0,355.0,347.2,347.71,60834,-0.68,21229420.1
NICA,2025-06-12,345.0,350.0,345.0,347.74,54077,0.01,18781260.9
NICA,2025-06-15,348.5,349.0,344.0,344.15,57297,-1.03,19804058.6
NICA,2025-06-16,342.2,347.9,342.0,344.81,66024,0.19,22775700.9
NICA,2025-06-17,345.0,351.0,340.0,342.68,52555,-0.62,18003104.2
NICA,2025-06-18,340.5,348.0,340.5,341.66,73017,-0.3,24984089.5
NICA,2025-06-19,344.9,345.9,337.2,340.63,177028,-0.3,59969152.0
NICA,2025-06-22,333.9,345.0,333.9,337.67,74852,-0.87,25309362.4
NICA,2025-06-23,335.5,343.4,333.0,337.54,36751,-0.04,12414497.1
NICA,2025-06-24,344.0,345.0,335.0,335.39,117512,-0.64,39638521.0
NICA,2025-06-25,338.5,340.9,335.3,338.68,62197,0.98,21065787.0
NICA,2025-06-26,340.0,341.0,336.0,337.42,37902,-0.37,12803881.9
NICA,2025-06-29,340.0,345.0,335.0,343.92,64107,1.93,21745989.1
NICA,2025-06-30,340.1,345.0,338.0,340.78,58312,-0.91,19850622.5
NICA,2025-07-01,339.2,350.0,338.2,346.22,75776,1.6,25905407.5
NICA,2025-07-02,352.0,353.9,343.6,352.39,99579,1.78,34692258.3
NICA,2025-07-03,355.0,363.0,347.0,360.53,134444,2.31,47800177.6
NICA,2025-07-06,360.0,360.5,353.5,355.23,87837,-1.47,31279564.3
NICA,2025-07-07,352.0,354.9,347.0,347.77,65015,-2.1,22789430.7
NICA,2025-07-08,349.5,351.0,342.4,346.83,48932,-0.27,16998783.0
NICA,2025-07-09,350.0,365.0,347.4,360.46,164992,3.93,58850780.4
NICA,2025-07-10,367.6,375.0,363.0,368.59,268028,2.26,98822166.8
NICA,2025-07-13,375.9,405.4,375.9,405.4,935652,9.99,371499032.0
NICA,2025-07-14,413.5,413.5,400.0,404.59,591115,-0.2,239002343.0
NICA,2025-07-15,405.0,416.5,391.1,413.64,752172,2.24,303137632.1
NICA,2025-07-16,415.0,426.0,410.5,420.05,652885,1.55,274327020.2
NICA,2025-07-17,428.4,428.4,414.0,418.72,613888,-0.32,256975172.1
NICA,2025-07-20,420.0,420.0,404.0,405.83,774408,-3.08,317619954.1
NICA,2025-07-21,404.5,412.0,400.3,410.35,314794,1.11,127967454.2
NICA,2025-07-22,410.0,418.0,406.0,416.42,379370,1.48,156024594.9
NICA,2025-07-23,417.0,417.0,407.1,410.62,264074,-1.39,108423815.0
NICA,2025-07-24,418.8,418.8,403.0,404.97,211844,-1.38,85930783.2
NICA,2025-07-27,407.0,412.0,398.9,400.35,357867,-1.14,144792585.5
NICA,2025-07-28,400.0,403.0,388.7,396.3,416122,-1.01,163714234.0
NICA,2025-07-29,403.0,410.0,395.0,400.89,308929,1.16,124476292.8
NICA,2025-07-30,405.0,406.7,388.0,390.2,189372,-2.67,74779345.5
NICA,2025-07-31,390.0,396.9,383.5,386.43,170007,-0.97,66167915.9
NICA,2025-08-03,386.0,388.0,381.0,381.91,146401,-1.17,56051636.6
NICA,2025-08-04,388.7,399.0,385.0,395.76,275662,3.63,108183779.4
NICA,2025-08-05,403.5,403.5,385.9,386.38,168482,-2.37,66054248.8
NICA,2025-08-06,391.0,391.0,385.0,385.51,63156,-0.23,24412473.7
NICA,2025-08-07,392.8,392.8,383.0,384.68,83056,-0.22,32003820.7
NICA,2025-08-11,389.0,392.0,381.1,381.26,101169,-0.89,38902186.4
NICA,2025-08-12,385.0,385.0,376.1,376.92,59057,-1.14,22363141.3
NICA,2025-08-13,380.0,380.0,370.0,370.48,85556,-1.71,31991359.1
NICA,2025-08-14,371.8,371.9,363.1,365.66,88358,-1.3,32407300.6
NICA,2025-08-17,358.4,358.4,340.0,348.64,256794,-4.65,90033152.6
NICA,2025-08-18,350.0,351.0,344.5,348.23,103749,-0.12,36139739.7
NICA,2025-08-19,348.5,355.1,348.1,350.65,83058,0.69,29263547.3
NICA,2025-08-20,353.0,356.0,350.0,351.12,58516,0.13,20575102.7
NICA,2025-08-21,350.1,353.9,348.0,348.38,47481,-0.78,16616877.5
NICA,2025-08-24,348.2,349.5,343.0,343.56,94633,-1.38,32680795.7
NICA,2025-08-25,343.0,345.0,337.0,344.34,76387,0.23,26129868.7
NICA,2025-08-26,349.9,349.9,344.0,344.53,34295,0.06,11850669.8
NICA,2025-08-27,351.4,352.9,345.2,351.44,75720,2.01,26464709.2
NICA,2025-08-28,352.0,355.0,350.0,351.32,63594,-0.03,22397074.1
NICA,2025-08-31,352.0,353.0,345.0,346.46,31039,-1.38,10759272.7
NICA,2025-09-01,353.3,353.3,341.0,350.02,62119,1.03,21489767.6
NICA,2025-09-02,357.0,357.0,345.0,345.15,45243,-1.39,15760942.6
NICA,2025-09-03,346.5,346.8,344.0,344.79,22544,-0.1,7786264.7
NICA,2025-09-04,341.3,345.0,341.3,344.18,46045,-0.18,15781524.1
NICA,2025-09-07,338.0,344.7,338.0,341.54,33752,-0.77,11540652.0
NICA,2025-09-08,341.0,342.0,338.5,339.78,51679,-0.52,17561190.5
NICA,2025-09-18,333.0,333.0,308.7,314.0,7459,-7.59,2375434.6
NICA,2025-09-21,310.5,332.4,310.5,331.42,108087,5.55,35357788.5
NICA,2025-09-23,335.0,338.9,333.0,336.8,49990,1.62,16776510.5
NICA,2025-09-24,337.0,338.4,331.0,334.0,31306,-0.83,10432191.2
NICA,2025-09-25,330.1,336.7,330.1,331.2,24603,-0.84,8184953.0
NICA,2025-09-28,335.0,337.0,333.0,334.0,31511,0.85,10522752.9
NICA,2025-10-07,332.0,335.0,326.4,330.2,38679,-1.14,12774584.7
NICA,2025-10-08,331.5,331.5,318.0,321.0,81048,-2.79,26122021.5
NICA,2025-10-09,327.4,345.0,326.1,328.0,35932,2.18,11850764.0
NICA,2025-10-12,329.0,329.0,318.0,321.0,61096,-2.13,19597769.5
NICA,2025-10-13,327.0,327.0,320.0,322.0,43486,0.31,14002986.3
NICA,2025-10-14,322.0,324.5,316.0,316.7,36339,-1.65,11579222.9
NICA,2025-10-15,316.0,319.0,315.0,317.0,28907,0.09,9155075.2
NICA,2025-10-16,319.0,319.0,314.0,314.1,33027,-0.91,10410928.7
NICA,2025-10-19,314.0,320.0,313.6,314.1,18515,0.0,5851907.9
NICA,2025-10-26,312.1,316.0,312.0,316.0,25544,0.6,8010771.8
NICA,2025-10-28,316.0,327.0,316.0,324.0,39389,2.53,12720536.9
NICA,2025-10-29,329.7,329.7,317.1,319.0,41189,-1.54,13195625.3
NICA,2025-10-30,316.0,323.9,312.0,321.0,30393,0.63,9691715.8
NICA,2025-11-02,327.4,327.5,320.2,323.9,68588,0.9,22212479.3
NICA,2025-11-03,324.0,330.0,321.2,324.0,43294,0.03,14103738.8
NICA,2025-11-04,324.0,328.0,320.0,321.0,38008,-0.93,12279041.4
NICA,2025-11-05,322.0,325.0,319.1,322.5,28471,0.47,9159963.8
NICA,2025-11-06,322.0,326.9,320.5,322.0,31827,-0.16,10313274.6
NICA,2025-11-09,320.0,320.0,315.0,316.2,57077,-1.8,18076491.1
NICA,2025-11-10,316.0,319.9,311.0,315.9,46722,-0.09,14658851.6
NICA,2025-11-11,319.0,319.0,311.5,312.2,42493,-1.17,13305285.5
NICA,2025-11-12,312.4,316.4,311.5,311.8,31341,-0.13,9803660.5
NICA,2025-11-13,312.0,314.0,308.2,308.9,46844,-0.93,14500379.0
NICA,2025-11-16,308.9,312.0,307.2,308.3,25022,-0.19,7714727.8
NICA,2025-11-17,308.0,310.0,307.0,307.5,43796,-0.26,13479927.8
NICA,2025-11-18,306.3,309.6,306.3,309.0,34492,0.49,10632873.0
NICA,2025-11-19,311.9,311.9,305.7,306.9,35247,-0.68,10805225.2
NICA,2025-11-20,306.1,307.5,304.5,306.4,47593,-0.16,14543739.9
NICA,2025-11-23,312.2,312.2,307.0,309.0,52221,0.85,16121273.8
NICA,2025-11-24,309.0,316.9,309.0,316.9,87011,2.56,27332755.8
NICA,2025-11-25,316.9,320.0,312.1,320.0,45468,0.98,14348839.9
NICA,2025-11-26,315.0,335.0,315.0,326.0,98559,1.88,31992593.3
NICA,2025-11-27,328.9,343.1,321.0,334.9,199986,2.73,67177851.7
NICA,2025-11-30,337.2,340.0,328.0,330.0,77227,-1.46,25656482.2
NICA,2025-12-01,328.0,330.9,323.4,324.0,60641,-1.82,19713415.1
NICA,2025-12-02,322.0,327.0,317.1,326.9,60134,0.9,19319826.1
NICA,2025-12-03,322.9,328.7,319.5,320.0,29618,-2.11,9558331.1
NICA,2025-12-07,316.5,321.0,315.0,315.8,47682,-1.31,15092782.5
NICA,2025-12-08,314.0,319.0,314.0,317.0,27639,0.38,8756692.3
NICA,2025-12-09,321.0,321.0,315.6,316.1,26045,-0.28,8252847.2
NICA,2025-12-10,319.9,319.9,315.0,316.2,34740,0.03,10996213.3
NICA,2025-12-11,316.0,318.5,315.5,316.0,28406,-0.06,8994886.4
NICA,2025-12-14,320.0,320.0,315.3,317.0,47378,0.32,15001525.9
NICA,2025-12-15,316.1,330.2,316.0,328.0,152335,3.47,49447945.9
NICA,2025-12-16,331.9,331.9,323.5,326.0,40675,-0.61,13255172.1
NICA,2025-12-17,325.0,327.9,321.0,323.0,31340,-0.92,10169995.8
NICA,2025-12-18,322.0,324.0,316.6,317.0,64599,-1.86,20569592.5
NICA,2025-12-21,318.0,320.0,315.2,317.0,26822,0.0,8519141.3
NICA,2025-12-22,315.2,319.0,310.0,315.4,62478,-0.5,19643115.0
NICA,2025-12-23,312.8,319.0,312.8,318.0,33536,0.82,10608584.0
NICA,2025-12-24,319.0,322.9,316.5,321.0,35797,0.94,11445368.3
NICA,2025-12-28,324.0,336.0,320.6,335.0,131308,4.36,43128391.2
NICA,2025-12-29,335.0,335.0,324.0,325.0,56073,-2.99,18382999.4
NICA,2025-12-31,327.0,332.0,324.6,327.0,45656,0.62,14965752.8
NICA,2026-01-01,332.9,332.9,322.2,324.8,25445,-0.67,8274144.9
NICA,2026-01-04,331.2,356.0,331.0,344.0,634749,5.91,219417898.3
NICA,2026-01-05,350.0,355.5,344.2,352.3,226433,2.41,79107162.8
NICA,2026-01-06,355.0,359.0,351.0,353.1,147211,0.23,52224391.8
NICA,2026-01-07,354.0,354.0,343.8,343.8,135639,-2.63,46927978.8
NICA,2026-01-08,337.0,349.0,337.0,345.9,92775,0.61,32145834.8
NICA,2026-01-12,346.0,348.9,339.0,339.1,63530,-1.97,21718026.4
NICA,2026-01-13,332.4,373.0,332.4,338.0,142207,-0.32,48110679.2
NICA,2026-01-14,331.3,342.0,331.3,334.2,87141,-1.12,29278769.1
NICA,2026-01-18,339.7,347.0,335.0,339.0,163190,1.44,55502172.6
NICA,2026-01-20,332.5,350.0,332.5,346.0,141100,2.06,48859694.4
NICA,2026-01-21,348.0,348.0,340.0,342.0,91181,-1.16,31278407.9
NICA,2026-01-22,347.9,347.9,337.0,341.9,71540,-0.03,24282898.9
NICA,2026-01-25,343.9,355.0,340.0,351.2,164488,2.72,57106724.3
NICA,2026-01-26,356.9,365.0,347.7,356.0,250861,1.37,88805399.9
NICA,2026-01-27,355.0,362.0,346.0,347.0,108099,-2.53,38057967.9
NICA,2026-01-28,344.2,350.0,344.0,345.9,75584,-0.32,26161201.0
NICA,2026-01-29,340.0,343.0,337.0,337.3,106393,-2.49,36152038.9
NICA,2026-02-01,334.0,338.0,330.5,330.5,88265,-2.02,29373917.1
NICA,2026-02-02,330.5,338.0,330.5,334.0,39025,1.06,12973459.3
NICA,2026-02-03,337.0,337.8,321.5,328.0,106817,-1.8,35010819.3
NICA,2026-02-04,322.0,332.9,322.0,326.0,69033,-0.61,22530574.0
NICA,2026-02-05,327.0,329.9,325.0,327.7,55997,0.52,18354187.2
NICA,2026-02-08,333.9,333.9,327.3,328.7,48970,0.31,16122325.0
NICA,2026-02-09,328.2,328.2,322.2,323.0,114234,-1.73,36994763.0
NICA,2026-02-10,327.9,327.9,320.5,322.0,74460,-0.31,23948731.6
NICA,2026-02-11,315.6,328.0,315.6,320.9,72607,-0.34,23379514.7
NICA,2026-02-12,320.8,330.0,320.1,329.9,195633,2.8,64117459.4
NICA,2026-02-16,330.0,330.0,324.2,325.9,25760,-1.21,8386080.3
NICA,2026-02-17,324.2,330.0,322.0,323.0,145521,-0.89,47176032.3
NICA,2026-02-22,325.0,327.5,320.4,321.0,34856,-0.62,11214035.4
NICA,2026-02-23,321.0,324.5,320.0,322.0,53331,0.31,17153651.6
NICA,2026-02-24,322.0,326.9,321.0,323.7,24034,0.53,7762089.0
NICA,2026-02-25,322.0,326.0,322.0,322.3,32708,-0.43,10560127.2
NICA,2026-02-26,328.7,328.7,322.8,325.0,29539,0.84,9563016.6
NICA,2026-03-01,325.0,329.5,322.0,329.5,42373,1.38,13845220.0
NICA,2026-03-03,336.0,338.0,327.5,334.9,55876,1.64,18709202.9
NICA,2026-03-09,341.5,355.2,341.5,355.2,690,6.06,239937.0
NICA,2026-03-10,360.0,360.0,339.0,349.7,338163,-1.55,116970808.6
NICA,2026-03-11,352.0,352.0,341.0,344.0,110266,-1.63,38016131.3
NICA,2026-03-12,339.0,356.4,338.2,349.7,179017,1.66,62568382.9
NICA,2026-03-15,354.7,354.7,345.0,348.5,100898,-0.34,35128683.3
NICA,2026-03-16,345.5,347.0,341.6,342.6,70422,-1.69,24237238.7
NICA,2026-03-17,339.7,347.0,338.0,345.0,64570,0.7,22052790.6
NICA,2026-03-19,346.0,367.0,346.0,366.0,326932,6.09,116860750.4
NICA,2026-03-22,370.0,390.0,367.1,389.0,515134,6.28,194808254.9
NICA,2026-03-23,396.7,396.7,376.0,389.0,314867,0.0,120700854.1
NICA,2026-03-24,389.0,411.0,377.4,394.0,585324,1.29,228075730.0
NICA,2026-03-25,387.0,404.9,387.0,398.0,498555,1.02,198083967.4
NICA,2026-03-26,398.0,402.0,390.0,401.0,321458,0.75,128197133.0
NICA,2026-03-29,401.0,401.0,383.7,383.7,444715,-4.31,174266448.7
NICA,2026-03-30,383.6,388.0,370.0,370.6,309907,-3.41,117259877.5
NICA,2026-03-31,371.0,387.6,365.0,380.2,294429,2.59,111093027.7
NICA,2026-04-01,387.8,387.8,372.5,374.0,220782,-1.63,83323335.4
NICA,2026-04-02,374.0,381.4,367.3,376.9,195379,0.78,73154676.7
NICA,2026-04-05,371.0,371.0,352.1,353.0,302502,-6.34,109112849.9
NICA,2026-04-06,357.0,375.0,355.0,373.5,157316,5.81,57779717.9
NICA,2026-04-07,374.8,377.0,364.0,375.0,120597,0.4,44680664.0
NICA,2026-04-08,370.0,379.8,368.0,379.0,282931,1.07,106024776.5
NICA,2026-04-09,378.0,382.9,375.0,375.0,154661,-1.06,58658590.5
NICA,2026-04-10,382.5,382.5,367.6,369.1,135801,-1.57,50355430.7
NICA,2026-04-13,363.0,372.0,363.0,370.0,70305,0.24,25821505.2
NICA,2026-04-15,370.0,382.0,370.0,376.5,168998,1.76,63714059.7
NICA,2026-04-16,379.0,379.0,371.2,371.6,32826,-1.3,12224739.0
NICA,2026-04-17,365.1,374.0,365.1,366.3,115093,-1.43,42526928.6
NICA,2026-04-20,360.0,370.0,360.0,362.0,67632,-1.17,24422683.2
NICA,2026-04-21,362.0,365.0,358.3,360.0,51180,-0.55,18476961.0
NICA,2026-04-22,360.0,368.0,352.1,364.5,120256,1.25,43384117.5
NICA,2026-04-23,364.0,368.0,357.0,361.0,23161,-0.96,8354283.6
NICA,2026-04-24,361.0,365.0,351.2,361.2,73243,0.06,26328788.9
NICA,2026-04-27,361.2,383.0,360.0,375.0,121835,3.82,44879846.3
NICA,2026-04-28,370.0,370.0,355.0,359.0,125197,-4.27,45345682.3
NICA,2026-04-29,359.0,359.0,349.0,359.0,86667,0.0,30769359.2
NICA,2026-04-30,355.0,359.0,350.1,358.0,62652,-0.28,22123788.4
NICA,2026-05-04,375.0,375.0,359.2,359.4,327440,0.39,118931432.9
NICA,2026-05-05,365.0,371.5,360.0,365.0,127364,1.56,46416631.9
NICA,2026-05-06,373.0,373.0,359.0,361.0,61864,-1.1,22362194.4
NICA,2026-05-07,360.1,365.0,356.0,356.0,139029,-1.39,50011604.1
NICA,2026-05-08,364.0,364.0,353.6,356.7,65272,0.2,23194558.6
NICA,2026-05-11,362.0,365.0,355.3,364.8,115151,2.27,41474861.6
NICA,2026-05-12,364.0,364.9,354.3,355.8,102639,-2.47,36697486.1
NICA,2026-05-13,356.0,357.9,350.1,354.9,45191,-0.25,15957091.6
NICA,2026-05-14,358.9,358.9,350.3,351.9,26336,-0.85,9273725.0
NICA,2026-05-15,335.0,360.0,335.0,352.0,60201,0.03,21146524.4
NICA,2026-05-18,355.0,355.0,348.8,349.0,56092,-0.85,19640580.7
NICA,2026-05-19,348.6,354.8,346.0,347.0,42771,-0.57,14871693.0
NICA,2026-05-20,348.0,351.9,345.0,351.0,45856,1.15,16058815.5
NICA,2026-05-21,351.0,357.9,350.0,351.5,16453,0.14,5774012.7
NICA,2026-05-22,353.0,353.0,346.0,352.5,58510,0.28,20421605.7
NICA,2026-05-25,365.0,365.0,345.0,356.0,37190,0.99,13209899.4
NICA,2026-05-26,358.9,358.9,340.0,347.3,108822,-2.44,37812557.7
NICA,2026-05-27,354.0,354.0,349.0,350.5,56407,0.92,19837004.2
NICA,2026-06-01,348.0,354.0,338.2,344.1,111231,-1.83,38262047.8
NICA,2026-06-02,348.0,348.0,343.0,346.1,47782,0.58,16546635.2
NICA,2026-06-03,363.4,363.4,345.0,353.2,61136,2.05,21460551.3
NICA,2026-06-04,354.9,354.9,350.0,350.3,32020,-0.82,11251946.1
NICA,2026-06-05,347.2,350.9,345.0,346.0,63840,-1.23,22155269.0
NICA,2026-06-08,328.7,350.2,328.7,341.5,62930,-1.3,21565029.7
NICA,2026-06-09,343.0,349.9,336.0,344.0,65374,0.73,22268430.9
NICA,2026-06-10,327.0,348.0,327.0,343.0,34778,-0.29,11955596.0
NICA,2026-06-11,343.0,343.9,340.0,342.0,29425,-0.29,10037592.8
NICA,2026-06-12,341.9,342.7,339.0,340.0,36575,-0.58,12455109.3
NICA,2026-06-15,340.0,342.0,338.0,338.3,41635,-0.5,14124018.7
NICA,2026-06-16,337.5,340.0,335.8,335.9,43787,-0.71,14753532.7
NICA,2026-06-17,320.0,341.0,320.0,335.0,63723,-0.27,21352124.4
NICA,2026-06-18,336.0,338.0,333.0,333.1,40859,-0.57,13663323.1
NICA,2026-06-19,349.7,349.7,332.0,337.8,70436,1.41,23539906.8
NICA,2026-06-22,337.8,338.0,333.1,334.9,42306,-0.86,14159334.9
NICA,2026-06-23,318.2,335.0,318.2,332.0,64306,-0.87,21330812.9
NICA,2026-06-24,330.5,333.0,328.0,331.0,62959,-0.3,20785287.6
NICA,2026-06-25,330.2,333.0,328.0,331.0,46876,0.0,15420833.9
NICA,2026-06-26,333.0,335.0,329.0,331.9,25518,0.27,8471099.9
NICA,2026-06-29,330.1,330.1,325.0,328.3,36913,-1.08,12075470.6
NICA,2026-06-30,330.0,330.0,325.0,327.1,30707,-0.37,10028860.7
NICA,2026-07-01,323.2,336.0,323.2,333.9,43504,2.08,14426842.3
NICA,2026-07-02,334.0,345.0,331.0,344.0,45178,3.02,15218371.9
NICA,2026-07-03,340.0,344.0,335.1,335.1,32743,-2.59,11096763.9
NICA,2026-07-06,343.0,343.0,333.0,334.0,40166,-0.33,13435656.4
NICA,2026-07-07,334.0,342.0,333.0,340.0,50145,1.8,16836978.3
NICA,2026-07-08,336.0,336.2,328.1,332.0,55337,-2.35,18394261.7
NICA,2026-07-09,330.0,332.8,328.0,329.9,32553,-0.63,10747942.7
NICA,2026-07-10,313.5,336.0,313.5,326.7,65546,-0.97,21529034.9
NICA,2026-07-13,330.0,330.0,320.0,323.4,41983,-1.01,13544210.6
NICA,2026-07-14,329.0,329.0,320.0,324.2,24358,0.25,7875072.3
NICA,2026-07-15,330.0,331.0,321.1,329.9,29988,1.76,9750741.5
NICA,2026-07-16,330.0,331.0,325.0,325.1,21138,-1.45,6926183.0
NICA,2026-07-17,331.0,341.9,327.0,339.7,43198,4.49,14423610.0
NICA,2026-07-20,323.0,348.0,323.0,342.1,73386,0.71,25121794.2
NICA,2026-07-21,325.0,349.0,325.0,342.0,56528,-0.03,19364349.1
NICA,2026-07-22,342.0,343.0,336.2,340.9,45184,-0.32,15386691.1
NICA,2026-07-23,324.0,349.0,324.0,341.0,32463,0.03,10960211.2
NICA,2026-07-24,334.2,349.5,334.2,344.2,91081,0.94,31497386.8
NICA,2026-07-27,344.0,353.5,337.0,340.0,138033,-1.22,47617496.7
NICA,2026-07-28,340.0,342.5,332.0,340.0,89521,0.0,30132749.1
NICA,2026-07-29,345.0,345.0,335.0,338.9,37161,-0.32,12537510.6
NICA,2026-07-30,322.0,351.7,322.0,339.9,40428,0.3,13635510.3
NICA,2026-07-31,335.0,340.0,335.0,336.1,26479,-1.12,8932741.3
NICA,2026-08-03,320.0,356.3,320.0,337.9,49827,0.54,16776771.0
NICA,2026-08-04,354.7,354.7,330.0,330.0,65240,-2.34,21655072.8
NICA,2026-08-05,346.5,346.5,313.5,329.1,49029,-0.27,16185634.1
NICA,2026-08-06,329.2,332.0,325.0,327.9,69912,-0.36,22836619.3
NICA,2026-08-07,327.0,327.0,325.0,326.0,43627,-0.58,14197388.9
NICA,2026-08-10,326.0,326.9,325.0,325.0,25167,-0.31,8196710.2
NICA,2026-08-11,325.0,328.0,325.0,326.0,25681,0.31,8370365.3
NICA,2026-08-12,330.0,334.0,325.0,325.1,31814,-0.28,10385643.1
NICA,2026-08-13,326.0,327.0,323.2,325.0,30045,-0.03,9768393.8
NICA,2026-08-14,325.0,325.0,322.0,324.4,34884,-0.18,11287804.9
NICA,2026-08-17,320.0,324.8,319.1,320.0,64199,-1.36,20603064.1
NICA,2026-08-18,320.0,320.0,315.0,315.0,83475,-1.56,26422109.3
NICA,2026-08-19,316.0,317.3,314.1,315.7,64786,0.22,20437438.5
NICA,2026-08-20,308.0,317.0,308.0,313.6,64478,-0.67,20264162.6
NICA,2026-08-21,312.9,315.1,312.9,314.0,53856,0.13,16890721.4
NICA,2026-08-24,314.0,315.0,310.1,311.0,50912,-0.96,15881671.5
NICA,2026-08-25,310.1,312.2,308.0,308.3,48486,-0.87,15017585.7
NICA,2026-08-26,308.0,310.0,306.1,308.0,62038,-0.1,19056848.2
NICA,2026-08-27,306.0,310.0,305.2,308.1,36729,0.03,11322074.7
NRIC,2021-08-31,1564.6,1564.6,1491.0,1492.9,138704,-2.68,208452999.9
NRIC,2021-09-01,1500.0,1519.0,1475.2,1483.0,100907,-0.66,150965373.2
NRIC,2021-09-02,1505.0,1519.0,1445.0,1452.0,107898,-2.09,158537737.7
NRIC,2021-09-05,1481.0,1481.0,1395.0,1402.0,126717,-3.44,179134395.5
NRIC,2021-09-06,1402.0,1494.0,1390.0,1494.0,99426,6.56,142974731.5
NRIC,2021-09-07,1523.8,1523.8,1439.0,1469.0,67984,-1.67,99351019.0
NRIC,2021-09-08,1498.3,1498.3,1425.0,1437.0,85537,-2.18,123416791.2
NRIC,2021-09-09,1465.7,1465.7,1431.0,1435.0,53947,-0.14,77799452.2
NRIC,2021-09-12,1463.7,1490.0,1440.0,1445.1,65289,0.7,95005509.9
NRIC,2021-09-13,1474.0,1474.0,1435.1,1436.0,56469,-0.63,81728630.0
NRIC,2021-09-14,1460.0,1460.0,1430.0,1440.0,33867,0.28,48632598.2
NRIC,2021-09-15,1440.0,1445.0,1417.0,1421.0,43542,-1.32,62090755.1
NRIC,2021-09-16,1421.0,1421.0,1381.0,1390.1,89722,-2.17,125001821.1
NRIC,2021-09-20,1417.9,1417.9,1335.0,1336.0,92316,-3.89,124743624.7
NRIC,2021-09-21,1336.0,1390.0,1310.1,1344.0,85491,0.6,114741981.4
NRIC,2021-09-22,1370.0,1391.0,1355.0,1383.5,58289,2.94,80223059.1
NRIC,2021-09-23,1400.0,1415.0,1350.0,1358.0,61506,-1.84,85002342.6
NRIC,2021-09-26,1378.0,1378.0,1330.0,1332.0,49820,-1.91,66814328.0
NRIC,2021-09-27,1354.0,1354.0,1290.0,1302.0,69557,-2.25,90414259.7
NRIC,2021-09-28,1302.0,1310.0,1253.0,1261.0,75133,-3.15,96135267.5
NRIC,2021-09-29,1278.0,1300.0,1236.0,1285.0,52233,1.9,66206775.1
NRIC,2021-09-30,1290.0,1350.0,1284.0,1316.0,71229,2.41,94035837.0
NRIC,2021-10-03,1342.3,1342.3,1284.0,1288.0,47453,-2.13,61711851.1
NRIC,2021-10-04,1282.3,1307.5,1264.0,1294.0,39146,0.47,50473910.8
NRIC,2021-10-05,1278.0,1320.0,1278.0,1315.0,41043,1.62,53576395.2
NRIC,2021-10-06,1325.0,1340.0,1300.0,1329.9,44312,1.13,58660411.9
NRIC,2021-10-10,1347.0,1348.0,1298.0,1305.0,32768,-1.87,43171202.3
NRIC,2021-10-11,1329.0,1329.0,1275.0,1280.0,47550,-1.92,61135691.2
NRIC,2021-10-17,1305.6,1316.9,1280.0,1289.0,15507,0.7,20044564.0
NRIC,2021-10-18,1286.0,1286.0,1250.2,1266.0,32793,-1.78,41481442.6
NRIC,2021-10-19,1245.3,1247.0,1203.5,1218.0,51945,-3.79,63396022.8
NRIC,2021-10-20,1240.0,1267.0,1225.0,1235.0,24644,1.4,30642599.2
NRIC,2021-10-21,1240.0,1253.0,1218.1,1225.0,22413,-0.81,27566447.6
NRIC,2021-10-24,1212.0,1244.0,1200.0,1226.0,29929,0.08,36735140.6
NRIC,2021-10-25,1240.0,1280.0,1226.0,1266.1,34730,3.27,43650941.0
NRIC,2021-10-26,1280.0,1344.9,1270.0,1338.0,59151,5.68,77789389.4
NRIC,2021-10-27,1359.0,1394.0,1314.0,1379.0,66850,3.06,90748964.7
NRIC,2021-10-28,1385.0,1390.0,1353.0,1385.0,32366,0.44,44486654.7
NRIC,2021-10-31,1390.0,1419.9,1372.0,1404.5,61015,1.41,85424516.1
NRIC,2021-11-01,1425.0,1428.0,1370.0,1383.0,64278,-1.53,89955878.0
NRIC,2021-11-02,1370.0,1519.0,1333.0,1503.0,147687,8.68,213408406.4
NRIC,2021-11-03,1533.0,1590.0,1499.4,1508.0,122001,0.33,186372229.2
NRIC,2021-11-08,1533.0,1533.0,1461.0,1468.0,74083,-2.65,109714360.3
NRIC,2021-11-09,1460.0,1460.0,1380.0,1399.0,118610,-4.7,166849089.1
NRIC,2021-11-11,1397.0,1397.0,1350.0,1355.0,58383,-3.15,79747207.4
NRIC,2021-11-14,1355.0,1382.0,1337.0,1360.0,30443,0.37,41511409.3
NRIC,2021-11-15,1372.0,1398.0,1371.0,1389.0,27114,2.13,37491543.3
NRIC,2021-11-16,1389.0,1410.0,1377.0,1401.0,34228,0.86,47841375.5
NRIC,2021-11-17,1429.0,1445.0,1401.0,1407.0,54722,0.43,77907040.1
NRIC,2021-11-18,1400.0,1420.0,1378.0,1379.0,33011,-1.99,46133327.0
NRIC,2021-11-21,1371.1,1399.0,1365.0,1378.0,29116,-0.07,40026298.5
NRIC,2021-11-22,1389.0,1405.0,1380.0,1387.0,19785,0.65,27501655.2
NRIC,2021-11-23,1387.0,1388.0,1355.1,1365.0,29613,-1.59,40632632.7
NRIC,2021-11-24,1350.0,1382.0,1350.0,1362.0,29142,-0.22,39663586.6
NRIC,2021-11-25,1370.0,1390.0,1312.0,1366.0,45384,0.29,61474118.0
NRIC,2021-11-28,1370.1,1410.0,1338.7,1365.0,171267,-0.07,234806147.9
NRIC,2021-11-29,1365.0,1388.0,1333.0,1340.0,54821,-1.83,74543382.4
NRIC,2021-11-30,1343.0,1366.0,1320.0,1344.0,33510,0.3,44917650.5
NRIC,2021-12-01,1350.0,1363.0,1336.0,1336.1,19890,-0.59,26715233.1
NRIC,2021-12-02,1354.0,1354.0,1280.0,1299.7,63038,-2.72,82379039.4
NRIC,2021-12-05,1320.0,1320.0,1254.9,1267.0,41803,-2.52,53036145.4
NRIC,2021-12-06,1265.0,1300.0,1226.0,1270.0,66515,0.24,83406228.3
NRIC,2021-12-07,1295.0,1300.0,1227.0,1230.0,38667,-3.15,48974379.2
NRIC,2021-12-08,1254.0,1270.0,1225.0,1234.0,62766,0.33,77984340.6
NRIC,2021-12-09,1250.0,1253.0,1225.0,1230.0,33004,-0.32,40717751.9
NRIC,2021-12-12,1227.0,1230.0,1185.0,1185.0,52787,-3.66,63639853.1
NRIC,2021-12-13,1162.0,1185.0,1122.0,1131.0,77570,-4.56,88625648.0
NRIC,2021-12-14,1153.6,1239.9,1150.0,1239.9,34397,9.63,41003508.5
NRIC,2021-12-15,1264.0,1310.0,1230.0,1235.0,68354,-0.4,86083156.3
NRIC,2021-12-16,1240.0,1249.0,1190.0,1190.0,36851,-3.64,44555650.5
NRIC,2021-12-20,1213.0,1213.0,1174.0,1175.0,38404,-1.26,45612805.5
NRIC,2021-12-21,1198.0,1205.0,1180.0,1197.9,32221,1.95,38541236.5
NRIC,2021-12-22,1221.0,1255.0,1204.0,1252.0,59527,4.52,73621823.5
NRIC,2021-12-23,1277.0,1296.1,1225.0,1275.0,76930,1.84,97558163.5
NRIC,2021-12-26,1300.0,1370.0,1272.0,1359.0,92270,6.59,122189169.2
NRIC,2021-12-27,1370.0,1384.0,1280.2,1280.4,91864,-5.78,121507669.8
NRIC,2021-12-28,1281.0,1309.0,1267.0,1287.0,99743,0.52,128491939.8
NRIC,2021-12-29,1125.0,1164.0,1105.1,1132.0,87636,2.47,99633479.3
NRIC,2022-01-02,1149.0,1154.0,1132.0,1142.0,41370,0.88,47334719.9
NRIC,2022-01-03,1162.0,1173.0,1146.0,1157.0,48573,1.31,56259376.4
NRIC,2022-01-04,1160.1,1167.0,1140.1,1150.0,30204,-0.61,34919390.2
NRIC,2022-01-05,1169.0,1178.0,1145.0,1148.0,35679,-0.17,41264258.0
NRIC,2022-01-06,1159.0,1160.0,1130.0,1154.0,38375,0.52,44187196.9
NRIC,2022-01-09,1177.0,1212.0,1160.0,1209.0,83694,4.77,99762674.5
NRIC,2022-01-10,1225.0,1314.0,1207.0,1281.0,136217,5.96,173547189.6
NRIC,2022-01-11,1306.6,1339.9,1269.0,1315.0,87800,2.65,115923081.4
NRIC,2022-01-12,1305.0,1328.0,1265.0,1269.0,92110,-3.5,119005322.7
NRIC,2022-01-13,1269.0,1292.0,1262.0,1277.0,53329,0.63,68246715.0
NRIC,2022-01-16,1302.5,1330.0,1300.0,1316.0,76730,3.05,101200325.7
NRIC,2022-01-17,1342.3,1342.3,1297.0,1320.5,81250,0.34,106957732.0
NRIC,2022-01-18,1311.0,1335.0,1294.1,1310.0,62420,-0.8,81890820.5
NRIC,2022-01-19,1329.0,1329.0,1278.0,1279.0,50605,-2.37,65218369.9
NRIC,2022-01-20,1280.0,1299.0,1270.0,1294.0,46218,1.17,59497514.1
NRIC,2022-01-23,1319.8,1319.8,1275.0,1283.0,49917,-0.85,64717725.7
NRIC,2022-01-24,1282.0,1295.0,1225.0,1240.0,85123,-3.35,106424980.2
NRIC,2022-01-25,1230.0,1265.0,1220.0,1235.0,40518,-0.4,50314517.5
NRIC,2022-01-26,1236.0,1239.0,1201.1,1211.0,40263,-1.94,48936520.7
NRIC,2022-01-27,1220.0,1229.5,1206.1,1211.0,28336,0.0,34399768.2
NRIC,2022-01-30,1235.2,1270.0,1235.2,1261.0,57211,4.13,71976731.3
NRIC,2022-01-31,1280.0,1280.0,1240.0,1250.0,29357,-0.87,36650117.5
NRIC,2022-02-01,1240.0,1260.0,1236.1,1254.0,23853,0.32,29776437.1
NRIC,2022-02-03,1260.0,1285.0,1248.0,1251.0,50477,-0.24,64015778.4
NRIC,2022-02-06,1240.0,1256.0,1226.1,1231.0,34087,-1.6,42096281.7
NRIC,2022-02-07,1225.0,1251.6,1221.0,1244.0,29321,1.06,36420430.8
NRIC,2022-02-08,1268.8,1294.1,1241.0,1241.0,43319,-0.24,54449221.4
NRIC,2022-02-09,1235.0,1242.0,1222.0,1223.0,18960,-1.45,23264033.5
NRIC,2022-02-10,1224.0,1234.0,1206.0,1215.0,37020,-0.65,45092890.3
NRIC,2022-02-13,1215.0,1215.0,1160.0,1164.1,69867,-4.19,81846771.1
NRIC,2022-02-14,1152.1,1190.0,1152.1,1162.0,26566,-0.18,31045014.3
NRIC,2022-02-15,1184.0,1184.0,1161.0,1180.0,20967,1.55,24578302.0
NRIC,2022-02-16,1180.0,1198.0,1171.0,1183.0,18544,0.25,21903371.5
NRIC,2022-02-17,1180.0,1191.0,1170.0,1171.0,13625,-1.01,16056250.5
NRIC,2022-02-20,1160.0,1170.0,1125.0,1145.0,32930,-2.22,37825697.6
NRIC,2022-02-21,1150.0,1160.0,1140.0,1152.0,25715,0.61,29625526.1
NRIC,2022-02-22,1164.0,1169.0,1160.0,1165.0,20930,1.13,24376999.9
NRIC,2022-02-23,1165.4,1182.0,1154.0,1164.0,36504,-0.09,42668254.9
NRIC,2022-02-24,1150.0,1164.0,1121.5,1125.0,47248,-3.35,53756613.3
NRIC,2022-02-27,1147.0,1160.0,1116.0,1135.0,34014,0.89,38717089.6
NRIC,2022-02-28,1155.0,1157.0,1115.0,1115.0,26900,-1.76,30326359.3
NRIC,2022-03-02,1106.0,1130.0,1106.0,1109.0,31153,-0.54,34698651.4
NRIC,2022-03-06,1120.0,1130.0,1100.0,1104.0,23335,-0.45,25801027.4
NRIC,2022-03-07,1104.0,1115.0,1087.0,1087.8,28262,-1.47,31067975.6
NRIC,2022-03-09,1099.9,1109.5,1053.6,1058.0,28671,-2.74,30600804.3
NRIC,2022-03-10,1066.0,1105.0,1050.1,1103.0,21261,4.25,22963005.4
NRIC,2022-03-13,1124.9,1150.0,1105.0,1138.0,41584,3.17,47254030.9
NRIC,2022-03-14,1140.0,1163.0,1127.0,1151.0,16472,1.14,18954240.9
NRIC,2022-03-15,1152.0,1229.1,1145.0,1207.0,91204,4.87,109108132.6
NRIC,2022-03-16,1222.0,1229.0,1190.0,1200.0,39365,-0.58,47441113.3
NRIC,2022-03-20,1210.0,1211.0,1172.0,1177.0,44438,-1.92,52765327.4
NRIC,2022-03-21,1190.0,1190.0,1167.0,1176.0,21185,-0.08,24939079.0
NRIC,2022-03-22,1178.0,1200.0,1178.0,1186.0,25828,0.85,30798215.1
NRIC,2022-03-23,1198.9,1198.9,1175.0,1180.0,14008,-0.51,16572262.7
NRIC,2022-03-24,1200.0,1213.0,1158.0,1185.0,53573,0.42,64147066.5
NRIC,2022-03-27,1208.7,1232.7,1145.0,1145.1,48112,-3.37,56850184.6
NRIC,2022-03-28,1150.0,1160.0,1117.0,1131.0,36050,-1.23,40736413.0
NRIC,2022-03-29,1128.0,1150.0,1114.1,1115.0,16827,-1.41,18936301.8
NRIC,2022-03-30,1137.0,1145.0,1102.5,1145.0,17353,2.69,19556710.3
NRIC,2022-03-31,1150.0,1160.0,1125.0,1126.0,24595,-1.66,27827641.9
NRIC,2022-04-03,1108.0,1120.0,1105.0,1110.0,21973,-1.42,24420532.5
NRIC,2022-04-04,1110.0,1120.0,1105.0,1113.0,15416,0.27,17141733.7
NRIC,2022-04-05,1109.0,1109.0,1075.0,1090.0,30597,-2.07,33272928.2
NRIC,2022-04-06,1100.0,1100.0,1067.0,1068.1,26382,-2.01,28355135.1
NRIC,2022-04-07,1087.0,1094.0,1068.1,1070.0,34452,0.18,37174899.0
NRIC,2022-04-11,1070.0,1112.0,1045.1,1048.0,25775,-2.06,27544866.7
NRIC,2022-04-12,1041.0,1050.0,1010.0,1018.0,28752,-2.86,29501012.2
NRIC,2022-04-13,1029.9,1040.0,1000.0,1029.9,19041,1.17,19371196.7
NRIC,2022-04-17,1039.9,1048.7,1005.0,1006.0,23399,-2.32,23795719.6
NRIC,2022-04-18,1019.0,1019.0,984.0,985.0,26618,-2.09,26386821.3
NRIC,2022-04-19,1003.9,1003.9,975.0,985.0,11514,0.0,11373667.1
NRIC,2022-04-20,986.0,1003.9,960.0,965.0,20253,-2.03,19730168.5
NRIC,2022-04-21,965.0,982.0,950.0,969.9,19248,0.51,18456330.6
NRIC,2022-04-24,985.0,1041.7,971.0,1035.0,25235,6.71,25528226.9
NRIC,2022-04-25,1030.0,1044.9,999.7,1013.0,19900,-2.13,20272605.1
NRIC,2022-04-26,1015.0,1025.0,995.0,1000.0,7730,-1.28,7758672.4
NRIC,2022-04-27,991.0,1002.0,988.0,999.0,11659,-0.1,11596077.0
NRIC,2022-04-28,996.0,1013.0,989.0,990.0,12673,-0.9,12610739.0
NRIC,2022-05-02,990.0,999.6,965.0,966.0,15244,-2.42,14827480.1
NRIC,2022-05-04,960.0,965.0,946.0,946.0,16598,-2.07,15784812.6
NRIC,2022-05-05,939.0,950.0,916.0,917.0,20677,-3.07,19249980.2
NRIC,2022-05-08,900.0,927.0,900.0,925.0,14563,0.87,13253439.5
NRIC,2022-05-09,925.0,947.9,916.3,918.0,14207,-0.76,13276130.2
NRIC,2022-05-10,920.0,940.0,910.0,939.0,14179,2.29,13186999.3
NRIC,2022-05-11,940.0,976.0,940.0,975.0,17986,3.83,17294041.5
NRIC,2022-05-12,994.0,994.5,970.0,980.0,11129,0.51,10925710.7
NRIC,2022-05-17,965.0,965.0,926.1,934.0,16200,-4.69,15184130.5
NRIC,2022-05-18,934.0,942.0,898.0,931.0,10583,-0.32,9742916.5
NRIC,2022-05-19,929.0,943.0,902.0,914.0,20260,-1.83,18527272.1
NRIC,2022-05-20,900.0,907.0,889.0,890.0,30114,-2.63,26992669.5
NRIC,2022-05-23,900.0,900.0,865.0,875.0,21434,-1.69,18686585.0
NRIC,2022-05-24,875.0,892.0,861.0,878.0,12893,0.34,11324142.3
NRIC,2022-05-25,890.0,894.0,875.0,880.0,12473,0.23,11015624.0
NRIC,2022-05-26,870.0,892.0,870.0,880.0,11576,0.0,10166802.3
NRIC,2022-05-27,887.0,888.0,863.0,871.9,9917,-0.92,8621397.7
NRIC,2022-05-30,875.0,875.0,840.0,842.0,17977,-3.43,15292123.5
NRIC,2022-05-31,838.0,840.0,812.0,815.0,21536,-3.21,17773059.9
NRIC,2022-06-01,826.0,833.8,800.0,805.2,22086,-1.2,17899125.5
NRIC,2022-06-02,811.0,821.0,794.2,795.0,15113,-1.27,12088337.1
NRIC,2022-06-03,800.0,805.0,780.0,794.0,18664,-0.13,14736050.5
NRIC,2022-06-06,780.1,808.9,780.1,787.0,15225,-0.88,12077719.2
NRIC,2022-06-07,787.0,787.0,770.0,774.0,15495,-1.65,12007484.0
NRIC,2022-06-08,775.0,815.0,775.0,801.0,17897,3.49,14308583.4
NRIC,2022-06-09,817.0,825.0,785.0,794.0,27195,-0.87,21906165.9
NRIC,2022-06-10,780.0,806.0,780.0,783.0,6663,-1.39,5261229.0
NRIC,2022-06-13,786.0,788.9,768.0,778.0,12203,-0.64,9463060.9
NRIC,2022-06-14,778.0,778.0,745.0,758.0,20152,-2.57,15252955.7
NRIC,2022-06-15,745.0,757.0,732.0,741.9,17166,-2.12,12688063.9
NRIC,2022-06-16,728.4,755.0,721.0,748.0,19451,0.82,14409657.3
NRIC,2022-06-17,762.0,762.0,737.0,744.0,6245,-0.53,4639795.5
NRIC,2022-06-19,740.0,740.0,700.1,702.0,37871,-5.65,26816219.1
NRIC,2022-06-20,690.0,700.0,651.7,653.0,38510,-6.98,25645437.3
NRIC,2022-06-21,650.0,679.3,640.2,666.0,22536,1.99,14853419.7
NRIC,2022-06-22,652.7,655.0,639.1,643.0,21878,-3.45,14095076.5
NRIC,2022-06-23,630.2,631.2,609.0,611.0,25273,-4.98,15565624.2
NRIC,2022-06-24,605.0,631.0,591.0,602.0,20344,-1.47,12331587.4
NRIC,2022-06-26,614.0,662.2,612.0,662.2,52254,10.0,33300381.9
NRIC,2022-06-27,675.4,691.5,645.0,665.0,63874,0.42,43063567.9
NRIC,2022-06-28,666.0,674.0,645.0,670.0,65951,0.75,43783079.1
NRIC,2022-06-29,670.0,725.0,660.0,725.0,67948,8.21,47044736.4
NRIC,2022-06-30,739.5,794.0,728.2,793.9,69620,9.5,53430394.4
NRIC,2022-07-01,797.0,825.0,770.0,805.0,61156,1.4,49048148.1
NRIC,2022-07-03,791.0,830.0,781.0,827.0,78033,2.73,62681383.2
NRIC,2022-07-04,830.0,848.0,788.9,800.0,86418,-3.26,71355647.9
NRIC,2022-07-05,816.0,816.0,765.0,771.0,72830,-3.63,57365599.8
NRIC,2022-07-06,771.0,790.0,751.0,785.0,57024,1.82,43979081.4
NRIC,2022-07-07,800.7,826.0,770.0,786.0,50854,0.13,40569872.3
NRIC,2022-07-08,790.0,790.0,763.0,764.0,24564,-2.8,18958705.2
NRIC,2022-07-11,768.0,768.0,713.0,716.0,44658,-6.28,32547169.8
NRIC,2022-07-12,730.0,742.0,709.0,727.5,36227,1.61,26359430.7
NRIC,2022-07-13,738.0,750.0,727.0,748.0,31772,2.82,23611175.5
NRIC,2022-07-14,760.0,770.0,744.0,758.3,35634,1.38,26875977.6
NRIC,2022-07-15,751.0,769.0,735.0,735.0,25552,-3.07,19197809.3
NRIC,2022-07-17,735.0,760.0,735.0,749.0,15582,1.9,11644351.4
NRIC,2022-07-18,745.0,770.0,740.5,769.0,28011,2.67,21288010.2
NRIC,2022-07-19,756.0,789.0,756.0,772.0,36748,0.39,28634980.8
NRIC,2022-07-20,775.0,810.0,770.3,792.0,63238,2.59,50220939.6
NRIC,2022-07-21,807.0,823.0,785.0,805.0,77552,1.64,62824636.6
NRIC,2022-07-22,799.0,814.9,789.0,795.0,47935,-1.24,38308290.8
NRIC,2022-07-24,795.0,863.0,794.0,860.0,83132,8.18,68293974.7
NRIC,2022-07-25,870.0,885.0,857.0,873.0,93339,1.51,81482315.9
NRIC,2022-07-26,873.0,873.0,835.0,837.0,89856,-4.12,76557187.8
NRIC,2022-07-27,830.1,851.0,818.0,851.0,68444,1.67,57297635.2
NRIC,2022-07-28,865.0,865.0,821.2,834.0,67772,-2.0,57379186.4
NRIC,2022-07-29,847.0,847.0,830.0,830.0,18203,-0.48,15182543.6
NRIC,2022-07-31,835.0,875.0,831.0,873.0,89190,5.18,76775087.9
NRIC,2022-08-01,890.0,905.0,867.3,870.0,73021,-0.34,64167173.4
NRIC,2022-08-02,863.0,877.0,854.2,859.0,35357,-1.26,30468379.9
NRIC,2022-08-03,860.0,867.0,845.0,847.0,36936,-1.4,31617245.4
NRIC,2022-08-04,840.5,855.1,827.0,827.0,50353,-2.36,42167992.2
NRIC,2022-08-05,839.0,839.0,798.7,800.0,48166,-3.26,38996443.7
NRIC,2022-08-07,791.0,816.0,791.0,806.0,37585,0.75,30362163.8
NRIC,2022-08-08,820.0,822.0,792.0,794.0,40045,-1.49,32310319.5
NRIC,2022-08-09,809.8,809.8,770.3,770.3,48205,-2.98,37527664.2
NRIC,2022-08-10,785.0,785.0,760.0,776.0,26254,0.74,20283027.5
NRIC,2022-08-11,776.0,790.0,754.6,755.0,27752,-2.71,21375461.7
NRIC,2022-08-14,742.0,761.0,735.0,739.0,26499,-2.12,19794366.3
NRIC,2022-08-15,734.5,781.0,734.0,776.0,40017,5.01,30792195.9
NRIC,2022-08-16,790.0,790.0,753.0,772.2,32805,-0.49,25300356.7
NRIC,2022-08-17,764.0,776.0,757.0,765.0,12615,-0.93,9641615.5
NRIC,2022-08-18,765.0,785.0,765.0,779.0,32566,1.83,25210119.9
NRIC,2022-08-21,789.0,789.0,765.0,768.0,17038,-1.41,13191165.4
NRIC,2022-08-22,755.0,769.8,750.0,762.9,13227,-0.66,10057978.1
NRIC,2022-08-23,765.0,774.0,750.0,756.0,19601,-0.9,14843372.1
NRIC,2022-08-24,760.0,766.2,750.0,754.0,16691,-0.26,12669624.1
NRIC,2022-08-25,751.2,766.2,731.0,734.0,31671,-2.65,23605433.5
NRIC,2022-08-26,733.0,735.0,714.0,714.0,19873,-2.72,14290513.3
NRIC,2022-08-28,712.0,718.5,694.0,707.0,31169,-0.98,21906958.0
NRIC,2022-08-29,697.0,705.0,696.0,703.0,31150,-0.57,21828555.1
NRIC,2022-08-30,707.0,713.0,697.4,705.0,11994,0.28,8413307.3
NRIC,2022-08-31,700.0,703.0,685.0,701.0,21285,-0.57,14709837.9
NRIC,2022-09-01,687.0,700.0,677.0,680.0,25485,-3.0,17511737.8
NRIC,2022-09-02,693.5,699.8,682.0,695.0,27538,2.21,18987260.3
NRIC,2022-09-04,675.1,675.1,662.0,669.0,21415,1.07,14294371.0
NRIC,2022-09-05,675.0,675.0,660.0,663.5,16114,-0.82,10694695.2
NRIC,2022-09-06,675.0,675.0,645.0,660.0,19411,-0.53,12633057.3
NRIC,2022-09-07,668.8,668.8,637.0,650.0,13383,-1.52,8603112.5
NRIC,2022-09-08,655.0,655.0,634.0,636.1,17318,-2.14,11106888.1
NRIC,2022-09-11,636.0,648.0,624.0,644.0,22671,1.24,14296629.2
NRIC,2022-09-12,645.0,645.0,618.0,621.0,32995,-3.57,20575283.7
NRIC,2022-09-13,621.0,642.0,621.0,634.0,19887,2.09,12619375.0
NRIC,2022-09-14,646.6,658.0,640.0,655.0,30222,3.31,19635949.7
NRIC,2022-09-15,665.0,666.9,625.0,628.0,33295,-4.12,21159905.0
NRIC,2022-09-16,620.0,624.5,595.0,621.0,21041,-1.11,12866284.9
NRIC,2022-09-18,621.0,621.0,601.2,605.0,23590,-2.58,14327130.0
NRIC,2022-09-20,595.0,605.0,591.0,605.0,20878,0.0,12447588.6
NRIC,2022-09-21,614.0,615.0,593.0,604.0,19744,-0.17,11898292.2
NRIC,2022-09-22,600.0,610.0,592.9,595.0,13863,-1.49,8283435.1
NRIC,2022-09-25,593.0,595.0,575.0,577.0,23668,-3.03,13778626.7
NRIC,2022-09-27,588.0,590.0,577.0,583.0,12378,1.04,7205604.9
NRIC,2022-09-28,583.0,591.2,579.0,579.0,6855,-0.69,3992193.6
NRIC,2022-09-29,589.0,589.0,579.0,583.0,11730,0.69,6828984.1
NRIC,2022-10-09,580.0,599.0,577.0,599.0,11396,2.74,6741315.1
NRIC,2022-10-10,605.0,605.0,586.2,587.0,13294,-2.0,7859256.6
NRIC,2022-10-11,582.1,586.0,578.0,580.0,11325,-1.19,6585273.7
NRIC,2022-10-12,574.7,595.0,574.7,585.0,11509,0.86,6746496.8
NRIC,2022-10-13,587.0,601.0,587.0,590.6,9679,0.96,5724016.0
NRIC,2022-10-16,590.0,590.0,570.0,582.0,12515,-1.46,7277203.9
NRIC,2022-10-17,572.4,586.0,572.4,581.0,9185,-0.17,5324602.0
NRIC,2022-10-19,580.0,585.0,573.0,575.0,9922,-1.03,5712395.3
NRIC,2022-10-20,575.0,579.0,565.0,572.0,6448,-0.52,3692854.3
NRIC,2022-10-23,583.0,583.4,571.5,578.0,8351,1.05,4822711.0
NRIC,2022-10-31,578.0,590.0,575.0,583.0,7188,0.87,4167353.8
NRIC,2022-11-01,585.0,635.4,581.0,624.0,34434,7.03,21081366.1
NRIC,2022-11-02,623.0,656.4,614.0,649.9,39889,4.15,25458180.3
NRIC,2022-11-03,637.0,653.0,625.0,642.5,23689,-1.14,15133742.4
NRIC,2022-11-06,631.3,693.6,631.3,683.0,52874,6.3,35438184.6
NRIC,2022-11-07,690.0,745.9,680.0,690.0,55159,1.02,38892646.2
NRIC,2022-11-08,677.0,735.0,677.0,715.0,55149,3.62,39356802.9
NRIC,2022-11-09,729.3,770.0,698.0,699.0,70767,-2.24,50777804.0
NRIC,2022-11-10,710.0,710.0,667.0,668.0,52660,-4.43,35826194.5
NRIC,2022-11-13,669.0,688.0,659.1,668.0,32269,0.0,21639607.1
NRIC,2022-11-14,678.0,684.0,665.0,683.0,17557,2.25,11847714.0
NRIC,2022-11-15,696.6,739.1,670.1,685.1,45633,0.31,31784615.6
NRIC,2022-11-16,697.0,701.7,688.0,695.0,17762,1.45,12400465.9
NRIC,2022-11-17,708.0,737.0,702.0,710.0,37921,2.16,26920567.5
NRIC,2022-11-22,713.0,750.0,699.0,702.0,28870,-1.13,20682586.8
NRIC,2022-11-23,705.0,709.0,691.0,697.0,20670,-0.71,14397118.4
NRIC,2022-11-24,697.0,706.0,691.0,705.0,10813,1.15,7558632.0
NRIC,2022-11-27,710.0,722.0,700.0,711.0,34239,0.85,24382259.7
NRIC,2022-11-28,725.0,725.0,698.0,702.9,25330,-1.14,17869204.2
NRIC,2022-11-29,692.5,709.0,690.0,705.0,11771,0.3,8250160.3
NRIC,2022-11-30,715.1,715.1,697.2,697.3,7416,-1.09,5187367.3
NRIC,2022-12-01,695.1,707.0,695.0,696.0,13872,-0.19,9719295.0
NRIC,2022-12-04,698.0,711.0,695.0,699.0,16813,0.43,11812999.9
NRIC,2022-12-05,701.0,705.0,685.0,687.0,15455,-1.72,10699384.7
NRIC,2022-12-06,690.0,717.0,675.2,696.8,22195,1.43,15267638.6
NRIC,2022-12-07,685.1,735.0,685.1,688.1,18538,-1.25,12881414.8
NRIC,2022-12-11,689.0,690.0,670.5,675.0,26088,-1.9,17665905.2
NRIC,2022-12-12,679.5,717.0,667.0,699.8,21091,3.67,14383855.8
NRIC,2022-12-13,690.0,712.0,688.0,699.0,21479,-0.11,15021751.5
NRIC,2022-12-14,708.0,708.0,689.3,695.0,16650,-0.57,11627760.4
NRIC,2022-12-15,703.0,703.0,679.3,680.0,8596,-2.16,5895648.6
NRIC,2022-12-18,672.0,680.0,659.2,660.0,24683,-2.94,16513488.4
NRIC,2022-12-19,665.0,671.0,650.0,657.1,24651,-0.44,16309238.1
NRIC,2022-12-20,660.0,686.9,656.0,679.9,33715,3.47,22828774.0
NRIC,2022-12-21,670.0,689.0,670.0,672.0,14460,-1.16,9751537.0
NRIC,2022-12-22,665.0,675.0,660.0,660.2,22215,-1.76,14768078.1
NRIC,2022-12-26,673.4,694.0,673.4,691.0,50588,4.67,34766902.5
NRIC,2022-12-27,691.0,730.0,691.0,718.0,64376,3.91,46104069.6
NRIC,2022-12-28,718.0,746.6,702.0,736.5,75966,2.58,55387745.1
NRIC,2022-12-29,741.9,792.0,724.0,776.0,62970,5.36,47961022.6
NRIC,2023-01-01,790.0,822.0,770.0,793.0,110771,2.19,88202860.3
NRIC,2023-01-02,790.0,831.0,776.0,810.0,81628,2.14,65703082.4
NRIC,2023-01-03,815.0,846.0,789.1,797.0,98668,-1.6,80342818.7
NRIC,2023-01-04,800.0,856.8,799.0,835.0,117626,4.77,97348820.5
NRIC,2023-01-05,851.7,854.0,830.0,831.0,119382,-0.48,100263016.8
NRIC,2023-01-08,831.0,884.0,820.0,855.0,126083,2.89,107084727.8
NRIC,2023-01-09,842.1,900.0,842.0,882.0,79946,3.16,70686771.7
NRIC,2023-01-10,897.0,903.4,836.0,851.0,126816,-3.51,110458268.8
NRIC,2023-01-12,851.0,875.2,830.0,836.0,94895,-1.76,80224849.2
NRIC,2023-01-17,843.0,910.0,831.1,876.0,81110,4.78,69889550.9
NRIC,2023-01-18,892.0,927.0,875.3,879.0,106246,0.34,94787063.7
NRIC,2023-01-19,876.1,890.0,864.0,870.0,88789,-1.02,77571966.6
NRIC,2023-01-23,879.0,879.0,844.5,850.0,56501,-2.3,48309456.4
NRIC,2023-01-24,834.1,919.0,834.0,859.0,48958,1.06,41562651.3
NRIC,2023-01-25,876.0,893.6,850.0,866.0,75556,0.81,65142528.9
NRIC,2023-01-26,860.0,870.0,845.0,855.0,65363,-1.27,55670509.2
NRIC,2023-01-29,850.0,855.0,831.0,838.0,34960,-1.99,29456103.7
NRIC,2023-01-30,825.0,853.0,807.2,809.0,64455,-3.46,52892284.6
NRIC,2023-01-31,815.0,817.0,795.1,804.0,35295,-0.62,28465402.2
NRIC,2023-02-01,794.0,857.0,794.0,813.9,35336,1.23,28676255.7
NRIC,2023-02-02,830.0,830.0,800.1,808.0,29959,-0.72,24299168.1
NRIC,2023-02-05,821.0,821.0,796.0,802.0,28451,-0.74,22876857.9
NRIC,2023-02-06,809.0,817.0,795.1,808.0,21077,0.75,17033901.0
NRIC,2023-02-07,821.0,839.0,811.0,838.5,47890,3.77,39689324.2
NRIC,2023-02-08,855.2,885.0,849.0,852.0,130536,1.61,112867271.1
NRIC,2023-02-09,860.0,867.9,849.0,863.0,44411,1.29,38037909.6
NRIC,2023-02-12,865.0,865.0,827.0,833.0,53647,-3.48,45026212.1
NRIC,2023-02-14,835.0,835.0,815.3,818.0,24704,-1.8,20288891.3
NRIC,2023-02-15,808.0,824.0,802.0,804.9,33071,-1.6,26850410.3
NRIC,2023-02-16,804.2,813.0,790.0,794.0,33976,-1.35,27121993.5
NRIC,2023-02-20,808.0,808.0,779.0,784.0,23200,-1.26,18250448.9
NRIC,2023-02-22,799.6,810.0,787.0,806.8,30556,2.91,24471503.9
NRIC,2023-02-23,800.0,800.0,782.1,786.0,27456,-2.58,21607866.1
NRIC,2023-02-26,770.3,798.0,750.0,790.0,50811,0.51,39212811.5
NRIC,2023-02-27,790.0,802.0,765.0,799.0,40509,1.14,31609054.2
NRIC,2023-02-28,810.0,810.0,784.0,795.0,18190,-0.5,14500752.5
NRIC,2023-03-01,793.0,797.0,771.3,773.1,29514,-2.75,22967196.5
NRIC,2023-03-02,765.5,770.0,750.0,750.9,33410,-2.87,25169300.9
NRIC,2023-03-05,735.9,755.0,714.0,719.0,35280,-4.25,25649943.7
NRIC,2023-03-07,726.0,744.0,714.0,728.1,20821,1.27,15245401.8
NRIC,2023-03-09,742.6,755.0,735.0,750.0,22260,3.01,16606740.6
NRIC,2023-03-12,765.0,765.0,745.0,748.3,28772,-0.23,21637441.0
NRIC,2023-03-13,740.0,750.0,734.0,734.0,13207,-1.91,9735690.6
NRIC,2023-03-14,747.0,747.0,733.0,735.1,13190,0.15,9743814.9
NRIC,2023-03-15,736.0,740.0,725.0,733.9,16208,-0.16,11828325.0
NRIC,2023-03-16,727.0,781.3,720.0,735.0,21045,0.15,15446829.0
NRIC,2023-03-19,728.3,740.0,726.0,726.1,12501,-1.21,9146432.1
NRIC,2023-03-20,738.9,783.3,726.2,759.9,37584,4.66,28087474.1
NRIC,2023-03-22,766.0,780.0,749.1,754.0,42966,-0.78,32818348.1
NRIC,2023-03-23,755.0,760.0,737.0,745.9,16569,-1.07,12376732.4
NRIC,2023-03-26,746.0,758.0,732.1,739.0,19441,-0.93,14351904.6
NRIC,2023-03-27,732.1,756.0,727.0,754.0,30883,2.03,22970643.3
NRIC,2023-03-28,769.0,780.0,751.0,766.0,39476,1.59,30312351.4
NRIC,2023-03-29,766.0,775.0,756.3,774.0,16092,1.04,12310563.5
NRIC,2023-03-30,784.0,784.0,752.9,755.0,22019,-2.45,16836227.6
NRIC,2023-04-02,755.0,770.0,735.0,743.0,32662,-1.59,24539994.2
NRIC,2023-04-03,744.0,745.0,733.0,738.0,19044,-0.67,14038698.2
NRIC,2023-04-04,738.0,748.0,732.0,735.0,16790,-0.41,12393412.0
NRIC,2023-04-05,748.0,748.0,730.2,735.0,12134,0.0,8932963.9
NRIC,2023-04-06,745.0,748.0,720.5,723.0,40691,-1.63,29676055.3
NRIC,2023-04-09,737.4,737.4,709.0,711.0,29832,-1.66,21272236.8
NRIC,2023-04-10,697.0,722.0,697.0,716.0,15798,0.7,11243723.2
NRIC,2023-04-11,713.0,733.0,713.0,728.0,15720,1.68,11348927.1
NRIC,2023-04-12,728.0,760.0,728.0,758.9,33429,4.24,25060810.6
NRIC,2023-04-13,774.0,774.0,740.0,745.0,30168,-1.83,22615194.0
NRIC,2023-04-16,745.0,755.0,730.0,734.1,14307,-1.46,10552118.4
NRIC,2023-04-17,735.9,736.0,724.2,725.0,15186,-1.24,11037692.7
NRIC,2023-04-18,730.0,730.0,716.0,720.1,11260,-0.68,8125865.8
NRIC,2023-04-19,725.0,754.0,718.0,728.9,15332,1.22,11134789.7
NRIC,2023-04-20,728.3,734.0,721.3,721.3,11066,-1.04,8052428.4
NRIC,2023-04-23,720.2,725.0,712.0,723.0,12090,0.24,8670510.7
NRIC,2023-04-24,723.0,733.0,715.0,725.0,11571,0.28,8378472.8
NRIC,2023-04-25,733.0,733.0,718.0,728.0,12968,0.41,9388569.6
NRIC,2023-04-26,720.2,734.0,720.0,725.0,12477,-0.41,9049884.6
NRIC,2023-04-27,725.0,725.0,716.0,719.0,12175,-0.83,8764933.1
NRIC,2023-04-30,716.0,720.0,698.0,700.0,37249,-2.64,26281822.5
NRIC,2023-05-02,695.2,710.0,690.0,699.0,18730,-0.14,13077998.2
NRIC,2023-05-03,690.2,695.0,683.1,683.5,18318,-2.22,12582525.4
NRIC,2023-05-04,692.0,747.0,677.0,699.0,21004,2.27,14493905.3
NRIC,2023-05-07,695.0,702.0,682.0,689.0,14856,-1.43,10296527.2
NRIC,2023-05-08,680.1,698.0,670.1,680.0,18038,-1.31,12194258.6
NRIC,2023-05-09,670.0,693.0,670.0,679.0,9438,-0.15,6436158.3
NRIC,2023-05-10,690.0,690.0,670.0,673.0,10966,-0.88,7424096.0
NRIC,2023-05-11,686.3,686.3,666.2,673.0,8228,0.0,5525802.5
NRIC,2023-05-14,680.0,680.0,660.0,660.0,15928,-1.93,10620376.7
NRIC,2023-05-15,656.1,664.0,648.1,655.0,15790,-0.76,10328528.7
NRIC,2023-05-16,667.0,667.0,649.0,656.0,13085,0.15,8578749.9
NRIC,2023-05-17,665.0,678.0,660.0,670.0,21898,2.13,14661754.7
NRIC,2023-05-18,675.0,687.8,670.0,683.0,20088,1.94,13680021.3
NRIC,2023-05-21,694.0,696.6,677.6,684.7,24867,0.25,17045313.5
NRIC,2023-05-22,680.0,700.0,674.0,690.0,22878,0.77,15716922.8
NRIC,2023-05-23,681.0,710.0,681.0,710.0,22981,2.9,16182866.2
NRIC,2023-05-24,720.0,725.0,700.0,724.0,45576,1.97,32685916.1
NRIC,2023-05-28,727.0,737.5,707.0,707.0,36084,-2.35,26123995.7
NRIC,2023-05-30,701.0,710.0,682.2,682.2,38998,-3.51,27002223.8
NRIC,2023-05-31,689.0,689.0,658.7,670.0,41986,-1.79,28104860.9
NRIC,2023-06-01,673.0,684.9,661.0,671.0,16214,0.15,10932194.3
NRIC,2023-06-04,679.0,705.0,679.0,700.0,37564,4.32,26143636.5
NRIC,2023-06-05,709.0,710.5,680.2,685.0,21037,-2.14,14668289.2
NRIC,2023-06-06,677.0,693.6,677.0,692.0,16143,1.02,11113473.6
NRIC,2023-06-07,699.0,699.0,687.3,688.0,49411,-0.58,34241786.1
NRIC,2023-06-08,688.0,726.0,676.4,703.0,46682,2.18,32690036.6
NRIC,2023-06-11,710.0,734.0,704.2,734.0,109693,4.41,79314031.8
NRIC,2023-06-12,734.0,745.0,723.0,729.0,42763,-0.68,31363414.6
NRIC,2023-06-13,714.8,756.0,714.8,750.0,82627,2.88,61532507.1
NRIC,2023-06-14,750.0,772.0,742.0,763.9,103533,1.85,78767954.5
NRIC,2023-06-15,751.0,766.0,745.0,765.0,60665,0.14,45834200.5
NRIC,2023-06-18,778.0,812.9,753.0,812.9,108100,6.26,85660519.4
NRIC,2023-06-19,819.0,820.0,794.0,804.0,77487,-1.09,62241007.0
NRIC,2023-06-20,820.0,820.0,775.0,787.0,69282,-2.11,54775293.6
NRIC,2023-06-21,790.0,790.0,765.3,780.0,68571,-0.89,53143183.4
NRIC,2023-06-22,756.0,763.0,743.0,748.0,40535,0.45,30433805.8
NRIC,2023-06-25,748.0,794.0,742.0,793.9,90755,6.14,70545798.1
NRIC,2023-06-26,809.7,809.7,775.0,782.0,57150,-1.5,45037613.2
NRIC,2023-06-27,766.4,790.0,766.4,779.0,38987,-0.38,30383861.2
NRIC,2023-06-28,772.0,780.0,760.0,763.0,40872,-2.05,31484661.4
NRIC,2023-07-02,760.0,771.0,748.9,750.9,47090,-1.59,35634143.6
NRIC,2023-07-03,765.0,812.0,736.0,745.0,29931,-0.79,22525501.3
NRIC,2023-07-04,758.0,804.2,745.0,756.0,33152,1.48,25098086.8
NRIC,2023-07-05,766.9,786.5,735.0,735.0,32332,-2.78,24129170.8
NRIC,2023-07-06,730.0,744.0,726.0,732.0,19672,-0.41,14423397.8
NRIC,2023-07-09,740.0,769.0,736.1,745.0,32538,1.78,24161394.0
NRIC,2023-07-10,740.0,759.9,740.0,748.0,28688,0.4,21526760.3
NRIC,2023-07-11,745.0,755.0,731.0,740.0,29547,-1.07,21830124.4
NRIC,2023-07-12,732.0,750.0,732.0,744.0,21993,0.54,16312311.0
NRIC,2023-07-13,746.5,756.0,738.0,738.0,31058,-0.81,23132738.2
NRIC,2023-07-16,745.0,765.0,735.0,740.0,19872,0.27,14708407.1
NRIC,2023-07-17,740.0,756.0,740.0,751.0,19000,1.49,14272550.5
NRIC,2023-07-18,760.0,766.0,753.0,754.0,28670,0.4,21756622.5
NRIC,2023-07-19,745.0,760.0,745.0,745.6,19324,-1.11,14520574.7
NRIC,2023-07-20,746.0,759.4,736.2,740.0,18689,-0.75,13874270.9
NRIC,2023-07-23,740.0,760.0,739.0,755.0,35226,2.03,26450275.7
NRIC,2023-07-24,755.0,810.0,745.0,800.0,322866,5.96,255669841.5
NRIC,2023-07-25,800.0,814.0,790.0,791.0,92134,-1.13,73558404.0
NRIC,2023-07-26,786.0,856.0,785.0,805.0,98971,1.77,80093074.4
NRIC,2023-07-27,814.0,814.0,777.2,779.0,77665,-3.23,61171042.7
NRIC,2023-07-30,785.0,785.0,760.0,763.0,55970,-2.05,42922450.5
NRIC,2023-07-31,773.8,780.0,761.0,761.0,41973,-0.26,32261131.7
NRIC,2023-08-01,765.0,815.8,745.0,754.6,64266,-0.84,48897280.4
NRIC,2023-08-02,754.6,766.0,745.0,758.0,28137,0.45,21209752.5
NRIC,2023-08-03,763.0,788.0,757.5,771.0,63754,1.72,49407181.8
NRIC,2023-08-06,775.6,778.0,753.0,758.0,38716,-1.69,29424957.5
NRIC,2023-08-07,744.1,769.0,744.1,750.0,28159,-1.06,21277472.4
NRIC,2023-08-08,765.0,765.0,733.1,735.0,43034,-2.0,31963719.5
NRIC,2023-08-09,721.0,754.0,721.0,750.2,40093,2.07,29668545.7
NRIC,2023-08-10,760.0,762.0,745.0,748.2,63340,-0.27,47606440.5
NRIC,2023-08-13,757.0,757.0,743.1,746.0,35153,-0.29,26268650.7
NRIC,2023-08-14,754.8,754.8,740.3,740.3,27749,-0.76,20701791.9
NRIC,2023-08-15,732.0,739.8,727.0,729.9,33150,-1.4,24272059.4
NRIC,2023-08-16,724.0,729.0,712.0,720.9,43943,-1.23,31563602.3
NRIC,2023-08-17,721.0,734.0,717.1,722.5,30842,0.22,22351708.3
NRIC,2023-08-20,715.0,727.0,710.0,712.0,24009,-1.45,17217569.1
NRIC,2023-08-21,726.2,726.2,696.2,697.1,37268,-2.09,26292855.3
NRIC,2023-08-22,705.0,712.8,695.0,710.0,16422,1.85,11574956.2
NRIC,2023-08-23,717.0,724.0,707.0,720.0,16311,1.41,11698999.8
NRIC,2023-08-24,707.2,725.0,698.0,703.0,29097,-2.36,20670018.8
NRIC,2023-08-27,695.0,705.0,687.5,690.0,29093,-1.85,20198075.2
NRIC,2023-08-28,690.0,698.9,682.0,685.0,18859,-0.72,12989454.5
NRIC,2023-08-29,697.0,697.0,680.0,681.0,23090,-0.58,15821508.4
NRIC,2023-08-30,685.0,689.0,680.0,680.3,14433,-0.1,9889751.9
NRIC,2023-09-03,676.0,679.0,670.0,670.0,13684,-1.51,9209752.6
NRIC,2023-09-04,678.0,680.0,667.0,673.0,14267,0.45,9582608.1
NRIC,2023-09-05,682.0,682.0,665.0,666.0,10364,-1.04,6918389.6
NRIC,2023-09-07,660.0,670.0,657.0,657.0,13306,-1.35,8788024.9
NRIC,2023-09-10,657.0,668.9,657.0,666.0,12886,1.37,8516839.7
NRIC,2023-09-11,666.0,688.3,661.1,684.0,14819,2.7,10055883.2
NRIC,2023-09-12,695.9,695.9,670.0,672.9,13407,-1.62,9096250.4
NRIC,2023-09-13,675.0,690.0,673.0,685.1,14557,1.81,9953255.1
NRIC,2023-09-17,681.0,686.0,665.3,665.6,17595,-2.85,11826391.2
NRIC,2023-09-18,665.0,674.0,664.0,669.0,7639,0.51,5096396.7
NRIC,2023-09-19,665.0,678.0,661.0,671.0,7158,0.3,4789591.0
NRIC,2023-09-21,684.0,700.0,680.0,693.7,26634,3.38,18464754.8
NRIC,2023-09-24,693.0,699.0,681.5,681.5,18906,-1.76,13078331.6
NRIC,2023-09-25,682.0,686.0,672.0,679.9,8708,-0.23,5923977.0
NRIC,2023-09-26,685.0,692.0,681.0,689.8,18858,1.46,12947100.9
NRIC,2023-09-27,689.0,696.9,675.0,678.2,16094,-1.68,10949136.7
NRIC,2023-10-01,671.0,674.0,661.6,668.0,18149,-1.5,12109876.6
NRIC,2023-10-02,660.0,680.0,657.6,670.0,13398,0.3,8896587.1
NRIC,2023-10-03,665.0,673.3,658.1,660.0,11792,-1.49,7806819.6
NRIC,2023-10-04,660.0,669.8,660.0,662.0,13185,0.3,8753461.8
NRIC,2023-10-05,657.2,670.2,657.2,658.0,10092,-0.6,6665228.7
NRIC,2023-10-08,671.0,671.0,640.0,641.0,28921,-2.58,18797897.0
NRIC,2023-10-09,642.1,700.0,631.0,635.0,24281,-0.94,15559474.5
NRIC,2023-10-10,626.0,646.0,625.4,629.0,16524,-0.94,10392195.8
NRIC,2023-10-11,629.0,640.0,625.3,631.0,15336,0.32,9655194.3
NRIC,2023-10-12,631.0,639.0,618.4,619.0,25427,-1.9,15873493.4
NRIC,2023-10-16,620.0,623.8,610.2,610.5,13659,-1.37,8407651.7
NRIC,2023-10-17,620.0,630.0,615.7,619.0,10643,1.39,6612687.6
NRIC,2023-10-18,625.0,634.0,620.0,631.0,12736,1.94,7978767.7
NRIC,2023-10-19,631.0,637.4,621.0,623.0,9423,-1.27,5905992.1
NRIC,2023-10-29,615.0,624.0,610.0,618.9,7895,-0.66,4842681.1
NRIC,2023-10-30,606.7,618.0,606.7,615.0,4651,-0.63,2856853.7
NRIC,2023-10-31,615.0,618.0,609.0,610.9,7713,-0.67,4710192.4
NRIC,2023-11-01,616.0,616.0,605.0,606.0,15284,-0.8,9306734.1
NRIC,2023-11-02,604.0,606.0,599.0,602.6,11624,-0.56,6986607.9
NRIC,2023-11-05,593.0,600.0,585.0,595.0,22720,-1.26,13391144.9
NRIC,2023-11-06,606.0,654.0,595.0,621.1,27496,4.39,16887147.4
NRIC,2023-11-07,633.0,637.0,618.0,634.0,19778,2.08,12389781.7
NRIC,2023-11-08,626.0,649.1,625.0,649.1,18585,2.38,11916520.2
NRIC,2023-11-09,638.3,657.0,623.3,624.0,23869,-3.87,15072510.9
NRIC,2023-11-20,625.0,631.0,613.6,619.9,16101,-0.66,10021315.7
NRIC,2023-11-21,613.0,625.0,600.0,605.9,11944,-2.26,7250254.4
NRIC,2023-11-22,600.0,625.0,598.0,624.9,10560,3.14,6454007.4
NRIC,2023-11-23,624.9,626.9,608.0,618.0,16605,-1.1,10248969.8
NRIC,2023-11-26,611.0,634.4,611.0,630.0,26035,1.94,16340307.7
NRIC,2023-11-27,640.5,649.9,625.3,625.4,20958,-0.73,13279737.3
NRIC,2023-11-28,620.3,640.0,620.2,631.0,21078,0.9,13262454.1
NRIC,2023-11-29,631.0,665.0,627.0,633.0,22885,0.32,14596145.2
NRIC,2023-11-30,625.0,633.0,621.0,622.0,11517,-1.74,7185118.6
NRIC,2023-12-03,633.0,633.0,599.0,619.0,12862,-0.48,7920695.7
NRIC,2023-12-04,624.9,624.9,605.0,610.0,29436,-1.45,18043474.1
NRIC,2023-12-05,611.0,621.0,606.2,608.1,11715,-0.31,7183305.7
NRIC,2023-12-06,615.0,618.0,610.0,618.0,8292,1.63,5082097.2
NRIC,2023-12-07,606.2,623.0,606.2,615.5,17009,-0.4,10486288.3
NRIC,2023-12-10,627.8,665.0,627.8,648.0,5221,5.28,3390202.0
NRIC,2023-12-11,655.0,668.0,632.1,638.1,47546,-1.53,30516656.1
NRIC,2023-12-12,650.8,662.1,638.1,655.0,55052,2.65,35723300.5
NRIC,2023-12-13,667.0,685.0,650.0,670.0,55425,2.29,36947351.8
NRIC,2023-12-14,660.0,708.0,658.0,691.8,98898,3.25,67934292.9
NRIC,2023-12-17,685.0,716.0,666.0,705.0,74666,1.91,52018832.6
NRIC,2023-12-18,717.8,738.0,700.0,703.0,67313,-0.28,48034317.9
NRIC,2023-12-19,704.6,715.0,693.0,713.7,45287,1.52,31945795.9
NRIC,2023-12-20,727.9,730.0,700.1,725.9,78844,1.71,56765653.5
NRIC,2023-12-21,725.0,730.0,701.7,703.0,65276,-3.15,46575640.2
NRIC,2023-12-24,705.0,773.3,696.0,703.0,65744,0.0,47040068.3
NRIC,2023-12-27,715.0,715.0,691.0,693.0,41772,-1.42,29219649.8
NRIC,2023-12-28,682.0,701.8,682.0,686.1,39237,-1.0,27107951.2
NRIC,2024-01-01,680.0,731.3,670.0,675.0,47197,-1.62,32210543.0
NRIC,2024-01-02,682.0,682.0,660.0,660.0,39598,-2.22,26464369.8
NRIC,2024-01-03,660.2,678.3,654.1,663.0,53096,0.45,35180932.9
NRIC,2024-01-04,667.0,680.0,652.1,653.0,86487,-1.51,57205988.2
NRIC,2024-01-07,660.0,666.0,648.0,654.0,51165,0.15,33371499.6
NRIC,2024-01-08,667.0,690.0,655.0,682.9,78605,4.42,53330870.8
NRIC,2024-01-09,683.0,695.0,677.2,678.4,54521,-0.66,37350878.8
NRIC,2024-01-10,681.0,695.0,666.0,669.0,53062,-1.39,36045103.1
NRIC,2024-01-11,680.9,680.9,661.2,661.4,26870,-1.14,17913465.3
NRIC,2024-01-14,674.6,682.8,668.0,672.0,52278,1.6,35226002.6
NRIC,2024-01-16,685.0,691.9,672.0,689.9,58525,2.66,40203791.5
NRIC,2024-01-17,698.0,732.8,692.0,696.0,134683,0.88,95452254.1
NRIC,2024-01-18,695.0,723.0,680.0,716.1,121297,2.89,85481540.1
NRIC,2024-01-21,720.0,748.0,720.0,746.9,273035,4.18,201348894.3
NRIC,2024-01-22,740.0,750.0,730.0,739.0,180307,-1.06,132970555.1
NRIC,2024-01-23,739.0,749.0,735.0,739.0,84340,0.0,62389139.9
NRIC,2024-01-24,739.0,740.0,725.3,726.0,77712,-1.76,57135109.8
NRIC,2024-01-25,721.2,739.5,720.1,725.1,72934,-0.12,53266918.5
NRIC,2024-01-28,722.5,754.0,722.0,752.0,104221,3.71,77260577.1
NRIC,2024-01-29,759.5,785.0,755.0,772.9,128237,2.78,99035460.4
NRIC,2024-01-30,788.3,845.0,788.0,826.0,253558,6.87,207844278.4
NRIC,2024-01-31,826.0,849.0,800.2,816.1,239643,-1.2,198948160.5
NRIC,2024-02-01,832.0,832.0,790.0,792.0,180358,-2.95,144425554.0
NRIC,2024-02-04,777.0,795.5,777.0,777.0,67130,-1.89,52612951.1
NRIC,2024-02-05,777.0,791.0,777.0,783.0,30993,0.77,24199950.3
NRIC,2024-02-06,787.0,852.0,780.1,818.0,107644,4.47,87461214.6
NRIC,2024-02-07,818.0,825.0,801.0,801.0,43523,-2.08,35177058.3
NRIC,2024-02-08,817.0,817.0,790.0,791.0,37575,-1.25,29894254.4
NRIC,2024-02-11,800.0,816.0,790.1,795.0,68772,0.51,54841258.7
NRIC,2024-02-12,792.0,799.9,786.0,796.0,50306,0.13,39906177.9
NRIC,2024-02-13,782.1,800.0,765.0,776.0,75316,-2.51,58444156.1
NRIC,2024-02-14,790.0,792.0,766.0,790.0,25620,1.8,19912655.8
NRIC,2024-02-15,775.2,780.0,772.0,772.3,41798,-2.24,32375029.0
NRIC,2024-02-18,760.2,775.0,755.2,758.2,32763,-1.83,24891413.5
NRIC,2024-02-20,755.0,771.1,746.0,763.0,33852,0.63,25759864.1
NRIC,2024-02-21,770.0,776.0,756.0,757.9,19231,-0.67,14648485.5
NRIC,2024-02-22,770.0,770.0,747.0,753.1,47646,-0.63,35828730.1
NRIC,2024-02-25,767.0,767.0,737.0,750.0,77257,-0.41,57532237.6
NRIC,2024-02-26,750.0,753.0,738.0,741.1,40673,-1.19,30197366.4
NRIC,2024-02-27,741.0,757.0,741.0,746.0,16919,0.66,12639950.0
NRIC,2024-02-28,750.0,753.0,743.0,748.0,16322,0.27,12190426.3
NRIC,2024-02-29,736.1,748.8,732.0,732.0,41945,-2.14,30885081.1
NRIC,2024-03-03,746.0,746.0,715.1,721.0,17475,-1.5,12616440.9
NRIC,2024-03-04,735.0,793.0,735.0,790.0,2611,9.57,1994068.5
NRIC,2024-03-05,780.0,780.0,742.3,743.0,32845,-5.95,24850071.7
NRIC,2024-03-06,733.0,764.0,733.0,753.9,45182,1.47,34028188.5
NRIC,2024-03-07,753.0,762.0,748.0,757.0,20323,0.41,15329875.2
NRIC,2024-03-10,758.0,760.0,750.4,760.0,13788,0.4,10413953.3
NRIC,2024-03-12,775.2,780.0,753.0,777.0,29866,2.24,22871905.7
NRIC,2024-03-13,792.5,792.5,770.0,788.0,56884,1.42,44314991.3
NRIC,2024-03-14,772.4,780.2,770.0,776.0,43320,-1.52,33450763.4
NRIC,2024-03-17,762.1,776.0,761.1,764.0,6832,-1.55,5231178.5
NRIC,2024-03-18,753.2,768.0,753.2,759.0,20204,-0.65,15352653.9
NRIC,2024-03-19,750.0,771.0,750.0,750.7,14981,-1.09,11330999.0
NRIC,2024-03-20,750.7,763.0,745.0,746.9,14289,-0.51,10710507.0
NRIC,2024-03-21,747.0,752.0,735.1,739.0,19620,-1.06,14521601.5
NRIC,2024-03-25,726.0,734.9,725.5,733.0,12686,-0.81,9250384.8
NRIC,2024-03-26,733.0,737.0,727.1,735.6,15803,0.35,11560775.3
NRIC,2024-03-27,735.0,747.0,728.0,732.0,25479,-0.49,18614736.1
NRIC,2024-03-28,723.3,734.0,721.0,734.0,16883,0.27,12299925.5
NRIC,2024-03-31,721.0,734.0,721.0,728.9,15424,-0.69,11253281.3
NRIC,2024-04-01,726.1,729.0,720.0,723.5,10770,-0.74,7789651.0
NRIC,2024-04-02,720.2,725.0,711.3,712.1,17425,-1.58,12484046.9
NRIC,2024-04-03,715.0,715.0,700.0,703.9,18827,-1.15,13285808.7
NRIC,2024-04-04,700.0,710.0,699.1,704.0,18675,0.01,13113823.1
NRIC,2024-04-07,718.0,730.0,701.0,723.0,26119,2.7,18666910.9
NRIC,2024-04-09,737.4,760.0,725.2,753.0,75942,4.15,56178530.0
NRIC,2024-04-10,754.0,775.1,753.0,775.1,113069,2.93,85811645.3
NRIC,2024-04-14,776.0,776.0,756.1,760.0,26585,-1.95,20245148.9
NRIC,2024-04-15,760.0,766.0,735.0,736.1,16299,-3.14,12110834.4
NRIC,2024-04-16,750.8,750.8,711.0,718.0,20911,-2.46,14991592.9
NRIC,2024-04-18,730.0,730.0,704.0,706.0,13252,-1.67,9367540.1
NRIC,2024-04-21,706.5,717.0,702.0,713.0,10450,0.99,7409992.8
NRIC,2024-04-22,727.0,727.0,708.0,714.0,7779,0.14,5549058.8
NRIC,2024-04-24,723.0,723.0,705.0,708.5,9626,-0.77,6827977.5
NRIC,2024-04-25,701.0,710.0,700.0,702.0,12532,-0.92,8817155.8
NRIC,2024-04-28,716.0,716.0,702.1,708.0,10104,0.85,7131348.7
NRIC,2024-04-29,722.1,722.1,698.0,703.0,29302,-0.71,20558032.3
NRIC,2024-04-30,717.0,717.0,698.1,706.2,16660,0.46,11757307.0
NRIC,2024-05-02,720.3,720.3,700.0,705.0,19328,-0.17,13603294.9
NRIC,2024-05-05,698.0,704.0,680.0,689.9,39140,-2.14,26954086.3
NRIC,2024-05-06,702.9,702.9,670.0,675.0,17328,-2.16,11713042.8
NRIC,2024-05-07,680.0,688.5,675.0,682.4,13156,1.1,8942325.1
NRIC,2024-05-08,672.5,688.0,671.5,675.5,7634,-1.01,5185662.0
NRIC,2024-05-09,687.9,687.9,675.0,678.0,11556,0.37,7843095.0
NRIC,2024-05-12,678.1,688.0,670.0,678.0,13457,0.0,9131323.3
NRIC,2024-05-13,691.5,691.5,678.1,685.0,12364,1.03,8436200.8
NRIC,2024-05-14,680.0,695.0,678.0,694.0,9641,1.31,6631190.2
NRIC,2024-05-15,707.8,707.8,681.1,687.5,17408,-0.94,12071527.4
NRIC,2024-05-16,701.2,701.2,680.0,693.0,28988,0.8,19856758.4
NRIC,2024-05-19,674.8,687.5,667.3,679.9,34132,2.72,23197933.0
NRIC,2024-05-20,691.1,693.0,679.0,682.9,26833,0.44,18389117.8
NRIC,2024-05-21,681.0,698.0,675.1,692.0,18140,1.33,12480323.4
NRIC,2024-05-22,680.0,690.0,668.0,678.0,52362,-2.02,35597313.5
NRIC,2024-05-26,691.5,691.5,668.0,668.0,22831,-1.47,15380089.2
NRIC,2024-05-27,680.4,693.0,668.2,675.0,20175,1.05,13692967.7
NRIC,2024-05-29,687.0,687.0,663.0,666.0,10178,-1.33,6824485.1
NRIC,2024-05-30,678.0,678.0,660.5,668.7,18002,0.41,11986109.4
NRIC,2024-06-02,680.0,680.0,664.0,669.0,14506,0.04,9706631.1
NRIC,2024-06-03,680.0,680.0,664.0,666.0,10572,-0.45,7069400.9
NRIC,2024-06-04,679.3,679.3,663.0,663.0,13526,-0.45,9010628.2
NRIC,2024-06-05,660.1,669.0,656.0,662.0,37201,-0.15,24590532.0
NRIC,2024-06-06,660.0,674.0,652.0,656.0,17068,-0.91,11211110.8
NRIC,2024-06-09,668.0,668.0,641.9,649.0,27773,-1.07,18008087.9
NRIC,2024-06-10,644.1,655.0,644.1,647.0,12893,-0.31,8390805.1
NRIC,2024-06-11,659.9,659.9,645.0,654.8,24438,1.21,15892911.2
NRIC,2024-06-12,663.8,663.8,656.5,656.7,14621,0.29,9634676.7
NRIC,2024-06-13,647.0,655.0,644.0,648.0,66007,-1.32,42820571.7
NRIC,2024-06-16,643.0,655.0,633.1,635.0,50261,-2.01,32163759.2
NRIC,2024-06-18,646.0,646.0,630.4,630.7,21529,-0.68,13644769.0
NRIC,2024-06-19,633.0,642.0,631.0,632.0,43838,0.21,27735138.2
NRIC,2024-06-20,644.6,647.7,630.1,636.5,20777,0.71,13279191.0
NRIC,2024-06-23,637.0,690.0,636.0,644.0,27655,1.18,17947706.7
NRIC,2024-06-24,644.0,696.0,644.0,648.0,22029,0.62,14338523.0
NRIC,2024-06-25,654.0,654.0,644.0,644.0,14617,-0.62,9454236.9
NRIC,2024-06-26,656.8,656.8,633.0,636.8,27184,-1.12,17342477.1
NRIC,2024-06-27,640.0,648.0,632.4,646.7,28915,1.55,18486583.4
NRIC,2024-06-30,644.0,656.8,634.0,634.0,19678,-1.96,12543050.3
NRIC,2024-07-01,631.0,646.0,630.3,643.0,18028,1.42,11535824.4
NRIC,2024-07-02,655.8,690.0,645.0,653.0,41185,1.56,26981892.0
NRIC,2024-07-03,650.0,657.0,631.0,642.0,33315,-1.68,21349901.0
NRIC,2024-07-04,636.0,658.0,636.0,652.6,55409,1.65,35872018.0
NRIC,2024-07-07,664.0,685.0,650.0,678.0,119336,3.89,79514689.2
NRIC,2024-07-08,678.0,690.0,670.5,674.0,30063,-0.59,20379910.8
NRIC,2024-07-09,679.0,700.0,670.0,680.0,38641,0.89,26276777.4
NRIC,2024-07-10,693.6,699.0,672.0,677.2,59694,-0.41,40617311.0
NRIC,2024-07-11,690.7,693.0,676.4,690.2,77253,1.92,52754873.7
NRIC,2024-07-14,704.0,718.0,690.0,704.0,74984,2.0,52541386.4
NRIC,2024-07-15,718.0,744.0,690.0,698.0,91549,-0.85,64572044.1
NRIC,2024-07-16,698.0,729.0,686.1,713.0,55874,2.15,39464329.6
NRIC,2024-07-17,720.0,727.0,705.0,718.9,65712,0.83,46946267.9
NRIC,2024-07-18,720.0,760.0,715.1,729.9,102617,1.53,75416602.7
NRIC,2024-07-21,729.0,780.0,721.0,763.0,148887,4.53,111988737.1
NRIC,2024-07-22,770.0,839.3,750.5,781.0,135483,2.36,105273060.0
NRIC,2024-07-23,794.0,841.0,782.0,792.9,85299,1.52,67642001.0
NRIC,2024-07-24,808.0,808.0,770.0,778.1,105557,-1.87,82607148.0
NRIC,2024-07-25,762.6,782.0,762.6,775.5,78170,-0.33,60522128.8
NRIC,2024-07-28,775.0,805.0,774.0,786.6,77710,1.43,60959571.7
NRIC,2024-07-29,791.0,799.9,770.3,784.0,138722,-0.33,108723885.4
NRIC,2024-07-30,784.0,845.0,771.0,839.1,297921,7.03,243322480.5
NRIC,2024-07-31,842.9,890.0,842.9,865.0,196738,3.09,172021590.2
NRIC,2024-08-01,870.0,884.9,845.0,854.9,153285,-1.17,132147176.2
NRIC,2024-08-05,854.9,902.1,833.0,902.0,264624,5.51,232151454.4
NRIC,2024-08-06,910.0,963.0,884.0,902.0,522831,0.0,483633519.7
NRIC,2024-08-07,902.0,992.2,900.1,992.2,334439,10.0,318440752.6
NRIC,2024-08-08,1012.0,1052.0,960.0,977.0,261668,-1.53,263436223.2
NRIC,2024-08-11,977.0,995.0,954.0,975.0,324297,-0.2,312840453.5
NRIC,2024-08-12,980.0,999.0,956.0,980.0,248362,0.51,241962690.0
NRIC,2024-08-13,990.0,990.0,948.0,952.0,155067,-2.86,148788619.3
NRIC,2024-08-14,960.0,990.0,940.0,963.0,160317,1.16,154455587.1
NRIC,2024-08-15,963.0,980.0,931.0,931.0,180254,-3.32,170859675.3
NRIC,2024-08-18,949.6,949.6,900.0,903.1,161079,-3.0,147385103.3
NRIC,2024-08-21,900.0,950.0,896.0,910.1,102348,0.78,93846441.3
NRIC,2024-08-22,928.3,956.0,903.0,911.0,118340,0.1,108513132.9
NRIC,2024-08-25,929.2,929.2,870.0,875.0,101080,-3.95,89827497.7
NRIC,2024-08-27,870.0,885.0,835.0,835.9,144057,-4.47,122871116.6
NRIC,2024-08-28,852.0,884.0,830.0,840.0,96106,0.49,82085867.7
NRIC,2024-08-29,856.8,856.8,829.0,841.0,131129,0.12,110716220.0
NRIC,2024-09-01,841.0,925.0,831.4,837.0,98101,-0.48,83444656.0
NRIC,2024-09-02,853.7,870.0,824.2,866.0,106219,3.46,90673324.3
NRIC,2024-09-03,866.0,887.0,855.0,868.0,70134,0.23,61038473.8
NRIC,2024-09-04,885.3,885.3,833.0,833.0,81533,-4.03,69056550.6
NRIC,2024-09-05,833.0,840.0,815.6,836.0,51326,0.36,42229310.0
NRIC,2024-09-08,840.0,850.0,820.0,824.0,50278,-1.44,41956460.0
NRIC,2024-09-09,820.0,824.0,800.0,802.0,97171,-2.67,78138492.1
NRIC,2024-09-10,817.0,818.0,795.0,795.1,65184,-0.86,52286250.8
NRIC,2024-09-11,797.0,804.0,792.4,800.0,83143,0.62,66457135.9
NRIC,2024-09-12,816.0,848.0,800.0,837.9,97803,4.74,81116798.6
NRIC,2024-09-15,839.0,852.0,805.0,818.9,66067,-2.27,55083865.0
NRIC,2024-09-16,820.0,820.0,785.0,792.0,68821,-3.28,54672107.3
NRIC,2024-09-18,792.0,795.0,780.0,790.1,53649,-0.24,42241123.2
NRIC,2024-09-22,805.9,820.0,786.0,791.9,31012,0.23,24710988.7
NRIC,2024-09-23,791.9,791.9,744.0,770.0,72821,-2.77,56336753.3
NRIC,2024-09-24,756.0,773.0,735.0,744.9,76276,-3.26,57913563.6
NRIC,2024-09-25,744.0,800.0,735.0,764.0,43224,2.56,32630010.6
NRIC,2024-09-26,765.1,776.9,751.0,757.0,30874,-0.92,23515776.9
NRIC,2024-09-29,744.0,755.0,735.3,740.0,19362,-2.25,14400502.4
NRIC,2024-09-30,737.0,770.0,736.0,770.0,30065,4.05,22515275.6
NRIC,2024-10-01,770.0,847.0,770.0,798.1,81700,3.65,65313859.3
NRIC,2024-10-02,790.0,877.0,788.0,805.0,83877,0.86,67936538.5
NRIC,2024-10-06,789.2,819.9,789.2,819.9,45643,1.85,36802706.0
NRIC,2024-10-07,816.0,840.0,816.0,830.0,96888,1.23,80334646.7
NRIC,2024-10-08,843.9,843.9,805.0,810.0,25796,-2.41,21104822.3
NRIC,2024-10-09,825.0,825.0,800.0,813.0,32579,0.37,26413338.9
NRIC,2024-10-15,805.1,828.0,805.1,823.0,20789,1.23,17073266.3
NRIC,2024-10-16,830.0,838.9,820.0,830.0,42335,0.85,35104339.2
NRIC,2024-10-17,820.0,875.0,820.0,837.0,90155,0.84,76137982.2
NRIC,2024-10-20,822.5,840.0,815.7,826.7,56475,-1.23,46702467.1
NRIC,2024-10-21,817.0,823.9,797.0,800.0,44992,-3.23,36356812.0
NRIC,2024-10-22,790.0,813.0,790.0,808.0,34734,1.0,27900578.6
NRIC,2024-10-23,824.1,824.1,795.0,803.0,17117,-0.62,13772925.7
NRIC,2024-10-24,804.0,804.0,790.0,793.0,22656,-1.25,18020242.0
NRIC,2024-10-27,799.9,873.0,784.0,789.0,17487,-0.5,13785509.3
NRIC,2024-10-28,783.3,800.0,783.2,794.0,10300,0.63,8174897.5
NRIC,2024-10-29,792.5,808.0,792.1,806.0,21184,1.51,17030203.8
NRIC,2024-10-30,818.7,818.7,790.1,799.0,13948,-0.87,11186435.3
NRIC,2024-11-05,813.0,813.0,790.0,795.0,9673,-0.5,7710430.6
NRIC,2024-11-06,795.0,805.0,791.0,794.0,16643,-0.13,13227715.8
NRIC,2024-11-10,809.0,819.0,792.9,814.0,30643,2.52,24898300.5
NRIC,2024-11-11,820.0,830.0,814.2,820.0,36388,0.74,29947422.3
NRIC,2024-11-12,820.0,830.0,808.3,810.0,31043,-1.22,25425954.0
NRIC,2024-11-13,803.1,814.0,802.0,804.0,17045,-0.74,13741760.1
NRIC,2024-11-14,813.0,813.0,797.0,806.0,32673,0.25,26238657.7
NRIC,2024-11-17,815.0,876.0,808.0,816.0,63104,1.24,51719179.0
NRIC,2024-11-19,811.0,816.0,796.0,799.0,39991,-2.08,32084373.7
NRIC,2024-11-20,812.0,812.0,790.0,795.0,15213,-0.5,12098122.8
NRIC,2024-11-21,790.0,802.0,780.0,780.0,36874,-1.89,28945428.6
NRIC,2024-11-24,780.0,795.0,771.0,771.0,23826,-1.15,18529597.9
NRIC,2024-11-25,786.4,836.0,772.1,790.0,41652,2.46,33049053.1
NRIC,2024-11-26,805.8,868.0,796.8,813.0,45645,2.91,36892547.7
NRIC,2024-11-27,816.0,845.7,812.1,818.0,37914,0.62,31071772.6
NRIC,2024-11-28,814.0,825.0,795.2,799.1,25150,-2.31,20271860.6
NRIC,2024-12-01,799.1,799.1,780.0,785.0,36991,-1.76,29109924.4
NRIC,2024-12-02,777.0,794.9,777.0,784.0,21032,-0.13,16535793.9
NRIC,2024-12-03,799.6,800.0,782.5,785.1,26531,0.14,20916893.2
NRIC,2024-12-04,800.8,814.0,778.1,780.0,31823,-0.65,25262068.4
NRIC,2024-12-05,785.0,797.0,775.0,779.0,25061,-0.13,19569561.1
NRIC,2024-12-08,792.9,842.0,766.0,775.2,25877,-0.49,20177545.0
NRIC,2024-12-09,777.0,787.0,770.0,774.1,17277,-0.14,13379010.2
NRIC,2024-12-10,775.0,822.0,771.0,772.0,17665,-0.27,13718158.8
NRIC,2024-12-11,787.0,787.0,770.0,775.0,15691,0.39,12133799.1
NRIC,2024-12-12,776.1,784.0,765.0,767.0,22408,-1.03,17328599.6
NRIC,2024-12-16,767.0,770.0,746.0,750.0,23598,-2.22,17777429.8
NRIC,2024-12-17,742.2,759.0,742.2,749.0,12473,-0.13,9361479.7
NRIC,2024-12-18,751.0,794.0,750.0,750.1,26544,0.15,20283724.6
NRIC,2024-12-19,751.0,759.0,737.1,740.0,27780,-1.35,20671039.6
NRIC,2024-12-22,725.2,768.0,725.0,725.0,18074,-2.03,13294941.3
NRIC,2024-12-23,730.0,738.0,730.0,733.9,18084,1.23,13245290.3
NRIC,2024-12-24,736.9,745.0,733.3,738.0,13963,0.56,10313703.5
NRIC,2024-12-26,733.0,742.0,725.0,731.0,15216,-0.95,11151725.0
NRIC,2024-12-29,730.0,740.0,725.0,729.0,18607,-0.27,13578456.9
NRIC,2024-12-31,726.0,755.0,722.0,750.0,31407,2.88,22880910.5
NRIC,2025-01-01,748.3,748.3,733.2,740.0,14622,-1.33,10783757.7
NRIC,2025-01-02,733.0,740.0,728.2,730.5,11193,-1.28,8191341.4
NRIC,2025-01-05,727.3,742.8,727.0,740.0,20555,1.3,15133976.1
NRIC,2025-01-06,754.0,764.5,737.6,764.0,29021,3.24,21795071.5
NRIC,2025-01-07,779.0,779.0,741.9,749.0,76364,-1.96,57095599.7
NRIC,2025-01-08,763.9,763.9,741.0,746.0,16455,-0.4,12314837.2
NRIC,2025-01-09,746.0,754.8,740.0,749.4,45265,0.46,33881698.6
NRIC,2025-01-12,764.3,764.3,744.0,753.0,49247,0.48,36927781.8
NRIC,2025-01-13,750.1,765.0,746.1,760.0,51416,0.93,38769093.8
NRIC,2025-01-15,750.0,779.0,750.0,778.0,63704,2.37,49069908.7
NRIC,2025-01-16,766.1,799.9,766.1,784.7,95296,0.86,75225040.3
NRIC,2025-01-19,784.7,791.9,770.3,785.0,55534,0.04,43604726.5
NRIC,2025-01-20,797.9,839.0,785.0,823.0,189619,4.84,155046910.0
NRIC,2025-01-21,835.8,875.0,821.0,870.9,239210,5.82,205360521.7
NRIC,2025-01-22,888.3,935.0,875.0,920.0,450191,5.64,412944419.7
NRIC,2025-01-23,938.4,938.4,886.0,917.0,154619,-0.33,139238418.8
NRIC,2025-01-26,935.3,942.4,900.0,935.2,411627,1.98,384259775.3
NRIC,2025-01-27,935.2,948.0,899.0,918.0,248560,-1.84,228087838.8
NRIC,2025-01-28,920.0,947.0,920.0,946.5,310474,3.1,290391140.3
NRIC,2025-02-02,955.0,969.0,948.1,966.0,276984,2.06,266158343.1
NRIC,2025-02-03,966.0,980.0,947.9,968.0,232527,0.21,223967995.3
NRIC,2025-02-04,948.7,997.2,948.7,988.0,273126,2.07,268453589.0
NRIC,2025-02-05,988.0,999.2,977.0,998.9,339300,1.1,337639357.5
NRIC,2025-02-06,998.9,998.9,971.0,989.9,227529,-0.9,222708900.6
NRIC,2025-02-09,971.0,986.0,962.0,968.0,162480,-2.21,158071264.8
NRIC,2025-02-10,971.0,980.0,968.0,980.0,141762,1.24,137929929.1
NRIC,2025-02-11,974.0,989.0,972.1,980.0,127192,0.0,124513372.4
NRIC,2025-02-12,960.4,993.9,960.4,974.5,94689,-0.56,92908214.9
NRIC,2025-02-13,974.0,984.0,968.0,978.0,129607,0.36,126065824.8
NRIC,2025-02-16,971.0,984.0,971.0,980.0,96452,0.2,94587349.9
NRIC,2025-02-17,961.0,1015.0,961.0,1011.0,325068,3.16,326435355.0
NRIC,2025-02-18,1011.0,1061.0,1011.0,1055.0,491364,4.35,516824657.3
NRIC,2025-02-20,1041.0,1080.0,1015.1,1077.0,630897,2.09,656607856.8
NRIC,2025-02-23,1055.5,1161.7,1038.1,1152.9,537255,7.05,602946703.44
NRIC,2025-02-24,1152.9,1245.4,1152.9,1227.0,668603,6.43,806714316.5
NRIC,2025-02-25,1227.0,1307.0,1227.0,1304.0,647466,6.28,830365991.3
NRIC,2025-02-27,1330.0,1345.0,1305.0,1321.7,578340,1.36,764236780.0
NRIC,2025-03-02,1348.1,1348.1,1296.0,1323.0,744448,0.1,975377331.8
NRIC,2025-03-03,1301.0,1340.0,1301.0,1332.0,552102,0.68,734202929.3
NRIC,2025-03-04,1332.0,1389.9,1315.1,1341.0,470960,0.68,642535252.5
NRIC,2025-03-05,1339.9,1370.0,1326.3,1345.0,664098,0.3,903148283.4
NRIC,2025-03-06,1345.0,1366.5,1321.0,1350.0,798190,0.37,1080193153.7
NRIC,2025-03-09,1345.0,1349.0,1287.0,1304.0,456857,-3.41,599884261.3
NRIC,2025-03-10,1304.0,1320.0,1285.0,1300.0,563913,-0.31,735090929.8
NRIC,2025-03-11,1300.0,1321.0,1277.0,1280.0,414831,-1.54,533685918.5
NRIC,2025-03-12,1275.0,1315.9,1267.0,1307.8,296841,2.17,386798300.2
NRIC,2025-03-16,1308.0,1308.0,1255.9,1289.5,266627,-1.4,341614539.3
NRIC,2025-03-17,1315.2,1315.2,1276.3,1289.0,238031,-0.04,307404430.5
NRIC,2025-03-18,1297.0,1304.9,1275.0,1289.2,140072,0.02,180390064.6
NRIC,2025-03-19,1280.0,1290.0,1265.2,1282.1,134451,-0.55,171811720.6
NRIC,2025-03-20,1280.0,1283.0,1267.0,1277.86,221127,-0.33,282128237.2
NRIC,2025-03-23,1278.0,1290.0,1241.9,1258.7,276219,-1.5,348272216.6
NRIC,2025-03-24,1269.0,1282.1,1246.0,1272.85,102725,1.12,129622045.1
NRIC,2025-03-25,1298.3,1298.3,1250.0,1250.18,170752,-1.78,213915560.5
NRIC,2025-03-26,1262.0,1295.0,1237.0,1281.31,246444,2.49,316326677.1
NRIC,2025-03-27,1256.0,1310.0,1256.0,1295.47,208669,1.11,270769289.3
NRIC,2025-03-30,1300.0,1365.0,1290.0,1342.52,358103,3.63,478482635.7
NRIC,2025-04-01,1342.6,1354.0,1303.0,1313.69,202139,-2.15,266635307.6
NRIC,2025-04-02,1339.0,1339.0,1301.0,1316.21,139449,0.19,184491097.6
NRIC,2025-04-03,1296.0,1366.9,1296.0,1346.06,416878,2.27,559922091.0
NRIC,2025-04-07,1349.9,1365.0,1326.1,1346.47,245583,0.03,331768565.8
NRIC,2025-04-08,1373.3,1373.3,1318.3,1334.41,173447,-0.9,231303852.5
NRIC,2025-04-09,1307.9,1359.0,1307.9,1338.4,168510,0.3,227211578.8
NRIC,2025-04-10,1365.1,1365.1,1316.4,1322.98,107520,-1.15,143228537.9
NRIC,2025-04-13,1335.0,1335.0,1296.6,1304.6,137789,-1.39,180608420.9
NRIC,2025-04-15,1330.0,1330.0,1300.0,1306.15,94449,0.12,124236710.7
NRIC,2025-04-16,1325.0,1325.0,1285.0,1292.35,105833,-1.06,137208772.6
NRIC,2025-04-17,1290.0,1318.1,1285.0,1290.41,178778,-0.15,232345447.6
NRIC,2025-04-20,1295.0,1308.9,1270.0,1271.64,108782,-1.45,139513757.2
NRIC,2025-04-21,1246.3,1290.0,1245.4,1248.69,128970,-1.8,162081704.8
NRIC,2025-04-22,1225.0,1320.0,1225.0,1308.94,280652,4.83,356469210.2
NRIC,2025-04-23,1308.0,1315.0,1270.1,1280.4,183173,-2.18,237323497.8
NRIC,2025-04-24,1280.4,1293.0,1255.0,1277.16,102212,-0.25,130473966.6
NRIC,2025-04-27,1280.0,1294.0,1250.0,1255.99,154409,-1.66,196140698.0
NRIC,2025-04-28,1231.0,1294.0,1231.0,1257.02,110083,0.08,140062236.9
NRIC,2025-04-29,1231.9,1276.0,1231.9,1243.37,83642,-1.09,104775636.6
NRIC,2025-04-30,1218.6,1264.0,1218.6,1231.25,90177,-0.97,111433952.7
NRIC,2025-05-04,1206.7,1254.0,1206.7,1224.59,59730,-0.54,73469303.7
NRIC,2025-05-05,1201.0,1242.5,1201.0,1225.65,55673,0.09,68635444.3
NRIC,2025-05-06,1202.0,1249.9,1201.9,1203.73,78721,-1.79,95352391.3
NRIC,2025-05-07,1205.0,1244.0,1202.0,1236.04,70544,2.68,86228590.1
NRIC,2025-05-08,1241.0,1241.0,1200.0,1203.15,57478,-2.66,69727505.2
NRIC,2025-05-11,1180.0,1218.9,1165.0,1171.45,108318,-2.63,128704627.8
NRIC,2025-05-13,1194.0,1194.0,1151.0,1156.72,72650,-1.26,84684821.2
NRIC,2025-05-14,1155.2,1229.0,1146.0,1222.19,188235,5.66,227003509.7
NRIC,2025-05-15,1220.0,1225.0,1185.1,1195.15,75509,-2.21,90832708.6
NRIC,2025-05-18,1172.0,1300.0,1172.0,1295.69,552942,8.41,703750731.3
NRIC,2025-05-19,1296.0,1344.0,1280.0,1313.06,385095,1.34,510715143.2
NRIC,2025-05-20,1313.0,1328.0,1300.0,1324.32,178271,0.86,235230207.5
NRIC,2025-05-21,1350.8,1350.8,1275.1,1308.2,275796,-1.22,360901847.4
NRIC,2025-05-22,1328.0,1330.0,1274.0,1301.52,245616,-0.51,319120548.5
NRIC,2025-05-25,1304.0,1304.0,1276.2,1282.56,99319,-1.46,127654275.2
NRIC,2025-05-26,1308.2,1309.0,1264.0,1271.02,113236,-0.9,145457538.9
NRIC,2025-05-27,1263.0,1278.9,1261.2,1265.94,82233,-0.4,104221264.4
NRIC,2025-05-28,1241.0,1288.9,1241.0,1266.1,80811,0.01,102369769.1
NRIC,2025-06-02,1291.4,1300.0,1272.0,1280.58,111132,1.14,143083244.0
NRIC,2025-06-03,1255.0,1299.0,1255.0,1259.94,55182,-1.61,70083518.9
NRIC,2025-06-04,1285.1,1285.1,1242.1,1246.61,36254,-1.06,45348554.1
NRIC,2025-06-05,1221.7,1264.8,1221.7,1232.04,57411,-1.17,71174960.5
NRIC,2025-06-08,1208.0,1235.1,1208.0,1217.38,54882,-1.19,67047012.1
NRIC,2025-06-09,1239.0,1293.9,1205.0,1292.08,224958,6.14,287645124.4
NRIC,2025-06-10,1292.9,1305.0,1285.4,1300.15,209514,0.62,272442844.6
NRIC,2025-06-11,1300.0,1300.0,1265.0,1270.83,92189,-2.26,118103291.2
NRIC,2025-06-12,1277.0,1277.0,1254.0,1264.13,96075,-0.53,121271601.3
NRIC,2025-06-15,1260.0,1270.0,1250.0,1255.23,60833,-0.7,76706986.4
NRIC,2025-06-16,1231.0,1265.0,1231.0,1243.32,56581,-0.95,70943874.7
NRIC,2025-06-17,1259.1,1259.1,1235.1,1237.38,34152,-0.48,42433351.2
NRIC,2025-06-18,1235.0,1258.0,1232.0,1245.2,42562,0.63,52924920.9
NRIC,2025-06-19,1221.0,1269.0,1221.0,1224.63,60273,-1.65,74347494.5
NRIC,2025-06-22,1215.0,1235.0,1215.0,1221.79,67534,-0.23,82736532.3
NRIC,2025-06-23,1229.5,1230.0,1213.0,1217.83,25510,-0.32,31093593.9
NRIC,2025-06-24,1229.9,1233.0,1210.1,1212.82,26430,-0.41,32271374.5
NRIC,2025-06-25,1200.0,1223.3,1200.0,1206.95,33080,-0.48,39942697.6
NRIC,2025-06-26,1205.0,1230.0,1202.0,1208.2,36726,0.1,44443527.2
NRIC,2025-06-29,1203.0,1265.0,1203.0,1238.48,81448,2.51,101264894.2
NRIC,2025-06-30,1250.0,1254.0,1225.0,1229.16,38401,-0.75,47424253.2
NRIC,2025-07-01,1217.1,1250.0,1217.1,1238.37,33785,0.75,41694463.7
NRIC,2025-07-02,1235.0,1254.8,1227.0,1245.4,52263,0.57,65004562.1
NRIC,2025-07-03,1220.5,1280.0,1220.5,1249.24,98232,0.31,123283951.3
NRIC,2025-07-06,1270.0,1311.3,1246.1,1309.59,380586,4.83,494008485.0
NRIC,2025-07-07,1335.7,1335.7,1303.0,1322.27,611131,0.97,807056451.8
NRIC,2025-07-08,1306.0,1321.9,1276.0,1309.79,394548,-0.94,516719545.3
NRIC,2025-07-09,1283.6,1334.5,1283.6,1314.68,216442,0.37,284153164.3
NRIC,2025-07-10,1340.9,1340.9,1291.0,1307.12,113271,-0.58,148041841.5
NRIC,2025-07-13,1333.2,1333.2,1281.0,1292.98,136991,-1.08,177950972.7
NRIC,2025-07-14,1299.9,1300.0,1254.0,1258.51,83006,-2.67,105446609.3
NRIC,2025-07-15,1279.0,1283.6,1255.2,1259.64,72538,0.09,91433388.9
NRIC,2025-07-16,1260.0,1283.0,1250.0,1260.11,102254,0.04,129472578.7
NRIC,2025-07-17,1235.0,1375.0,1235.0,1367.57,626380,8.53,844273648.6
NRIC,2025-07-20,1390.0,1469.0,1366.0,1462.1,690876,6.91,985552989.7
NRIC,2025-07-21,1491.3,1521.0,1435.0,1495.12,511589,2.26,756646307.4
NRIC,2025-07-22,1496.0,1560.0,1460.0,1550.88,472997,3.73,718885745.5
NRIC,2025-07-23,1552.0,1591.0,1530.0,1586.86,349910,2.32,552782341.9
NRIC,2025-07-24,1587.0,1600.0,1560.2,1598.96,304317,0.76,483257682.7
NRIC,2025-07-27,1600.0,1605.0,1583.0,1591.1,532878,-0.49,850214145.9
NRIC,2025-07-28,1581.0,1601.0,1550.0,1558.78,256169,-2.03,402449976.2
NRIC,2025-07-29,1585.0,1630.0,1565.0,1601.66,353764,2.75,569214189.7
NRIC,2025-07-30,1629.0,1665.0,1602.0,1628.79,331806,1.69,543576033.7
NRIC,2025-07-31,1660.0,1691.0,1592.5,1609.19,462490,-1.2,753513588.4
NRIC,2025-08-03,1615.0,1615.0,1515.0,1530.85,478882,-4.87,753964865.9
NRIC,2025-08-04,1530.0,1555.0,1490.0,1533.22,208060,0.15,316275424.3
NRIC,2025-08-05,1550.0,1550.0,1482.0,1483.42,139609,-3.25,209036887.5
NRIC,2025-08-06,1454.0,1520.0,1454.0,1491.75,126020,0.56,189088734.3
NRIC,2025-08-07,1463.0,1537.0,1463.0,1519.31,150518,1.85,228748515.0
NRIC,2025-08-11,1530.0,1583.0,1525.0,1553.4,236341,2.24,366053235.6
NRIC,2025-08-12,1560.0,1577.9,1532.0,1538.87,172139,-0.94,267755293.8
NRIC,2025-08-13,1554.0,1557.9,1532.0,1539.16,118995,0.02,183770361.6
NRIC,2025-08-14,1569.9,1602.0,1530.8,1593.55,297810,3.53,471713298.0
NRIC,2025-08-17,1593.0,1632.0,1573.0,1582.61,321323,-0.69,516702201.9
NRIC,2025-08-18,1584.0,1599.9,1555.0,1561.99,138590,-1.3,217528831.8
NRIC,2025-08-19,1575.0,1588.0,1555.3,1567.06,90210,0.32,141472152.4
NRIC,2025-08-20,1535.8,1599.0,1535.8,1569.66,158629,0.17,250979240.7
NRIC,2025-08-21,1601.0,1601.0,1540.0,1563.17,127600,-0.41,200959623.3
NRIC,2025-08-24,1584.0,1590.0,1555.2,1567.57,155938,0.28,244772317.7
NRIC,2025-08-25,1575.0,1652.0,1552.2,1647.5,475871,5.1,769677951.8
NRIC,2025-08-26,1647.5,1688.0,1640.0,1685.72,293532,2.32,489578224.7
NRIC,2025-08-27,1685.0,1738.0,1669.0,1731.89,294510,2.74,505276277.0
NRIC,2025-08-28,1735.0,1743.0,1671.0,1689.84,384160,-2.43,654403822.1
NRIC,2025-08-31,1665.0,1708.0,1655.0,1667.07,270397,-1.35,454645364.1
NRIC,2025-09-01,1634.0,1700.0,1634.0,1674.55,168071,0.45,280823184.5
NRIC,2025-09-02,1641.1,1842.0,1641.1,1665.64,135080,-0.53,227045814.3
NRIC,2025-09-03,1660.0,1686.0,1660.0,1663.88,156818,-0.11,261586238.0
NRIC,2025-09-04,1660.0,1677.0,1630.0,1658.08,213812,-0.35,353570151.7
NRIC,2025-09-07,1685.0,1695.0,1660.0,1668.44,163248,0.62,274645200.3
NRIC,2025-09-08,1650.0,1678.0,1616.0,1631.86,187293,-2.19,306857604.8
NRIC,2025-09-18,1599.3,1599.3,1468.7,1468.7,2922,-10.0,4296724.4
NRIC,2025-09-21,1439.4,1538.0,1321.9,1470.67,599089,0.13,831355910.5
NRIC,2025-09-23,1490.0,1528.9,1452.0,1518.0,256583,3.22,386801837.0
NRIC,2025-09-24,1490.0,1520.0,1445.0,1467.0,117746,-3.36,173253424.8
NRIC,2025-09-25,1437.7,1490.0,1436.0,1462.0,211691,-0.34,309034270.6
NRIC,2025-09-28,1462.0,1487.0,1444.0,1444.0,75209,-1.23,110034005.0
NRIC,2025-10-07,1465.0,1465.0,1320.1,1320.2,141566,-8.57,194506717.1
NRIC,2025-10-08,1345.0,1367.9,1265.1,1307.0,201198,-1.0,261690897.5
NRIC,2025-10-09,1302.0,1437.2,1280.0,1300.0,152360,-0.54,200707961.2
NRIC,2025-10-12,1320.0,1320.0,1174.0,1181.1,314825,-9.15,380747072.6
NRIC,2025-10-13,1204.7,1299.2,1161.5,1299.2,212351,10.0,264770840.8
NRIC,2025-10-14,1320.0,1334.0,1280.1,1331.0,243537,2.45,320783716.6
NRIC,2025-10-15,1310.0,1350.0,1290.0,1305.0,155553,-1.95,205404367.9
NRIC,2025-10-16,1278.9,1318.0,1225.0,1250.0,102789,-4.21,130462654.6
NRIC,2025-10-19,1228.0,1301.0,1228.0,1281.0,219078,2.48,281094365.5
NRIC,2025-10-26,1288.0,1377.0,1260.6,1372.0,242275,7.1,324961936.0
NRIC,2025-10-28,1389.0,1418.9,1346.0,1398.0,110592,1.9,154707216.9
NRIC,2025-10-29,1370.1,1420.0,1345.0,1369.0,117147,-2.07,161596521.1
NRIC,2025-10-30,1373.0,1423.9,1330.1,1380.0,245406,0.8,341036207.7
NRIC,2025-11-02,1407.6,1415.0,1352.5,1390.0,142016,0.72,197535694.1
NRIC,2025-11-03,1365.0,1407.0,1365.0,1379.0,86270,-0.79,119015339.8
NRIC,2025-11-04,1381.0,1390.0,1337.0,1349.8,122998,-2.12,166472545.0
NRIC,2025-11-05,1349.0,1387.0,1335.0,1360.0,80339,0.76,108204679.2
NRIC,2025-11-06,1333.1,1384.0,1330.0,1350.0,52309,-0.74,70220358.6
NRIC,2025-11-09,1323.0,1371.6,1304.0,1364.0,174900,1.04,235334922.9
NRIC,2025-11-10,1391.2,1391.2,1337.7,1358.0,95225,-0.44,129771933.4
NRIC,2025-11-11,1365.0,1369.0,1338.0,1338.0,24930,-1.47,33545061.7
NRIC,2025-11-12,1313.0,1357.0,1313.0,1318.0,51200,-1.49,67918945.8
NRIC,2025-11-13,1291.8,1348.4,1291.8,1310.0,58512,-0.61,77381389.9
NRIC,2025-11-16,1336.2,1363.0,1284.0,1334.0,158918,1.83,213522895.8
NRIC,2025-11-17,1360.6,1360.6,1309.0,1316.0,54529,-1.35,72413631.7
NRIC,2025-11-18,1289.7,1364.9,1289.7,1325.0,59606,0.68,79244516.5
NRIC,2025-11-19,1340.0,1340.0,1305.2,1317.0,61358,-0.6,80613553.4
NRIC,2025-11-20,1339.9,1339.9,1305.1,1330.0,96707,0.99,126982915.6
NRIC,2025-11-23,1330.0,1352.0,1323.0,1330.0,128334,0.0,171229246.5
NRIC,2025-11-24,1340.0,1360.0,1319.0,1357.0,181460,2.03,244321805.8
NRIC,2025-11-25,1374.8,1375.0,1343.1,1360.1,113537,0.23,154412637.2
NRIC,2025-11-26,1365.0,1370.0,1345.0,1365.0,104661,0.36,142625367.4
NRIC,2025-11-27,1392.3,1392.3,1341.7,1355.0,83225,-0.73,113195757.0
NRIC,2025-11-30,1350.5,1370.0,1325.0,1334.0,57567,-1.55,77527973.1
NRIC,2025-12-01,1344.0,1347.0,1320.0,1327.0,101463,-0.52,135412201.6
NRIC,2025-12-02,1303.0,1347.0,1303.0,1331.0,63018,0.3,84157797.1
NRIC,2025-12-03,1330.5,1344.0,1310.0,1315.0,58828,-1.2,77726969.4
NRIC,2025-12-07,1338.0,1338.0,1290.0,1306.0,75604,-0.68,98614905.4
NRIC,2025-12-08,1310.0,1315.2,1293.1,1296.0,40862,-0.77,53253674.2
NRIC,2025-12-09,1296.0,1307.0,1291.1,1307.0,35816,0.85,46534196.3
NRIC,2025-12-10,1296.0,1307.0,1280.0,1294.0,47338,-0.99,61058772.0
NRIC,2025-12-11,1283.1,1295.0,1275.0,1278.0,36321,-1.24,46617112.9
NRIC,2025-12-14,1278.0,1287.0,1253.0,1264.9,41326,-1.03,52373751.0
NRIC,2025-12-15,1240.0,1275.0,1240.0,1255.0,40875,-0.78,51545586.8
NRIC,2025-12-16,1268.6,1268.6,1251.1,1265.0,14845,0.8,18701569.4
NRIC,2025-12-17,1280.0,1280.0,1250.0,1259.9,32846,-0.4,41506749.5
NRIC,2025-12-18,1285.0,1285.0,1211.0,1242.0,36314,-1.42,45488107.9
NRIC,2025-12-21,1242.1,1251.9,1230.2,1239.4,34538,-0.21,42833631.3
NRIC,2025-12-22,1230.0,1244.9,1223.0,1225.0,18545,-1.16,22800086.0
NRIC,2025-12-23,1220.0,1246.0,1219.0,1234.4,19030,0.77,23413310.4
NRIC,2025-12-24,1249.0,1249.0,1227.0,1231.0,18419,-0.28,22677463.7
NRIC,2025-12-28,1255.0,1285.0,1237.0,1279.5,64414,3.94,81912603.5
NRIC,2025-12-29,1280.0,1290.0,1255.9,1261.5,25923,-1.41,32891080.9
NRIC,2025-12-31,1275.0,1286.0,1256.0,1259.0,49295,-0.2,62574439.0
NRIC,2026-01-01,1270.0,1270.0,1245.6,1262.0,39349,0.24,49211432.2
NRIC,2026-01-04,1269.9,1277.9,1247.0,1253.0,53180,-0.71,66806224.24
NRIC,2026-01-05,1265.9,1288.0,1255.0,1273.9,71747,1.67,91215877.5
NRIC,2026-01-06,1280.0,1312.0,1277.0,1297.1,98406,1.82,127477680.5
NRIC,2026-01-07,1285.0,1310.0,1280.1,1294.0,53005,-0.24,68659397.5
NRIC,2026-01-08,1300.0,1300.0,1281.0,1286.0,31889,-0.62,41079572.9
NRIC,2026-01-12,1284.0,1304.8,1275.0,1279.0,42004,-0.54,54124868.4
NRIC,2026-01-13,1290.0,1315.0,1272.0,1312.0,97787,2.58,126772793.8
NRIC,2026-01-14,1312.0,1336.0,1299.0,1311.0,45213,-0.08,59548061.1
NRIC,2026-01-18,1320.0,1324.0,1295.0,1305.0,64519,-0.46,84428280.0
NRIC,2026-01-20,1327.0,1345.0,1300.0,1313.2,119056,0.63,157469340.4
NRIC,2026-01-21,1325.0,1331.5,1305.0,1313.0,70734,-0.02,93221753.5
NRIC,2026-01-22,1315.0,1322.0,1305.0,1314.0,42882,0.08,56148073.9
NRIC,2026-01-25,1314.0,1346.0,1303.0,1329.0,76666,1.14,101757301.0
NRIC,2026-01-26,1348.0,1348.0,1305.0,1312.0,62396,-1.28,82440323.7
NRIC,2026-01-27,1313.2,1320.0,1280.1,1281.0,87770,-2.36,114140000.8
NRIC,2026-01-28,1286.1,1308.0,1271.1,1290.0,54427,0.7,70257490.4
NRIC,2026-01-29,1309.9,1309.9,1275.0,1277.0,50699,-1.01,64967783.1
NRIC,2026-02-01,1277.0,1290.0,1259.0,1270.0,36248,-0.55,45859378.4
NRIC,2026-02-02,1245.0,1290.0,1245.0,1261.0,71490,-0.71,90560652.7
NRIC,2026-02-03,1235.9,1280.0,1235.9,1250.0,75855,-0.87,94580449.9
NRIC,2026-02-04,1225.0,1260.0,1200.6,1239.0,80030,-0.88,98697399.5
NRIC,2026-02-05,1249.0,1310.0,1225.0,1285.0,169369,3.71,215480123.0
NRIC,2026-02-08,1310.0,1341.0,1291.0,1319.9,196139,2.72,259333698.1
NRIC,2026-02-09,1323.0,1324.9,1262.0,1275.0,74048,-3.4,94985138.1
NRIC,2026-02-10,1265.2,1296.8,1263.0,1266.0,31673,-0.71,40431452.9
NRIC,2026-02-11,1291.3,1291.3,1251.0,1263.0,46895,-0.24,59045447.4
NRIC,2026-02-12,1288.2,1288.2,1246.0,1252.0,41236,-0.87,51776481.3
NRIC,2026-02-16,1277.0,1277.0,1240.0,1249.0,49201,-0.24,61452287.3
NRIC,2026-02-17,1272.0,1272.0,1236.1,1240.0,41129,-0.72,51344562.7
NRIC,2026-02-22,1242.0,1242.0,1215.0,1225.0,66329,-1.21,81003224.6
NRIC,2026-02-23,1215.1,1230.0,1210.0,1217.5,44202,-0.61,53775091.6
NRIC,2026-02-24,1215.0,1229.0,1215.0,1220.0,69551,0.21,84837325.8
NRIC,2026-02-25,1230.0,1244.0,1222.3,1227.0,13935,0.57,17137328.3
NRIC,2026-02-26,1251.5,1251.5,1220.5,1222.0,22131,-0.41,27166182.9
NRIC,2026-03-01,1246.4,1246.4,1205.4,1227.0,32541,0.41,39772899.5
NRIC,2026-03-03,1251.5,1251.5,1227.0,1250.0,23948,1.87,29731998.6
NRIC,2026-03-09,1275.0,1352.0,1275.0,1340.0,12865,7.2,17017405.0
NRIC,2026-03-10,1340.0,1340.0,1280.0,1299.0,101100,-3.06,131517382.4
NRIC,2026-03-11,1300.1,1310.0,1261.0,1273.0,39529,-2.0,50602726.2
NRIC,2026-03-12,1261.0,1284.8,1240.0,1251.0,104262,-1.73,130944680.6
NRIC,2026-03-15,1253.0,1272.0,1250.0,1257.0,34883,0.48,43748730.5
NRIC,2026-03-16,1258.0,1269.0,1238.1,1242.0,76151,-1.19,94866435.8
NRIC,2026-03-17,1265.9,1266.0,1235.0,1243.9,44740,0.15,55551302.2
NRIC,2026-03-19,1268.7,1286.0,1243.9,1279.8,83791,2.89,106590734.6
NRIC,2026-03-22,1300.0,1300.0,1275.0,1288.0,71116,0.64,91622487.0
NRIC,2026-03-23,1300.0,1303.0,1275.0,1295.0,80180,0.54,103279264.1
NRIC,2026-03-24,1295.1,1295.1,1275.3,1284.3,53374,-0.83,68497162.2
NRIC,2026-03-25,1300.0,1300.0,1265.0,1267.8,55588,-1.28,70713293.2
NRIC,2026-03-26,1268.0,1278.0,1261.0,1269.0,40652,0.09,51527023.7
NRIC,2026-03-29,1275.0,1280.0,1225.0,1230.0,84329,-3.07,105414618.8
NRIC,2026-03-30,1234.0,1240.1,1188.6,1193.0,142227,-3.01,172001597.2
NRIC,2026-03-31,1193.0,1200.0,1146.0,1179.0,137011,-1.17,160006727.3
NRIC,2026-04-01,1155.5,1155.5,1061.1,1063.0,393298,-9.84,426405324.4
NRIC,2026-04-02,1060.0,1124.0,1030.0,1071.0,151036,0.75,161361588.9
NRIC,2026-04-05,1050.0,1060.0,963.9,968.0,203378,-9.62,201453362.6
NRIC,2026-04-06,950.0,1015.0,950.0,990.0,140927,2.27,137969782.5
NRIC,2026-04-07,990.0,1031.0,990.0,1009.9,94913,2.01,95943337.7
NRIC,2026-04-08,1020.0,1025.0,980.0,1014.0,83543,0.41,83377677.2
NRIC,2026-04-09,1020.0,1080.0,999.5,1068.0,115751,5.33,120054727.8
NRIC,2026-04-10,1079.0,1079.0,1020.0,1040.0,88515,-2.62,91469396.8
NRIC,2026-04-13,1040.0,1040.0,1006.0,1014.7,63825,-2.43,64976318.7
NRIC,2026-04-15,1024.0,1024.0,1000.0,1011.0,61598,-0.36,61946000.5
NRIC,2026-04-16,1001.0,1010.0,960.0,972.5,185865,-3.81,181229270.7
NRIC,2026-04-17,953.2,990.0,953.2,987.9,35790,1.58,35054425.3
NRIC,2026-04-20,938.6,1007.0,938.6,975.0,39217,-1.31,37743176.7
NRIC,2026-04-21,975.1,984.0,955.0,958.9,44217,-1.65,42521208.1
NRIC,2026-04-22,958.9,965.0,915.0,959.0,113177,0.01,105903158.8
NRIC,2026-04-23,960.0,965.0,932.0,941.1,26085,-1.87,24600221.7
NRIC,2026-04-24,988.1,988.1,887.0,917.0,140081,-2.56,127494611.9
NRIC,2026-04-27,917.0,919.0,892.0,900.0,34152,-1.85,30956842.8
NRIC,2026-04-28,900.0,920.0,899.1,910.0,45144,1.11,41034822.2
NRIC,2026-04-29,910.0,915.0,890.0,898.0,39031,-1.32,35139203.9
NRIC,2026-04-30,885.1,900.0,880.0,880.6,39461,-1.94,34809075.1
NRIC,2026-05-04,881.0,889.5,873.0,873.4,25767,-0.82,22558001.1
NRIC,2026-05-05,873.1,889.7,865.0,878.0,24273,0.53,21273590.6
NRIC,2026-05-06,878.0,887.0,875.1,877.0,15069,-0.11,13280491.1
NRIC,2026-05-07,875.0,889.0,872.0,886.0,26830,1.03,23629604.9
NRIC,2026-05-08,900.0,900.0,877.0,898.0,23454,1.35,20842111.3
NRIC,2026-05-11,901.0,922.6,901.0,921.9,22773,2.66,20902856.7
NRIC,2026-05-12,926.0,939.0,905.3,909.0,25023,-1.4,23007514.0
NRIC,2026-05-13,919.0,919.0,900.0,905.0,14340,-0.44,12961649.7
NRIC,2026-05-14,902.0,902.1,870.0,890.0,22546,-1.66,20058077.0
NRIC,2026-05-15,890.0,903.0,882.2,889.0,13580,-0.11,12104175.7
NRIC,2026-05-18,933.1,933.1,882.0,896.0,9573,0.79,8509981.1
NRIC,2026-05-19,888.0,900.0,888.0,895.0,10200,-0.11,9117232.8
NRIC,2026-05-20,902.0,908.9,895.0,908.8,14304,1.54,12899696.5
NRIC,2026-05-21,954.2,954.2,905.2,911.9,9806,0.34,8940737.9
NRIC,2026-05-22,915.0,915.0,902.5,908.1,13007,-0.42,11813748.6
NRIC,2026-05-25,914.1,924.7,911.0,920.5,10494,1.37,9658225.8
NRIC,2026-05-26,921.0,924.0,910.0,916.8,14196,-0.4,12961776.3
NRIC,2026-05-27,922.0,922.0,905.6,911.0,16816,-0.63,15321507.8
NRIC,2026-06-01,956.5,1047.6,953.0,1047.6,361857,14.99,371305602.0
NRIC,2026-06-02,1047.6,1200.0,1047.6,1146.5,239257,9.44,267870253.8
NRIC,2026-06-03,1180.0,1180.0,1070.0,1087.1,195104,-5.18,218594122.7
NRIC,2026-06-04,1040.0,1129.0,1040.0,1085.0,158253,-0.19,171989587.8
NRIC,2026-06-05,1085.0,1099.9,1055.0,1070.0,59901,-1.38,64057718.2
NRIC,2026-06-08,1070.0,1070.0,1030.0,1044.0,67366,-2.43,70145512.7
NRIC,2026-06-09,1040.0,1098.0,1009.0,1056.9,124219,1.24,129794828.6
NRIC,2026-06-10,1056.0,1080.0,1050.0,1060.0,51840,0.29,55064128.7
NRIC,2026-06-11,1060.0,1069.0,1038.0,1038.1,27860,-2.07,29251923.4
NRIC,2026-06-12,1040.0,1065.6,1021.2,1042.0,72632,0.38,75875395.5
NRIC,2026-06-15,989.9,1034.9,989.9,999.0,116397,-4.13,117287250.8
NRIC,2026-06-16,990.0,1001.9,990.0,1000.0,38436,0.1,38386317.2
NRIC,2026-06-17,1050.0,1050.0,990.0,996.0,29438,-0.4,29427995.6
NRIC,2026-06-18,1001.0,1001.3,971.0,974.0,56050,-2.21,55057059.9
NRIC,2026-06-19,975.0,984.9,957.1,968.0,38289,-0.62,37082921.1
NRIC,2026-06-22,980.0,990.0,962.0,969.0,25264,0.1,24543868.7
NRIC,2026-06-23,969.0,979.9,960.0,965.3,19252,-0.38,18558259.1
NRIC,2026-06-24,918.0,985.0,918.0,958.5,27800,-0.7,26456712.8
NRIC,2026-06-25,958.5,959.0,940.0,949.0,14456,-0.99,13709074.8
NRIC,2026-06-26,955.0,965.0,944.1,947.8,18724,-0.13,17784412.3
NRIC,2026-06-29,940.0,951.0,915.0,942.0,29106,-0.61,27187871.5
NRIC,2026-06-30,935.0,942.0,916.0,919.0,25082,-2.44,23219622.2
NRIC,2026-07-01,920.0,955.0,920.0,944.0,20583,2.72,19464534.6
NRIC,2026-07-02,955.0,955.0,935.0,939.0,10924,-0.53,10272314.2
NRIC,2026-07-03,948.0,954.9,935.5,940.0,40862,0.11,38655922.3
NRIC,2026-07-06,940.0,949.7,930.0,932.1,7402,-0.84,6923212.8
NRIC,2026-07-07,930.0,960.0,930.0,953.0,31322,2.24,29692824.2
NRIC,2026-07-08,945.0,952.0,934.9,935.1,16006,-1.88,15025834.5
NRIC,2026-07-09,940.0,950.0,935.8,940.0,19948,0.52,18771208.6
NRIC,2026-07-10,940.0,959.9,935.0,937.9,15390,-0.22,14482028.4
NRIC,2026-07-13,957.0,993.0,920.1,925.0,37262,-1.38,36038274.6
NRIC,2026-07-14,921.0,939.8,910.0,924.0,19799,-0.11,18296113.0
NRIC,2026-07-15,965.0,965.0,920.1,925.0,36726,0.11,34464916.7
NRIC,2026-07-16,971.0,971.0,920.0,923.0,22497,-0.22,20861245.7
NRIC,2026-07-17,950.0,968.0,933.4,961.0,35033,4.12,33394652.4
NRIC,2026-07-20,913.0,1003.0,913.0,1000.0,62179,4.06,60638133.9
NRIC,2026-07-21,1030.0,1036.0,988.6,1018.0,82944,1.8,84531935.4
NRIC,2026-07-22,1000.0,1019.0,991.1,1007.1,34488,-1.07,34527233.5
NRIC,2026-07-23,1000.0,1008.0,990.0,996.0,29266,-1.1,29167329.9
NRIC,2026-07-24,990.0,995.0,960.0,986.0,61419,-1.0,60064368.3
NRIC,2026-07-27,986.0,995.0,960.3,968.0,39329,-1.83,38233630.3
NRIC,2026-07-28,1016.4,1016.4,951.0,953.0,15784,-1.55,15122653.8
NRIC,2026-07-29,979.0,979.0,951.0,952.0,15261,-0.1,14557962.1
NRIC,2026-07-30,950.0,960.0,941.0,945.0,13744,-0.74,13012670.7
NRIC,2026-07-31,950.0,1030.0,930.0,970.0,41920,2.65,40144457.3
NRIC,2026-08-03,970.0,979.9,951.8,956.0,21392,-1.44,20666868.2
NRIC,2026-08-04,960.0,960.0,930.0,930.0,26361,-2.72,24879417.2
NRIC,2026-08-05,930.0,945.0,928.0,937.0,29051,0.75,27179497.1
NRIC,2026-08-06,940.0,948.0,930.0,938.9,16972,0.2,15848640.7
NRIC,2026-08-07,935.0,939.0,920.0,932.0,7177,-0.73,6689804.1
NRIC,2026-08-10,930.0,940.0,920.1,929.0,10394,-0.32,9662766.7
NRIC,2026-08-11,883.0,950.0,883.0,927.0,13077,-0.22,12161721.3
NRIC,2026-08-12,927.0,940.0,918.0,922.0,10977,-0.54,10140739.4
NRIC,2026-08-13,939.9,939.9,916.1,926.0,9394,0.43,8671983.7
NRIC,2026-08-14,930.0,930.0,917.2,918.0,17583,-0.86,16190992.2
NRIC,2026-08-17,916.4,929.7,904.1,912.0,15801,-0.65,14413518.1
NRIC,2026-08-18,912.0,917.9,900.0,905.0,19895,-0.77,17947091.1
NRIC,2026-08-19,905.0,912.0,899.0,911.0,15465,0.66,14044503.4
NRIC,2026-08-20,900.2,917.9,898.1,906.0,16137,-0.55,14536309.8
NRIC,2026-08-21,906.0,912.0,897.0,902.0,17663,-0.44,15921650.2
NRIC,2026-08-24,898.0,902.0,890.0,893.8,28572,-0.91,25495192.2
NRIC,2026-08-25,893.0,899.0,887.0,887.0,11956,-0.76,10634497.1
NRIC,2026-08-26,886.0,895.0,865.0,869.8,43920,-1.94,38379466.8
NRIC,2026-08-27,865.0,869.0,845.0,851.0,18548,-2.16,15918822.8
NTC,2021-08-31,1171.0,1190.0,1118.0,1130.0,50419,-3.5,57295413.1
NTC,2021-09-01,1152.0,1164.0,1105.0,1135.0,53036,0.44,59861442.0
NTC,2021-09-02,1157.0,1157.0,1100.0,1114.0,40684,-1.85,45126802.5
NTC,2021-09-05,1111.9,1111.9,1030.0,1055.0,30398,-5.3,32495562.4
NTC,2021-09-06,1055.0,1160.5,1055.0,1160.5,33918,10.0,37406485.0
NTC,2021-09-07,1183.7,1199.0,1125.0,1199.0,25346,3.32,29065355.2
NTC,2021-09-08,1201.0,1201.0,1136.8,1150.0,13919,-4.09,15999443.7
NTC,2021-09-09,1150.0,1172.0,1118.2,1121.0,13682,-2.52,15473241.6
NTC,2021-09-12,1143.4,1166.2,1120.0,1135.0,11001,1.25,12421378.9
NTC,2021-09-13,1135.0,1149.0,1119.0,1130.0,10983,-0.44,12390361.1
NTC,2021-09-14,1151.0,1151.0,1110.0,1119.0,13499,-0.97,15119278.3
NTC,2021-09-15,1125.0,1125.0,1103.0,1113.0,6585,-0.54,7313532.0
NTC,2021-09-16,1100.0,1105.0,1075.0,1099.0,19407,-1.26,21206173.0
NTC,2021-09-20,1110.0,1111.0,1040.0,1055.0,18690,-4.0,19983085.0
NTC,2021-09-21,1055.0,1080.0,995.0,1065.0,18605,0.95,19263665.5
NTC,2021-09-22,1086.3,1100.0,1078.0,1085.0,10750,1.88,11688388.5
NTC,2021-09-23,1098.0,1098.0,1064.0,1070.0,23349,-1.38,25098626.5
NTC,2021-09-26,1060.0,1062.0,1037.0,1037.0,10210,-3.08,10696655.7
NTC,2021-09-27,1035.0,1035.0,999.0,1005.9,18207,-3.0,18301812.1
NTC,2021-09-28,1006.0,1008.0,990.0,999.0,12032,-0.69,11986782.5
NTC,2021-09-29,1015.0,1030.0,986.0,1029.0,24816,3.0,24838511.9
NTC,2021-09-30,1048.0,1048.0,1010.0,1014.0,14541,-1.46,14798178.0
NTC,2021-10-03,1027.0,1027.0,995.0,995.0,11247,-1.87,11247711.5
NTC,2021-10-04,985.0,1015.0,980.1,1015.0,19506,2.01,19498842.9
NTC,2021-10-05,1015.0,1015.0,997.1,1013.0,6483,-0.2,6547628.0
NTC,2021-10-06,1029.0,1045.0,1010.0,1039.0,7816,2.57,8020022.9
NTC,2021-10-10,1039.0,1059.0,1012.0,1015.0,13227,-2.31,13638539.1
NTC,2021-10-11,1035.0,1035.0,979.0,990.0,28124,-2.46,27848157.0
NTC,2021-10-17,1008.0,1023.0,995.0,1022.0,18184,3.23,18246830.1
NTC,2021-10-18,1002.0,1022.0,1000.0,1000.0,9217,-2.15,9238043.5
NTC,2021-10-19,990.0,995.0,972.0,995.0,13873,-0.5,13633088.5
NTC,2021-10-20,1014.0,1054.0,1012.4,1054.0,32782,5.93,33947139.2
NTC,2021-10-21,1055.0,1095.0,1039.0,1085.0,26185,2.94,28066318.2
NTC,2021-10-24,1100.0,1160.0,1061.0,1150.0,46133,5.99,52063231.6
NTC,2021-10-25,1155.0,1178.0,1135.1,1178.0,30780,2.43,35475929.4
NTC,2021-10-26,1160.0,1190.0,1157.0,1180.0,21999,0.17,25813422.7
NTC,2021-10-27,1180.0,1208.7,1161.0,1178.0,53712,-0.17,63588826.1
NTC,2021-10-28,1174.0,1232.0,1161.2,1225.0,79067,3.99,95541838.4
NTC,2021-10-31,1225.0,1244.0,1205.0,1215.0,26240,-0.82,32133950.3
NTC,2021-11-01,1234.0,1235.0,1180.0,1200.0,21103,-1.23,25217831.0
NTC,2021-11-02,1178.0,1214.0,1155.2,1200.0,17740,0.0,21223106.7
NTC,2021-11-03,1224.0,1225.0,1182.0,1199.0,20534,-0.08,24728699.2
NTC,2021-11-08,1202.0,1220.0,1176.0,1200.0,15470,0.08,18488253.7
NTC,2021-11-09,1200.0,1200.0,1142.8,1157.0,24952,-3.58,28951572.8
NTC,2021-11-11,1156.0,1169.0,1124.0,1124.0,14790,-2.85,16827338.1
NTC,2021-11-14,1125.0,1183.0,1111.0,1160.0,11973,3.2,13670532.2
NTC,2021-11-15,1170.0,1183.2,1157.0,1161.0,20746,0.09,24256810.0
NTC,2021-11-16,1184.0,1277.1,1176.5,1277.1,131647,10.0,164339249.9
NTC,2021-11-17,1302.6,1404.8,1302.6,1390.0,426090,8.84,586862955.9
NTC,2021-11-18,1395.0,1457.5,1355.0,1438.0,429788,3.45,604455412.9
NTC,2021-11-21,1438.0,1438.0,1380.0,1395.5,161903,-2.96,226238338.6
NTC,2021-11-22,1411.0,1438.0,1375.0,1420.2,206052,1.77,291867406.4
NTC,2021-11-23,1402.0,1470.0,1402.0,1457.0,287027,2.59,415724063.2
NTC,2021-11-24,1486.1,1486.1,1431.0,1465.0,180214,0.55,261556834.8
NTC,2021-11-25,1450.0,1495.0,1450.0,1484.0,179849,1.3,265713736.3
NTC,2021-11-28,1454.4,1465.0,1390.0,1409.0,133771,-5.05,190468569.8
NTC,2021-11-29,1408.0,1430.0,1372.0,1380.0,71287,-2.06,99545445.7
NTC,2021-11-30,1400.0,1400.0,1351.0,1393.0,38412,0.94,52794220.6
NTC,2021-12-01,1393.0,1440.0,1377.0,1426.0,103022,2.37,145393099.0
NTC,2021-12-02,1439.0,1439.0,1365.6,1384.8,70998,-2.89,98647044.4
NTC,2021-12-05,1385.0,1385.0,1310.0,1329.0,126212,-4.03,166894915.5
NTC,2021-12-06,1302.5,1371.0,1302.5,1362.0,104627,2.48,139261193.3
NTC,2021-12-07,1362.0,1389.2,1320.0,1326.0,61755,-2.64,83521492.0
NTC,2021-12-08,1326.0,1328.0,1298.6,1298.7,83342,-2.06,109115348.7
NTC,2021-12-09,1272.8,1321.9,1272.8,1306.0,56658,0.56,73783480.0
NTC,2021-12-12,1301.0,1302.0,1257.0,1259.0,38683,-3.6,49292602.9
NTC,2021-12-13,1233.9,1264.0,1203.0,1218.0,59093,-3.26,72716686.5
NTC,2021-12-14,1200.0,1288.0,1195.0,1288.0,30556,5.75,38620807.8
NTC,2021-12-15,1310.0,1310.0,1252.0,1279.0,62477,-0.7,79548987.1
NTC,2021-12-16,1254.0,1279.0,1229.0,1265.0,22471,-1.09,28345903.6
NTC,2021-12-20,1265.0,1265.0,1231.1,1232.0,42559,-2.61,52882579.3
NTC,2021-12-21,1254.0,1299.0,1240.1,1295.0,82402,5.11,103938224.0
NTC,2021-12-22,1318.0,1380.0,1295.0,1331.0,60299,2.78,80410239.6
NTC,2021-12-23,1310.1,1362.0,1310.1,1335.0,61547,0.3,82635979.8
NTC,2021-12-26,1335.0,1355.0,1320.0,1335.0,99511,0.0,133329533.5
NTC,2021-12-27,1355.0,1360.0,1283.8,1283.8,61359,-3.84,80857116.3
NTC,2021-12-28,1263.3,1300.0,1263.3,1283.0,40509,-0.06,52189110.7
NTC,2021-12-29,1299.0,1305.0,1280.0,1283.0,30806,0.0,39598686.0
NTC,2022-01-02,1300.0,1341.0,1283.0,1325.0,79727,3.27,103884333.1
NTC,2022-01-03,1335.0,1335.0,1301.1,1317.0,29864,-0.6,39305624.3
NTC,2022-01-04,1302.1,1329.0,1293.0,1315.0,22367,-0.15,29360024.6
NTC,2022-01-05,1320.0,1346.4,1301.0,1313.0,59319,-0.15,78308616.3
NTC,2022-01-06,1327.0,1334.0,1300.6,1331.0,56637,1.37,74856032.1
NTC,2022-01-09,1350.0,1370.0,1335.0,1358.0,89981,2.03,121905629.6
NTC,2022-01-10,1360.0,1431.5,1336.0,1431.5,158355,5.41,218284073.7
NTC,2022-01-11,1445.0,1445.0,1403.0,1440.0,97060,0.59,138252565.4
NTC,2022-01-12,1414.0,1439.0,1381.1,1391.0,56238,-3.4,79279886.3
NTC,2022-01-13,1391.0,1408.6,1375.0,1391.0,63748,0.0,88692430.2
NTC,2022-01-16,1410.0,1455.0,1392.0,1435.0,151494,3.16,216913816.3
NTC,2022-01-17,1463.7,1474.0,1416.0,1458.0,165102,1.6,239848575.2
NTC,2022-01-18,1487.0,1546.0,1452.0,1499.0,169325,2.81,251934632.7
NTC,2022-01-19,1469.1,1550.0,1452.2,1456.0,84219,-2.87,123517063.8
NTC,2022-01-20,1436.0,1504.3,1432.0,1457.0,107068,0.07,156753259.2
NTC,2022-01-23,1486.0,1525.0,1470.0,1513.0,213430,3.84,321453428.2
NTC,2022-01-24,1510.0,1510.0,1437.0,1456.0,132662,-3.77,194287024.5
NTC,2022-01-25,1430.0,1485.0,1426.9,1448.9,49872,-0.49,72251198.9
NTC,2022-01-26,1449.0,1459.0,1426.0,1440.0,38238,-0.61,55042383.2
NTC,2022-01-27,1455.0,1475.0,1441.0,1459.9,78581,1.38,114723730.0
NTC,2022-01-30,1486.0,1540.0,1465.0,1520.0,157615,4.12,236209308.5
NTC,2022-01-31,1520.0,1570.0,1500.0,1570.0,202341,3.29,311884064.3
NTC,2022-02-01,1543.0,1575.0,1543.0,1568.0,55701,-0.13,87280537.9
NTC,2022-02-03,1575.0,1600.0,1516.0,1560.0,104116,-0.51,161909543.8
NTC,2022-02-06,1550.0,1550.0,1509.5,1540.0,88745,-1.28,134957608.4
NTC,2022-02-07,1515.0,1590.0,1509.2,1590.0,157172,3.25,244850831.8
NTC,2022-02-08,1600.0,1610.0,1568.0,1590.0,85021,0.0,134474285.2
NTC,2022-02-09,1579.0,1599.9,1562.0,1599.9,92469,0.62,145957217.5
NTC,2022-02-10,1590.0,1625.0,1588.1,1624.8,158139,1.56,254839564.5
NTC,2022-02-13,1593.0,1595.9,1570.0,1583.0,118823,-2.57,187793409.4
NTC,2022-02-14,1583.0,1613.0,1580.0,1585.0,106968,0.13,170783009.5
NTC,2022-02-15,1607.0,1655.0,1593.0,1655.0,112045,4.42,182164937.7
NTC,2022-02-16,1661.1,1683.0,1636.0,1664.0,89535,0.54,148830600.1
NTC,2022-02-17,1650.0,1680.0,1645.0,1679.0,60388,0.9,100275762.7
NTC,2022-02-20,1645.5,1711.0,1629.1,1710.0,112672,1.85,190296150.8
NTC,2022-02-21,1701.0,1744.0,1693.0,1737.0,153445,1.58,265013560.4
NTC,2022-02-22,1702.3,1799.9,1702.3,1779.0,121539,2.42,214967421.2
NTC,2022-02-23,1743.5,1799.0,1725.0,1726.0,110212,-2.98,193785554.0
NTC,2022-02-24,1691.5,1741.0,1662.2,1690.0,147895,-2.09,253572127.0
NTC,2022-02-27,1690.0,1725.0,1659.0,1699.0,112304,0.53,190626197.7
NTC,2022-02-28,1705.0,1710.0,1651.0,1675.0,65556,-1.41,109625509.2
NTC,2022-03-02,1650.0,1660.0,1617.0,1624.0,86931,-3.04,141985351.9
NTC,2022-03-06,1648.0,1649.9,1603.0,1637.0,51278,0.8,83193722.4
NTC,2022-03-07,1643.0,1695.0,1632.0,1689.0,75648,3.18,126276486.7
NTC,2022-03-09,1655.3,1714.0,1643.7,1680.0,62897,-0.53,105221599.5
NTC,2022-03-10,1660.3,1685.0,1636.8,1646.0,79402,-2.02,131256223.5
NTC,2022-03-13,1647.1,1715.0,1645.0,1715.0,116597,4.19,196195583.3
NTC,2022-03-14,1684.0,1729.9,1684.0,1714.0,27074,-0.06,46234629.9
NTC,2022-03-15,1748.2,1748.2,1626.0,1626.0,203098,-5.13,342357194.2
NTC,2022-03-16,1626.0,1628.0,1538.1,1568.0,103828,-3.57,163601781.9
NTC,2022-03-20,1569.0,1575.0,1539.1,1550.0,56827,-1.15,88248493.8
NTC,2022-03-21,1546.0,1555.0,1490.0,1504.0,139287,-2.97,209457229.9
NTC,2022-03-22,1490.0,1530.0,1490.0,1528.0,71266,1.6,107196564.3
NTC,2022-03-23,1532.0,1532.0,1490.0,1508.0,50574,-1.31,76076968.7
NTC,2022-03-24,1511.0,1514.9,1464.0,1465.0,158549,-2.85,235068587.0
NTC,2022-03-27,1230.0,1230.0,1147.1,1170.0,80695,-4.16,95951290.6
NTC,2022-03-28,1170.0,1170.0,1130.0,1133.5,45167,-3.12,51690628.5
NTC,2022-03-29,1121.0,1153.0,1121.0,1125.3,35001,-0.72,39678365.2
NTC,2022-03-30,1142.9,1184.9,1121.2,1182.0,59049,5.04,68317489.7
NTC,2022-03-31,1182.0,1199.0,1150.0,1170.0,22156,-1.02,25949825.4
NTC,2022-04-03,1173.0,1173.0,1120.0,1121.0,14704,-4.19,16685099.9
NTC,2022-04-04,1098.6,1150.0,1090.8,1100.0,33349,-1.87,36933591.4
NTC,2022-04-05,1095.0,1109.0,1045.0,1048.3,47890,-4.7,51003393.4
NTC,2022-04-06,1042.0,1089.3,1034.0,1068.0,32725,1.88,34812311.6
NTC,2022-04-07,1089.0,1130.0,1056.1,1130.0,41082,5.81,45347757.2
NTC,2022-04-11,1152.0,1175.0,1060.0,1060.0,44131,-6.19,48433237.9
NTC,2022-04-12,1080.0,1080.0,1035.0,1035.0,27042,-2.36,28262863.0
NTC,2022-04-13,1050.0,1067.0,1028.0,1066.0,20960,3.0,22041254.3
NTC,2022-04-17,1070.0,1087.0,1035.0,1050.0,47487,-1.5,49947381.6
NTC,2022-04-18,1060.0,1060.0,1008.0,1015.0,16956,-3.33,17332743.7
NTC,2022-04-19,1004.0,1049.0,994.0,1033.0,18361,1.77,18633859.2
NTC,2022-04-20,1049.0,1050.0,995.0,995.0,21929,-3.68,22060448.0
NTC,2022-04-21,1005.0,1029.0,993.0,1025.0,23004,3.02,23218244.2
NTC,2022-04-24,1044.0,1081.0,1022.0,1065.0,30215,3.9,32008254.5
NTC,2022-04-25,1060.0,1069.0,1029.0,1040.0,26904,-2.35,28130613.3
NTC,2022-04-26,1021.0,1052.0,1020.0,1037.9,12822,-0.2,13243259.4
NTC,2022-04-27,1020.2,1050.5,1020.2,1049.0,19711,1.07,20432215.7
NTC,2022-04-28,1054.0,1054.0,1020.0,1030.0,11410,-1.81,11785430.5
NTC,2022-05-02,1032.9,1032.9,987.0,989.0,33068,-3.98,32985415.4
NTC,2022-05-04,1000.0,1000.0,933.6,980.0,35215,-0.91,34034789.3
NTC,2022-05-05,980.0,989.0,945.0,982.0,22683,0.2,21880216.9
NTC,2022-05-08,982.0,1010.0,947.0,1010.0,16033,2.85,15665781.5
NTC,2022-05-09,1010.0,1028.0,980.0,1020.0,77958,0.99,78353899.1
NTC,2022-05-10,1020.0,1050.0,1005.0,1038.9,37180,1.85,38289435.6
NTC,2022-05-11,1040.0,1050.0,1018.0,1050.0,35061,1.07,36268793.6
NTC,2022-05-12,1050.0,1070.0,1029.1,1053.6,51491,0.34,53855767.6
NTC,2022-05-17,1058.0,1058.0,980.0,982.0,27925,-6.8,28065694.1
NTC,2022-05-18,962.4,1013.9,962.4,996.0,14598,1.43,14522548.7
NTC,2022-05-19,996.0,1015.9,980.0,990.0,12366,-0.6,12320737.1
NTC,2022-05-20,1005.0,1005.0,973.0,973.0,14516,-1.72,14240090.5
NTC,2022-05-23,990.0,990.0,945.7,979.0,24855,0.62,23851434.4
NTC,2022-05-24,979.0,991.0,946.0,988.0,7115,0.92,6952959.2
NTC,2022-05-25,1002.0,1002.0,970.0,995.0,8376,0.71,8238194.5
NTC,2022-05-26,1000.0,1002.0,968.0,981.5,16611,-1.36,16273993.8
NTC,2022-05-27,990.0,990.0,950.0,959.0,19698,-2.29,18878412.5
NTC,2022-05-30,967.0,970.0,932.0,935.0,52281,-2.5,49638975.2
NTC,2022-05-31,935.0,945.9,905.0,927.8,24885,-0.77,22945844.0
NTC,2022-06-01,930.0,937.0,915.0,931.0,8733,0.34,8067757.2
NTC,2022-06-02,945.0,945.0,900.0,915.0,29228,-1.72,26575195.1
NTC,2022-06-03,897.0,914.0,890.0,904.0,14867,-1.2,13366302.2
NTC,2022-06-06,906.0,915.0,888.0,910.0,12185,0.66,11008694.4
NTC,2022-06-07,922.0,922.0,880.0,889.0,12180,-2.31,10805245.4
NTC,2022-06-08,872.2,940.0,872.2,925.0,14430,4.05,13175115.9
NTC,2022-06-09,930.0,939.0,895.0,906.9,22172,-1.96,20215204.9
NTC,2022-06-10,906.9,906.9,881.0,888.2,6406,-2.06,5718460.1
NTC,2022-06-13,890.0,905.1,875.0,890.0,8215,0.2,7247166.0
NTC,2022-06-14,883.0,905.0,855.0,855.0,15545,-3.93,13447752.6
NTC,2022-06-15,853.0,870.0,842.9,865.0,146823,1.17,125714649.7
NTC,2022-06-16,850.0,899.6,850.0,895.0,159073,3.47,138897151.4
NTC,2022-06-17,899.0,912.0,885.0,890.0,112759,-0.56,101470879.9
NTC,2022-06-19,891.0,891.0,849.8,867.5,117343,-2.53,102989761.8
NTC,2022-06-20,867.5,867.5,835.0,853.0,128182,-1.67,109226722.2
NTC,2022-06-21,845.0,880.0,838.0,880.0,136279,3.17,117292842.2
NTC,2022-06-22,875.0,885.0,844.0,860.0,12801,-2.27,11044761.0
NTC,2022-06-23,865.0,865.0,828.5,850.0,22562,-1.16,18919955.8
NTC,2022-06-24,859.9,870.0,835.0,867.0,14587,2.0,12389771.8
NTC,2022-06-26,883.9,916.9,870.0,916.9,51086,5.76,45202194.1
NTC,2022-06-27,920.0,921.8,874.0,880.0,42005,-4.02,37445281.0
NTC,2022-06-28,863.0,879.9,850.0,864.0,28864,-1.82,24750723.2
NTC,2022-06-29,851.0,886.9,851.0,875.0,12249,1.27,10724066.4
NTC,2022-06-30,890.0,911.0,883.0,910.0,34324,4.0,30923907.6
NTC,2022-07-01,928.2,928.2,893.5,895.0,26002,-1.65,23485213.7
NTC,2022-07-03,890.0,953.0,885.1,948.0,36721,5.92,33902958.6
NTC,2022-07-04,966.9,973.0,910.0,938.0,62641,-1.05,59627639.3
NTC,2022-07-05,925.0,956.0,898.7,901.0,41885,-3.94,38438490.3
NTC,2022-07-06,917.0,919.0,875.0,912.0,27691,1.22,24715289.9
NTC,2022-07-07,929.9,930.2,890.0,891.0,27912,-2.3,25184093.4
NTC,2022-07-08,882.0,911.7,870.0,879.0,42351,-1.35,37344917.1
NTC,2022-07-11,890.0,890.0,841.0,845.0,44078,-3.87,37505766.0
NTC,2022-07-12,861.0,865.0,835.0,840.4,46784,-0.54,39513560.3
NTC,2022-07-13,857.2,890.0,845.0,889.0,74362,5.78,64049616.2
NTC,2022-07-14,902.9,902.9,870.0,887.0,55173,-0.22,48769606.1
NTC,2022-07-15,871.1,893.0,871.1,878.9,13897,-0.91,12197972.7
NTC,2022-07-17,879.0,879.0,860.0,863.9,51593,-1.71,44604008.8
NTC,2022-07-18,870.0,879.9,856.0,879.0,46620,1.75,40473303.5
NTC,2022-07-19,875.1,892.5,870.0,880.0,57669,0.11,50702165.4
NTC,2022-07-20,889.0,889.8,865.1,888.0,37398,0.91,33067830.2
NTC,2022-07-21,888.0,922.0,871.0,894.9,36206,0.78,32366212.6
NTC,2022-07-22,895.0,895.0,867.0,871.0,21218,-2.67,18582480.4
NTC,2022-07-24,888.4,925.0,870.0,925.0,27976,6.2,24920659.2
NTC,2022-07-25,924.0,941.0,911.1,929.9,124350,0.53,115107405.4
NTC,2022-07-26,934.0,937.0,897.0,900.0,49855,-3.22,45549371.3
NTC,2022-07-27,891.0,927.0,882.0,927.0,39149,3.0,35332626.0
NTC,2022-07-28,915.0,944.5,907.5,935.0,55559,0.86,51496022.1
NTC,2022-07-29,935.0,983.0,916.3,959.0,51727,2.57,49052642.7
NTC,2022-07-31,960.0,1007.7,960.0,980.0,154031,2.19,152320485.5
NTC,2022-08-01,999.0,999.0,965.0,971.9,72707,-0.83,71017524.6
NTC,2022-08-02,972.0,987.0,945.0,963.0,51573,-0.92,49411242.8
NTC,2022-08-03,954.0,972.0,947.0,952.0,39472,-1.14,37811112.7
NTC,2022-08-04,950.0,950.0,929.0,929.0,51721,-2.42,48524240.2
NTC,2022-08-05,929.0,938.0,912.4,938.0,51628,0.97,47570326.7
NTC,2022-08-07,938.0,955.0,921.0,955.0,55868,1.81,52339882.2
NTC,2022-08-08,946.0,960.0,927.0,927.0,34532,-2.93,32485917.0
NTC,2022-08-09,912.1,939.0,872.2,888.0,87047,-4.21,77893429.1
NTC,2022-08-10,870.3,895.0,853.0,880.0,53505,-0.9,46861226.8
NTC,2022-08-11,870.2,895.0,865.0,865.0,41166,-1.7,36094571.4
NTC,2022-08-14,870.0,875.0,850.0,860.0,29580,-0.58,25576863.8
NTC,2022-08-15,870.0,923.0,863.0,920.0,76147,6.98,68578771.2
NTC,2022-08-16,925.0,938.0,901.0,912.5,60891,-0.82,56171550.5
NTC,2022-08-17,930.7,930.7,895.0,914.0,36527,0.16,33314141.5
NTC,2022-08-18,929.0,938.5,907.0,938.0,46804,2.63,43563288.7
NTC,2022-08-21,929.0,955.0,915.8,921.1,69871,-1.8,65435105.3
NTC,2022-08-22,934.0,934.0,913.0,915.0,21653,-0.66,19886070.3
NTC,2022-08-23,905.0,927.0,905.0,920.0,27354,0.55,24997153.9
NTC,2022-08-24,935.0,935.0,906.0,914.9,19568,-0.55,17889533.5
NTC,2022-08-25,920.0,924.0,890.0,897.0,24505,-1.96,22074650.0
NTC,2022-08-26,907.0,943.0,882.1,903.7,43622,0.75,39057864.2
NTC,2022-08-28,905.0,907.9,883.0,901.0,55747,-0.3,49713193.9
NTC,2022-08-29,919.0,919.0,883.0,910.0,125140,1.0,112576778.6
NTC,2022-08-30,910.0,955.0,893.0,940.0,104965,3.3,95772575.5
NTC,2022-08-31,930.0,930.0,900.0,927.9,117457,-1.29,107483621.7
NTC,2022-09-01,911.0,916.0,893.0,915.0,135652,-1.39,122705656.7
NTC,2022-09-02,900.0,918.0,893.0,912.0,111704,-0.33,100498848.7
NTC,2022-09-04,895.0,912.0,893.1,895.0,72866,-1.86,65337082.9
NTC,2022-09-05,895.0,905.0,885.0,885.0,25058,-1.12,22317466.2
NTC,2022-09-06,902.7,902.7,869.0,870.0,43347,-1.69,38050869.0
NTC,2022-09-07,885.0,885.0,865.0,870.0,59346,0.0,51560299.4
NTC,2022-09-08,875.0,875.0,860.3,862.0,26769,-0.92,23205201.3
NTC,2022-09-11,878.9,879.0,860.0,860.4,23813,-0.19,20555716.4
NTC,2022-09-12,870.0,874.0,850.0,854.0,22132,-0.74,18962034.9
NTC,2022-09-13,860.0,867.0,853.1,859.8,18430,0.68,15845215.8
NTC,2022-09-14,869.0,887.0,861.0,883.0,30005,2.7,26272778.8
NTC,2022-09-15,888.0,893.0,845.0,849.0,78082,-3.85,66877587.2
NTC,2022-09-16,840.0,854.8,823.0,850.0,27275,0.12,22864170.6
NTC,2022-09-18,850.0,865.0,828.6,829.0,63945,-2.47,53497599.0
NTC,2022-09-20,840.0,840.0,816.3,817.0,21524,-1.45,17642547.8
NTC,2022-09-21,832.9,833.0,817.0,820.0,13011,0.37,10699834.8
NTC,2022-09-22,834.8,834.8,812.0,814.0,17427,-0.73,14235691.7
NTC,2022-09-25,808.0,824.0,803.0,806.0,16874,-0.98,13642765.2
NTC,2022-09-27,822.0,822.0,804.0,810.0,21502,0.5,17459193.5
NTC,2022-09-28,813.0,826.0,810.0,810.0,15145,0.0,12335990.5
NTC,2022-09-29,810.0,820.0,809.0,810.0,32423,0.0,26295519.9
NTC,2022-10-09,826.0,829.9,815.0,828.9,17643,2.33,14488013.1
NTC,2022-10-10,845.0,845.0,810.0,820.0,17325,-1.07,14222217.9
NTC,2022-10-11,827.0,827.0,806.2,810.0,23765,-1.22,19274735.3
NTC,2022-10-12,825.0,825.0,805.0,815.5,16965,0.68,13790799.0
NTC,2022-10-13,824.0,827.0,810.0,814.0,25682,-0.18,20965590.4
NTC,2022-10-16,826.9,826.9,810.0,810.0,16092,-0.49,13091291.7
NTC,2022-10-17,813.0,820.0,809.1,815.0,8434,0.62,6855032.8
NTC,2022-10-19,831.0,831.0,805.0,806.0,13133,-1.1,10615081.7
NTC,2022-10-20,806.3,814.0,805.0,807.3,8065,0.16,6531104.6
NTC,2022-10-23,818.0,820.0,808.0,814.2,17266,0.85,14054812.3
NTC,2022-10-31,820.0,832.0,810.1,832.0,11528,2.19,9466288.1
NTC,2022-11-01,835.0,869.0,820.0,869.0,25491,4.45,21706974.0
NTC,2022-11-02,870.0,893.0,855.0,870.0,42072,0.12,36873092.2
NTC,2022-11-03,875.0,875.0,854.0,859.0,26062,-1.26,22437643.1
NTC,2022-11-06,859.0,891.4,859.0,884.0,24715,2.91,21735142.4
NTC,2022-11-07,898.0,900.0,870.1,880.0,38986,-0.45,34500841.3
NTC,2022-11-08,881.0,890.0,867.0,876.1,17721,-0.44,15571248.0
NTC,2022-11-09,893.0,893.0,851.0,855.0,20211,-2.41,17391849.3
NTC,2022-11-10,855.0,864.9,840.1,845.0,19165,-1.17,16195146.3
NTC,2022-11-13,842.0,859.0,840.0,844.0,12627,-0.12,10687222.2
NTC,2022-11-14,840.0,865.0,840.0,864.0,10894,2.37,9257977.4
NTC,2022-11-15,865.0,875.0,852.0,857.0,54008,-0.81,46722231.8
NTC,2022-11-16,860.0,865.0,848.0,859.2,7808,0.26,6716207.3
NTC,2022-11-17,875.0,875.0,860.0,870.0,32538,1.26,28190880.8
NTC,2022-11-22,871.0,890.0,855.0,859.0,16150,-1.26,14025811.2
NTC,2022-11-23,870.0,870.0,844.0,852.0,14268,-0.81,12157573.4
NTC,2022-11-24,864.0,869.0,851.0,869.0,9936,2.0,8546139.0
NTC,2022-11-27,869.0,885.0,866.0,885.0,111675,1.84,97963833.3
NTC,2022-11-28,887.0,895.0,870.0,875.0,25599,-1.13,22549354.5
NTC,2022-11-29,880.0,889.0,867.1,880.0,14036,0.57,12314459.9
NTC,2022-11-30,890.0,890.0,875.0,876.2,7550,-0.43,6637732.2
NTC,2022-12-01,893.7,893.7,874.0,881.0,24002,0.55,21198358.0
NTC,2022-12-04,890.0,890.0,875.0,889.0,38812,0.91,34357590.8
NTC,2022-12-05,886.0,890.0,869.0,871.0,17667,-2.02,15490835.0
NTC,2022-12-06,884.0,884.0,865.0,872.0,9186,0.11,7992379.7
NTC,2022-12-07,861.0,878.0,861.0,868.6,9359,-0.39,8131998.2
NTC,2022-12-11,879.0,885.9,858.0,858.0,14323,-1.22,12409373.3
NTC,2022-12-12,869.0,922.0,854.1,922.0,15365,7.46,13301984.5
NTC,2022-12-13,903.6,912.0,874.0,909.9,67105,-1.31,60371847.8
NTC,2022-12-14,902.0,914.0,895.0,909.0,59297,-0.1,53913189.1
NTC,2022-12-15,895.1,915.0,895.1,903.3,58745,-0.63,53385974.2
NTC,2022-12-18,900.0,907.9,885.0,887.0,54549,-1.8,48963178.2
NTC,2022-12-19,887.0,921.0,887.0,915.0,41541,3.16,37664859.0
NTC,2022-12-20,920.0,945.0,903.1,931.0,68574,1.75,63837218.6
NTC,2022-12-21,945.0,945.0,912.0,917.0,32531,-1.5,30060477.4
NTC,2022-12-22,898.7,953.0,860.0,953.0,171553,3.93,149950346.9
NTC,2022-12-26,934.0,934.0,875.0,900.0,235177,-5.56,208807244.9
NTC,2022-12-27,900.0,917.0,896.0,915.9,155133,1.77,140208408.9
NTC,2022-12-28,934.0,934.0,892.0,898.0,43881,-1.95,39605148.5
NTC,2022-12-29,898.0,911.0,891.0,910.0,120931,1.34,109248002.2
NTC,2023-01-01,928.2,932.0,909.0,922.0,215904,1.32,198801321.5
NTC,2023-01-02,903.6,903.6,879.0,885.0,94264,-4.01,83585915.0
NTC,2023-01-03,881.1,941.0,868.0,869.0,89764,-1.81,79040343.8
NTC,2023-01-04,886.0,902.0,875.0,895.0,113214,2.99,100431906.7
NTC,2023-01-05,895.0,908.0,880.0,885.0,52409,-1.12,46464432.1
NTC,2023-01-08,885.0,895.0,880.0,882.9,59479,-0.24,52762033.3
NTC,2023-01-09,900.5,905.0,883.0,895.0,98408,1.37,87844238.6
NTC,2023-01-10,905.0,933.0,877.1,879.0,163518,-1.79,148178520.0
NTC,2023-01-12,896.0,910.0,868.0,868.3,56435,-1.22,49751274.7
NTC,2023-01-17,880.0,886.0,866.1,879.0,36669,1.23,32121992.4
NTC,2023-01-18,872.0,892.0,870.0,874.0,108034,-0.57,95131807.5
NTC,2023-01-19,875.0,879.9,865.2,867.0,40453,-0.8,35248641.6
NTC,2023-01-23,875.0,875.0,855.0,859.0,62199,-0.92,53698552.7
NTC,2023-01-24,852.0,896.0,850.0,889.0,149890,3.49,129107396.0
NTC,2023-01-25,880.0,889.8,867.0,869.9,56067,-2.15,49126206.9
NTC,2023-01-26,887.2,887.2,859.2,865.0,28285,-0.56,24528471.5
NTC,2023-01-29,882.0,882.0,851.0,852.0,42494,-1.5,36571761.0
NTC,2023-01-30,868.0,868.0,840.0,841.0,59696,-1.29,50546869.6
NTC,2023-01-31,856.0,856.0,836.0,836.0,33308,-0.59,28017194.0
NTC,2023-02-01,819.3,868.0,819.3,839.0,46155,0.36,38727387.6
NTC,2023-02-02,855.7,855.7,833.0,833.3,18911,-0.68,15861834.2
NTC,2023-02-05,846.0,846.0,827.0,835.0,36242,0.2,30207973.1
NTC,2023-02-06,844.0,844.0,830.0,834.0,28674,-0.12,23850347.8
NTC,2023-02-07,835.0,854.0,835.0,854.0,33627,2.4,28430895.1
NTC,2023-02-08,837.0,866.0,837.0,852.0,43049,-0.23,36787248.4
NTC,2023-02-09,835.0,858.0,835.0,848.0,20363,-0.47,17317622.0
NTC,2023-02-12,831.2,853.0,831.2,834.0,39583,-1.65,33320834.7
NTC,2023-02-14,848.0,848.0,833.0,835.0,14750,0.12,12359166.6
NTC,2023-02-15,835.1,842.0,828.0,830.0,21537,-0.6,17956130.2
NTC,2023-02-16,835.0,840.8,825.0,837.0,17417,0.84,14460526.7
NTC,2023-02-20,830.0,835.0,823.3,823.3,23621,-1.64,19596947.9
NTC,2023-02-22,839.0,839.0,826.0,834.0,23713,1.3,19701072.4
NTC,2023-02-23,826.0,838.0,817.0,820.0,28766,-1.68,23658175.6
NTC,2023-02-26,815.0,825.0,805.0,820.1,24360,0.01,19874050.6
NTC,2023-02-27,836.5,836.5,813.0,824.9,15805,0.59,12949751.6
NTC,2023-02-28,837.9,837.9,818.0,818.0,17095,-0.84,14077574.0
NTC,2023-03-01,829.3,829.3,814.0,815.2,14125,-0.34,11531782.9
NTC,2023-03-02,826.0,826.0,811.0,811.0,16158,-0.52,13165969.1
NTC,2023-03-05,824.0,824.0,806.1,807.0,15517,-0.49,12570717.6
NTC,2023-03-07,810.0,820.0,805.3,810.0,7177,0.37,5825724.1
NTC,2023-03-09,820.0,824.9,811.0,824.0,13679,1.73,11200144.8
NTC,2023-03-12,840.4,840.4,815.0,817.0,15891,-0.85,13077066.0
NTC,2023-03-13,833.3,833.3,810.0,814.0,13798,-0.37,11244490.9
NTC,2023-03-14,827.5,827.5,810.0,819.0,11145,0.61,9102710.1
NTC,2023-03-15,820.0,821.0,812.3,815.0,11515,-0.49,9393870.4
NTC,2023-03-16,818.0,819.0,812.2,815.8,8860,0.1,7223123.9
NTC,2023-03-19,816.0,826.0,814.0,817.0,8415,0.15,6891176.3
NTC,2023-03-20,828.9,828.9,818.0,822.0,5523,0.61,4534832.9
NTC,2023-03-22,830.0,833.9,813.4,819.5,11790,-0.3,9697738.0
NTC,2023-03-23,815.0,819.9,810.0,811.0,10763,-1.04,8758774.0
NTC,2023-03-26,811.0,824.0,807.7,812.0,13639,0.12,11056101.2
NTC,2023-03-27,795.8,819.8,795.8,814.1,16743,0.26,13574248.3
NTC,2023-03-28,830.3,830.3,810.0,813.0,23201,-0.14,18955840.0
NTC,2023-03-29,815.0,820.0,811.0,816.0,8185,0.37,6669956.6
NTC,2023-03-30,826.0,826.0,810.0,814.0,14105,-0.25,11508542.2
NTC,2023-04-02,828.0,828.0,806.0,812.0,14656,-0.25,11897990.6
NTC,2023-04-03,806.0,822.0,806.0,808.0,11957,-0.49,9659131.9
NTC,2023-04-04,808.0,812.0,803.0,806.0,9180,-0.25,7405042.8
NTC,2023-04-05,806.0,815.0,791.0,809.5,8026,0.43,6471709.5
NTC,2023-04-06,815.0,819.5,807.1,807.5,7334,-0.25,5948515.5
NTC,2023-04-09,804.0,809.0,797.2,799.9,12745,-0.94,10227866.5
NTC,2023-04-10,800.0,805.0,795.3,797.0,9668,-0.36,7724638.6
NTC,2023-04-11,810.0,810.0,794.0,805.0,14347,1.0,11462993.9
NTC,2023-04-12,820.0,828.0,808.0,828.0,12123,2.86,9931466.2
NTC,2023-04-13,830.0,838.0,815.0,818.0,10302,-1.21,8484934.1
NTC,2023-04-16,805.0,829.0,805.0,819.0,15348,0.12,12524502.7
NTC,2023-04-17,806.0,828.0,806.0,814.0,7349,-0.61,5993891.2
NTC,2023-04-18,798.0,824.0,798.0,817.0,11557,0.37,9416324.4
NTC,2023-04-19,825.0,825.0,813.0,817.0,2362,0.0,1932855.8
NTC,2023-04-20,830.0,830.0,810.0,810.0,6527,-0.86,5306680.0
NTC,2023-04-23,800.1,810.0,800.1,807.0,10386,-0.37,8377571.1
NTC,2023-04-24,803.0,812.0,803.0,809.8,5625,0.35,4538127.4
NTC,2023-04-25,808.0,814.9,808.0,814.0,5849,0.52,4746047.6
NTC,2023-04-26,807.0,820.0,807.0,811.0,8183,-0.37,6659163.5
NTC,2023-04-27,814.0,814.0,805.0,806.0,6808,-0.62,5497544.3
NTC,2023-04-30,809.0,813.0,802.0,802.0,22126,-0.5,17813777.3
NTC,2023-05-02,802.0,805.0,798.1,802.9,28548,0.11,22846174.7
NTC,2023-05-03,800.1,813.8,798.1,800.0,16762,-0.36,13410546.9
NTC,2023-05-04,809.0,809.0,796.0,801.0,18637,0.13,14887444.8
NTC,2023-05-07,799.1,808.0,798.1,798.1,10939,-0.36,8783540.0
NTC,2023-05-08,813.0,813.0,796.0,796.1,12843,-0.25,10239848.3
NTC,2023-05-09,810.0,810.0,795.0,799.9,18957,0.48,15138744.2
NTC,2023-05-10,796.0,800.0,789.0,794.0,32368,-0.74,25621656.8
NTC,2023-05-11,799.0,799.0,774.2,790.0,40306,-0.5,31506363.0
NTC,2023-05-14,800.0,800.0,770.0,773.0,26672,-2.15,20750918.8
NTC,2023-05-15,787.0,787.0,763.2,769.5,23018,-0.45,17714950.7
NTC,2023-05-16,760.0,775.0,758.0,758.0,19671,-1.49,15041852.1
NTC,2023-05-17,770.0,780.5,763.0,777.0,61570,2.51,47428567.3
NTC,2023-05-18,792.0,792.0,775.1,779.2,110951,0.28,86348436.8
NTC,2023-05-21,794.0,795.0,780.1,782.0,46307,0.36,36490564.7
NTC,2023-05-22,780.0,789.0,775.0,779.0,18874,-0.38,14727202.2
NTC,2023-05-23,780.0,798.9,780.0,795.0,114275,2.05,89927945.2
NTC,2023-05-24,797.0,805.0,792.9,805.0,55535,1.26,44338874.3
NTC,2023-05-28,810.0,811.0,794.2,800.0,113656,-0.62,91302808.3
NTC,2023-05-30,816.0,816.0,770.0,774.9,75168,-3.14,58462669.2
NTC,2023-05-31,770.0,779.5,759.5,764.5,57870,-1.34,44239396.1
NTC,2023-06-01,766.0,775.0,758.0,767.5,27532,0.39,21212468.7
NTC,2023-06-04,770.0,801.1,770.0,787.0,22807,2.54,17975129.7
NTC,2023-06-05,789.0,795.0,776.3,778.1,34273,-1.13,26921068.1
NTC,2023-06-06,788.0,788.0,774.3,777.0,93806,-0.14,72970656.8
NTC,2023-06-07,788.0,824.0,777.2,780.0,83162,0.39,65290263.0
NTC,2023-06-08,770.0,799.0,768.4,775.0,106070,-0.64,82231191.3
NTC,2023-06-11,775.0,788.9,768.0,779.0,104412,0.52,81264954.1
NTC,2023-06-12,785.0,813.9,779.0,783.0,61440,0.51,48181388.1
NTC,2023-06-13,798.6,800.0,778.0,788.0,66446,0.64,52582766.7
NTC,2023-06-14,795.0,832.0,793.1,809.0,158579,2.66,128822224.4
NTC,2023-06-15,809.0,820.0,798.0,811.0,46735,0.25,37700130.0
NTC,2023-06-18,827.0,861.9,809.0,858.3,176751,5.83,147489523.1
NTC,2023-06-19,875.0,900.0,867.0,895.0,203411,4.28,181334562.4
NTC,2023-06-20,900.0,910.0,870.0,872.0,114493,-2.57,102060674.1
NTC,2023-06-21,872.0,890.0,862.0,870.0,97562,-0.23,85374640.0
NTC,2023-06-22,870.0,892.0,870.0,878.0,64507,0.92,56778006.6
NTC,2023-06-25,890.0,952.0,881.0,919.0,202761,4.67,184186089.8
NTC,2023-06-26,926.5,955.0,910.0,920.0,75403,0.11,70033271.7
NTC,2023-06-27,930.0,985.0,910.0,952.0,97573,3.48,91335008.6
NTC,2023-06-28,950.0,950.0,910.0,915.0,107004,-3.89,98797320.7
NTC,2023-07-02,930.0,930.0,887.0,889.0,76323,-2.84,68905468.0
NTC,2023-07-03,889.0,895.0,871.7,877.0,66244,-1.35,58471852.5
NTC,2023-07-04,885.0,893.9,875.0,892.0,32624,1.71,28810037.9
NTC,2023-07-05,909.8,909.8,870.0,873.0,36675,-2.13,32249379.2
NTC,2023-07-06,880.0,886.4,861.5,870.0,29813,-0.34,26008280.2
NTC,2023-07-09,870.0,900.0,870.0,899.0,39333,3.33,35159418.9
NTC,2023-07-10,916.9,916.9,890.0,900.0,40015,0.11,36071247.6
NTC,2023-07-11,905.0,916.0,891.2,898.0,20063,-0.22,18019774.5
NTC,2023-07-12,915.0,915.0,900.0,910.0,94463,1.34,85480942.9
NTC,2023-07-13,919.0,924.9,900.0,902.3,131115,-0.85,118448514.5
NTC,2023-07-16,914.0,914.0,903.7,906.9,24783,0.51,22498317.9
NTC,2023-07-17,916.9,920.0,900.1,918.0,36302,1.22,33141391.5
NTC,2023-07-18,930.0,930.0,916.5,923.0,41417,0.54,38161633.8
NTC,2023-07-19,929.9,929.9,912.0,915.0,32094,-0.87,29436994.6
NTC,2023-07-20,919.0,924.0,910.0,912.0,34496,-0.33,31517039.3
NTC,2023-07-23,913.0,930.0,906.0,922.0,42672,1.1,39221823.6
NTC,2023-07-24,926.0,939.0,910.0,932.0,109645,1.08,102002002.2
NTC,2023-07-25,950.6,950.6,912.5,912.5,48767,-2.09,44998315.7
NTC,2023-07-26,930.7,930.7,910.1,913.0,22876,0.05,20948906.1
NTC,2023-07-27,920.0,920.0,900.0,900.0,33243,-1.42,30105632.1
NTC,2023-07-30,900.1,909.0,880.2,885.0,33678,-1.67,30053261.5
NTC,2023-07-31,876.0,900.0,876.0,886.5,15425,0.17,13709115.4
NTC,2023-08-01,890.0,903.9,870.0,877.0,23012,-1.07,20223918.2
NTC,2023-08-02,882.0,888.0,875.0,878.9,14691,0.22,12895933.4
NTC,2023-08-03,896.4,896.4,874.0,877.9,13892,-0.11,12250719.9
NTC,2023-08-06,894.0,894.0,860.0,870.0,27076,-0.9,23511788.1
NTC,2023-08-07,875.0,879.0,865.0,869.0,18040,-0.11,15708869.4
NTC,2023-08-08,870.0,875.0,853.0,853.0,22867,-1.84,19683904.2
NTC,2023-08-09,855.0,895.0,845.1,885.0,20804,3.75,17951166.3
NTC,2023-08-10,867.3,903.0,867.3,894.0,23414,1.02,20944874.8
NTC,2023-08-13,876.2,909.0,876.2,896.2,26530,0.25,23825026.7
NTC,2023-08-14,901.0,904.0,889.0,890.0,14776,-0.69,13182546.3
NTC,2023-08-15,878.0,895.0,878.0,885.0,21232,-0.56,18770110.1
NTC,2023-08-16,877.1,881.1,860.1,873.9,50296,-1.25,43929494.8
NTC,2023-08-17,873.0,880.0,867.3,873.0,18623,-0.1,16234365.1
NTC,2023-08-20,875.0,878.5,856.0,859.0,14577,-1.6,12578131.6
NTC,2023-08-21,858.0,872.5,852.2,862.0,15751,0.35,13582293.1
NTC,2023-08-22,875.0,875.0,860.0,873.0,10893,1.28,9431680.5
NTC,2023-08-23,879.5,890.0,877.0,878.1,10744,0.58,9468265.1
NTC,2023-08-24,875.0,889.0,866.0,875.0,13331,-0.35,11630740.4
NTC,2023-08-27,890.0,890.0,865.0,869.0,16859,-0.69,14656709.3
NTC,2023-08-28,874.9,875.0,865.0,870.0,10231,0.12,8907516.0
NTC,2023-08-29,874.9,874.9,854.9,869.9,35039,-0.01,30179210.7
NTC,2023-08-30,870.0,870.0,850.0,865.0,32666,-0.56,28101637.4
NTC,2023-09-03,850.0,868.0,850.0,855.0,12011,-1.16,10269681.3
NTC,2023-09-04,860.0,860.0,846.5,859.0,11936,0.47,10170718.7
NTC,2023-09-05,860.0,865.0,855.0,861.0,6612,0.23,5685677.3
NTC,2023-09-07,860.0,865.0,830.0,840.0,34921,-2.44,29376107.9
NTC,2023-09-10,842.0,854.7,835.0,840.0,15652,0.0,13200480.7
NTC,2023-09-11,840.0,854.0,840.0,845.0,37780,0.6,31992157.4
NTC,2023-09-12,861.0,861.0,845.0,850.0,9063,0.59,7700967.1
NTC,2023-09-13,865.0,871.0,855.0,870.0,17650,2.35,15240212.6
NTC,2023-09-17,865.0,880.0,850.0,856.9,12927,-1.51,11123958.3
NTC,2023-09-18,869.0,869.0,850.0,861.0,4533,0.48,3893563.5
NTC,2023-09-19,861.0,867.0,855.0,861.0,3950,0.0,3403557.5
NTC,2023-09-21,878.0,887.0,865.0,877.0,21896,1.86,19165739.6
NTC,2023-09-24,868.0,880.0,867.1,870.5,18097,-0.74,15803101.2
NTC,2023-09-25,871.0,879.0,865.0,869.0,4257,-0.17,3706101.3
NTC,2023-09-26,886.3,886.3,870.0,873.0,11051,0.46,9639957.6
NTC,2023-09-27,860.1,877.3,860.1,865.0,11335,-0.92,9825445.1
NTC,2023-10-01,865.0,865.0,850.1,852.0,7665,-1.5,6558214.4
NTC,2023-10-02,868.9,868.9,849.0,855.9,11178,0.46,9525977.2
NTC,2023-10-03,850.0,866.4,848.0,849.0,7530,-0.81,6411400.4
NTC,2023-10-04,863.9,863.9,849.2,851.7,8183,0.32,6963763.7
NTC,2023-10-05,866.9,866.9,850.0,850.0,8845,-0.2,7527010.1
NTC,2023-10-08,866.0,866.0,835.1,841.0,10738,-1.06,9050558.3
NTC,2023-10-09,840.0,844.0,831.2,834.0,10799,-0.83,9027368.6
NTC,2023-10-10,840.0,849.7,827.0,829.0,10882,-0.6,9064703.3
NTC,2023-10-11,825.1,839.0,825.1,831.0,10625,0.24,8849010.4
NTC,2023-10-12,845.0,845.0,830.1,831.0,16466,0.0,13688925.6
NTC,2023-10-16,833.0,835.0,826.0,827.6,13776,-0.41,11419404.3
NTC,2023-10-17,830.0,843.5,830.0,832.1,8652,0.54,7246357.0
NTC,2023-10-18,842.9,847.0,840.0,846.6,5640,1.74,4759331.1
NTC,2023-10-19,850.0,855.0,832.0,852.8,15773,0.73,13385132.6
NTC,2023-10-29,869.0,869.0,841.0,843.1,6340,-1.14,5359996.0
NTC,2023-10-30,843.0,850.0,839.1,847.7,7017,0.55,5927669.3
NTC,2023-10-31,864.5,864.5,845.0,847.4,4360,-0.04,3701158.0
NTC,2023-11-01,847.5,854.0,840.0,848.0,6120,0.07,5191570.1
NTC,2023-11-02,850.0,850.0,840.0,842.0,4272,-0.71,3611449.1
NTC,2023-11-05,840.1,842.0,835.9,838.0,12629,-0.48,10588340.4
NTC,2023-11-06,838.0,850.0,838.0,844.0,8444,0.72,7120869.9
NTC,2023-11-07,850.0,855.0,845.2,851.9,6146,0.94,5231521.0
NTC,2023-11-08,852.0,853.5,845.0,850.9,4003,-0.12,3401174.1
NTC,2023-11-09,850.9,850.9,829.2,848.4,18156,-0.29,15236425.1
NTC,2023-11-20,864.9,864.9,841.0,849.0,6911,0.07,5888744.7
NTC,2023-11-21,857.0,857.0,840.0,840.0,9094,-1.06,7679886.3
NTC,2023-11-22,850.0,850.8,840.0,849.8,4717,1.17,3991539.1
NTC,2023-11-23,849.0,855.0,838.3,853.0,6308,0.38,5353257.9
NTC,2023-11-26,855.0,870.0,851.1,868.0,13742,1.76,11875484.3
NTC,2023-11-27,868.0,885.0,863.0,870.0,11511,0.23,10041216.7
NTC,2023-11-28,886.8,886.8,862.1,863.0,7746,-0.8,6720881.6
NTC,2023-11-29,865.0,870.0,862.1,864.0,10774,0.12,9328340.4
NTC,2023-11-30,865.0,870.0,858.1,865.0,9228,0.12,7958458.0
NTC,2023-12-03,879.0,879.0,857.1,860.0,5350,-0.58,4611374.6
NTC,2023-12-04,875.0,875.0,855.0,858.0,7178,-0.23,6173118.5
NTC,2023-12-05,856.0,870.0,852.0,853.0,7401,-0.58,6342207.7
NTC,2023-12-06,851.0,855.0,848.0,852.0,18921,-0.12,16085447.3
NTC,2023-12-07,855.0,860.0,850.0,855.0,9190,0.35,7850643.9
NTC,2023-12-10,872.1,890.0,872.1,889.9,2880,4.08,2553217.3
NTC,2023-12-11,900.0,900.0,866.0,880.0,30906,-1.11,27299617.0
NTC,2023-12-12,880.0,905.0,870.0,903.0,43984,2.61,39404489.0
NTC,2023-12-13,905.0,916.0,895.0,897.0,37042,-0.66,33647876.1
NTC,2023-12-14,896.0,908.0,893.5,901.0,15328,0.45,13825548.1
NTC,2023-12-17,919.0,921.0,890.0,919.0,43044,2.0,39387335.2
NTC,2023-12-18,926.5,955.0,916.0,943.0,88924,2.61,83472490.0
NTC,2023-12-19,959.0,959.0,930.0,946.0,42626,0.32,40127770.4
NTC,2023-12-20,957.0,960.0,938.0,949.0,78551,0.32,74308699.7
NTC,2023-12-21,960.0,977.0,934.0,940.1,76644,-0.94,72748336.2
NTC,2023-12-24,958.9,1000.0,953.0,955.0,135461,1.58,132003598.2
NTC,2023-12-27,965.0,969.0,931.0,942.0,54905,-1.36,51923615.7
NTC,2023-12-28,958.0,960.0,935.0,941.0,27938,-0.11,26329199.1
NTC,2024-01-01,955.0,955.0,935.0,942.0,55788,0.11,52715364.2
NTC,2024-01-02,945.0,945.0,937.0,940.0,44608,-0.21,41951653.5
NTC,2024-01-03,943.0,958.0,940.0,955.0,86089,1.6,81601306.0
NTC,2024-01-04,936.0,936.0,903.0,903.0,60493,-5.45,55379722.8
NTC,2024-01-07,900.0,903.0,870.0,873.0,64380,-3.32,56599053.2
NTC,2024-01-08,875.0,891.0,865.0,884.0,39425,1.26,34687691.5
NTC,2024-01-09,900.0,908.0,893.0,895.0,76532,1.24,68781398.2
NTC,2024-01-10,905.0,915.0,895.0,912.0,57777,1.9,52576053.0
NTC,2024-01-11,918.0,918.0,890.1,893.0,30715,-2.08,27641912.6
NTC,2024-01-14,905.0,910.8,900.0,900.9,20626,0.88,18636430.6
NTC,2024-01-16,915.0,915.0,890.0,898.0,49827,-0.32,44836679.1
NTC,2024-01-17,910.0,916.0,887.3,900.0,67387,0.22,60799164.9
NTC,2024-01-18,882.0,907.8,882.0,884.0,36676,-1.78,32579202.2
NTC,2024-01-21,885.1,898.6,870.0,873.0,42218,-1.24,37184284.9
NTC,2024-01-22,875.0,880.0,865.3,867.0,19443,-0.69,16958449.6
NTC,2024-01-23,867.0,874.0,860.0,868.9,16920,0.22,14698672.3
NTC,2024-01-24,875.9,900.0,869.0,870.0,19150,0.13,16772332.6
NTC,2024-01-25,870.0,876.0,860.1,867.9,23071,-0.24,20013153.3
NTC,2024-01-28,882.0,882.0,864.6,875.0,24999,0.82,21740095.0
NTC,2024-01-29,875.0,910.0,873.9,878.0,22068,0.34,19437362.3
NTC,2024-01-30,895.0,912.9,880.0,883.7,35024,0.65,31062828.8
NTC,2024-01-31,900.0,919.3,866.0,878.0,22328,-0.65,19637534.7
NTC,2024-02-01,877.8,889.0,865.0,869.0,10944,-1.03,9533120.5
NTC,2024-02-04,869.5,871.0,851.7,865.0,16378,-0.46,14167838.0
NTC,2024-02-05,870.0,951.5,865.1,951.5,30479,10.0,26914054.6
NTC,2024-02-06,932.5,932.5,880.0,903.0,81720,-5.1,73593735.2
NTC,2024-02-07,903.0,903.0,888.0,890.0,27937,-1.44,24913323.0
NTC,2024-02-08,907.0,907.0,877.0,887.0,18842,-0.34,16694219.7
NTC,2024-02-11,898.9,898.9,880.0,881.0,19935,-0.68,17690775.2
NTC,2024-02-12,878.0,890.0,864.0,880.0,16664,-0.11,14647655.2
NTC,2024-02-13,880.0,880.0,865.0,865.0,51665,-1.7,44982847.4
NTC,2024-02-14,868.0,941.6,860.0,877.0,24753,1.39,21671085.5
NTC,2024-02-15,885.0,885.0,860.0,867.0,22439,-1.14,19443517.2
NTC,2024-02-18,860.0,870.0,853.0,860.0,26000,-0.81,22388381.7
NTC,2024-02-20,860.0,874.0,855.0,859.0,17433,-0.12,15016892.4
NTC,2024-02-21,869.0,869.0,848.0,855.0,17903,-0.47,15296541.5
NTC,2024-02-22,872.1,872.1,846.0,847.0,27725,-0.94,23654372.9
NTC,2024-02-25,847.0,850.0,834.1,834.1,28333,-1.52,23811530.1
NTC,2024-02-26,835.0,849.0,834.0,845.0,15091,1.31,12650909.6
NTC,2024-02-27,854.9,854.9,838.0,843.9,8580,-0.13,7221422.4
NTC,2024-02-28,844.0,850.0,837.0,843.0,15047,-0.11,12682471.2
NTC,2024-02-29,850.0,850.0,835.0,836.0,19878,-0.83,16680386.4
NTC,2024-03-03,840.0,846.0,825.2,831.0,23122,-0.6,19219307.6
NTC,2024-03-04,847.6,881.2,847.6,880.0,1405,5.9,1231228.0
NTC,2024-03-05,880.0,880.0,840.0,840.0,29705,-4.55,25327249.8
NTC,2024-03-06,856.8,856.8,837.1,845.0,14915,0.6,12584435.8
NTC,2024-03-07,859.0,865.0,845.0,855.0,13007,1.18,11128791.6
NTC,2024-03-10,869.9,872.0,856.0,859.9,10552,0.57,9067195.5
NTC,2024-03-12,877.0,877.0,859.0,868.0,24704,0.94,21384289.7
NTC,2024-03-13,885.3,885.3,856.0,866.0,18601,-0.23,16165487.5
NTC,2024-03-14,860.0,872.9,855.0,865.0,15738,-0.12,13561766.9
NTC,2024-03-17,865.0,874.0,855.1,859.0,7075,-0.69,6100994.7
NTC,2024-03-18,855.0,875.0,848.0,869.0,33901,1.16,29485119.5
NTC,2024-03-19,858.0,875.0,858.0,865.0,13044,-0.46,11305608.1
NTC,2024-03-20,860.0,875.0,858.2,858.2,16737,-0.79,14415105.7
NTC,2024-03-21,866.0,867.0,849.9,854.0,13948,-0.49,11912600.8
NTC,2024-03-25,854.0,860.0,846.8,846.8,9328,-0.84,7918186.6
NTC,2024-03-26,847.0,854.0,840.0,847.8,11650,0.12,9885966.2
NTC,2024-03-27,848.0,858.0,842.0,845.0,11455,-0.33,9693058.8
NTC,2024-03-28,849.9,850.0,840.0,847.6,15889,0.31,13400392.7
NTC,2024-03-31,850.0,850.0,840.0,840.1,20723,-0.88,17448203.8
NTC,2024-04-01,836.0,848.0,836.0,839.0,17835,-0.13,15013633.1
NTC,2024-04-02,842.0,843.0,836.2,838.0,13426,-0.12,11270222.0
NTC,2024-04-03,850.0,850.0,832.0,839.0,15261,0.12,12787590.1
NTC,2024-04-04,839.0,840.0,833.5,833.6,14947,-0.64,12497558.9
NTC,2024-04-07,850.0,850.0,833.0,840.0,8488,0.77,7116861.3
NTC,2024-04-09,856.8,856.8,839.9,845.0,13314,0.6,11223162.2
NTC,2024-04-10,838.0,853.8,833.0,834.0,17949,-1.3,15009699.3
NTC,2024-04-14,848.8,848.8,830.0,836.0,10311,0.24,8604460.9
NTC,2024-04-15,844.8,844.8,825.0,832.0,20137,-0.48,16741929.1
NTC,2024-04-16,815.4,834.9,815.4,827.0,18794,-0.6,15560447.5
NTC,2024-04-18,826.0,831.9,815.0,819.0,56097,-0.97,46203835.0
NTC,2024-04-21,835.0,835.0,819.0,828.9,30750,1.21,25271549.4
NTC,2024-04-22,825.0,835.0,820.2,825.3,7505,-0.43,6212557.5
NTC,2024-04-24,826.0,834.0,822.0,828.9,11293,0.44,9356275.7
NTC,2024-04-25,829.0,834.0,825.1,827.0,13183,-0.23,10923287.5
NTC,2024-04-28,810.5,841.0,810.5,836.0,9166,1.09,7618466.4
NTC,2024-04-29,835.0,839.5,829.0,829.3,13398,-0.8,11134572.7
NTC,2024-04-30,840.0,840.0,822.0,829.8,17323,0.06,14351605.6
NTC,2024-05-02,846.3,846.3,819.0,820.0,21453,-1.18,17673207.5
NTC,2024-05-05,820.0,824.8,812.0,814.8,23237,-0.63,18994354.9
NTC,2024-05-06,817.0,817.0,801.0,808.0,26775,-0.83,21644224.6
NTC,2024-05-07,810.0,876.8,803.0,819.0,19347,1.36,15755927.2
NTC,2024-05-08,810.0,819.8,806.0,808.0,10826,-1.34,8776888.8
NTC,2024-05-09,822.9,822.9,806.0,807.0,12325,-0.12,9968374.9
NTC,2024-05-12,816.0,819.0,808.0,812.0,14214,0.62,11534894.0
NTC,2024-05-13,815.0,823.0,815.0,823.0,12105,1.35,9899525.9
NTC,2024-05-14,823.0,833.9,817.3,832.0,19903,1.09,16402792.3
NTC,2024-05-15,832.0,835.3,820.0,829.0,16617,-0.36,13787025.2
NTC,2024-05-16,845.5,845.5,821.0,830.0,11964,0.12,9930894.3
NTC,2024-05-19,846.6,853.0,829.0,850.0,35726,2.41,30228820.7
NTC,2024-05-20,850.0,864.9,850.0,857.0,28542,0.82,24472279.8
NTC,2024-05-21,850.0,858.0,850.0,856.0,8202,-0.12,6999493.1
NTC,2024-05-22,873.1,873.1,843.1,850.0,22913,-0.7,19518918.5
NTC,2024-05-26,851.0,854.0,845.2,849.0,14458,-0.12,12267629.5
NTC,2024-05-27,849.5,850.0,842.0,847.3,8660,-0.2,7344446.1
NTC,2024-05-29,864.2,898.6,840.2,842.0,16838,-0.63,14372827.4
NTC,2024-05-30,826.0,855.0,825.8,832.1,8298,-1.18,6956182.5
NTC,2024-06-02,835.0,845.0,835.0,843.0,9811,1.31,8257505.1
NTC,2024-06-03,850.0,850.0,836.1,839.9,8088,-0.37,6793264.1
NTC,2024-06-04,856.6,856.6,837.6,840.0,5148,0.01,4324766.6
NTC,2024-06-05,856.0,856.0,830.3,830.6,19370,-1.12,16128044.2
NTC,2024-06-06,844.9,844.9,830.7,833.1,7218,0.3,6018055.6
NTC,2024-06-09,849.7,849.7,830.0,831.9,13075,-0.14,10887824.1
NTC,2024-06-10,848.5,848.5,827.0,830.0,26458,-0.23,21950243.6
NTC,2024-06-11,846.6,846.6,828.0,834.0,31882,0.48,26476420.8
NTC,2024-06-12,842.0,848.0,831.6,836.0,24817,0.24,20717111.7
NTC,2024-06-13,836.0,838.9,828.0,832.9,28220,-0.37,23428600.7
NTC,2024-06-16,846.0,846.0,823.0,830.0,36497,-0.35,30212108.5
NTC,2024-06-18,829.0,834.9,815.0,820.0,43044,-1.2,35380128.5
NTC,2024-06-19,828.0,828.9,821.0,822.0,10020,0.24,8261408.2
NTC,2024-06-20,838.4,838.4,809.1,816.9,63408,-0.62,51616474.7
NTC,2024-06-23,821.0,870.1,800.0,816.0,69427,-0.11,56268687.7
NTC,2024-06-24,815.0,820.0,802.6,817.0,41486,0.12,33689031.8
NTC,2024-06-25,817.0,820.9,810.0,817.5,20410,0.06,16670080.0
NTC,2024-06-26,833.8,833.8,800.0,812.9,43828,-0.56,35351272.4
NTC,2024-06-27,805.0,816.9,803.0,812.9,27286,0.0,22058438.3
NTC,2024-06-30,802.0,879.7,802.0,809.0,24459,-0.48,19869915.2
NTC,2024-07-01,815.0,816.0,800.0,807.4,38953,-0.2,31342031.6
NTC,2024-07-02,823.5,852.0,812.0,818.0,30500,1.31,24924675.6
NTC,2024-07-03,820.0,822.0,812.0,819.0,13705,0.12,11210465.4
NTC,2024-07-04,835.3,835.3,804.0,810.0,76731,-1.1,62335035.8
NTC,2024-07-07,822.0,824.8,808.2,819.9,40969,1.22,33432393.3
NTC,2024-07-08,820.0,823.9,815.0,816.0,22093,-0.48,18075395.3
NTC,2024-07-09,821.8,824.9,814.0,821.1,22317,0.63,18301134.6
NTC,2024-07-10,805.0,831.0,805.0,827.1,29463,0.73,24341854.1
NTC,2024-07-11,840.0,842.0,832.0,838.0,34297,1.32,28684629.0
NTC,2024-07-14,854.7,871.0,843.0,853.9,47029,1.9,40053587.6
NTC,2024-07-15,865.0,869.0,842.0,845.0,48019,-1.04,40854657.7
NTC,2024-07-16,850.0,866.0,846.2,864.0,37773,2.25,32403545.3
NTC,2024-07-17,881.2,881.2,865.1,874.0,52761,1.16,46078905.7
NTC,2024-07-18,881.0,943.0,877.0,909.0,101101,4.0,91344266.7
NTC,2024-07-21,910.0,951.6,910.0,933.5,122476,2.7,114650241.1
NTC,2024-07-22,947.0,947.0,920.0,928.0,91348,-0.59,84975217.9
NTC,2024-07-23,946.0,946.0,915.0,939.0,73552,1.19,68632014.3
NTC,2024-07-24,943.5,955.0,917.0,924.0,101855,-1.6,94947484.9
NTC,2024-07-25,942.0,942.0,921.0,924.1,56996,0.01,52783184.7
NTC,2024-07-28,942.5,984.3,934.0,970.0,109965,4.97,105232429.4
NTC,2024-07-29,989.4,1000.0,961.0,979.0,143324,0.93,141729065.5
NTC,2024-07-30,979.0,992.8,950.6,978.8,85284,-0.02,82713330.3
NTC,2024-07-31,993.0,1019.0,990.0,1006.0,183752,2.78,185377457.9
NTC,2024-08-01,1026.0,1026.0,991.8,1000.0,144657,-0.6,146142737.2
NTC,2024-08-05,1020.0,1048.0,1005.0,1040.0,160572,4.0,165599247.7
NTC,2024-08-06,1040.0,1109.0,1011.3,1020.0,286878,-1.92,305958830.7
NTC,2024-08-07,1040.0,1080.0,1010.0,1079.0,138044,5.78,144577126.3
NTC,2024-08-08,1099.5,1109.0,1060.0,1064.0,117906,-1.39,127752299.8
NTC,2024-08-11,1067.0,1141.3,1066.0,1124.0,189874,5.64,210782588.6
NTC,2024-08-12,1146.4,1150.0,1099.0,1122.0,139467,-0.18,156673384.1
NTC,2024-08-13,1135.0,1146.0,1116.1,1125.0,115805,0.27,131010016.3
NTC,2024-08-14,1145.0,1214.0,1117.0,1125.0,120217,0.0,136105015.8
NTC,2024-08-15,1125.0,1125.0,1104.9,1113.9,220875,-0.99,245854034.4
NTC,2024-08-18,1120.0,1124.0,1074.0,1080.0,222154,-3.04,242678057.0
NTC,2024-08-21,1080.0,1096.0,1060.0,1064.0,106534,-1.48,113782722.7
NTC,2024-08-22,1065.0,1082.5,1060.1,1068.0,94440,0.38,101300330.8
NTC,2024-08-25,1071.0,1075.0,1038.1,1039.0,92180,-2.72,96936176.9
NTC,2024-08-27,1059.7,1059.7,1000.0,1001.0,130523,-3.66,132458395.0
NTC,2024-08-28,1015.0,1039.9,995.0,1003.0,83564,0.2,84296893.5
NTC,2024-08-29,1015.0,1015.0,988.2,992.1,68842,-1.09,68650558.9
NTC,2024-09-01,993.0,1005.0,978.0,984.0,96456,-0.82,95340846.3
NTC,2024-09-02,984.0,1045.0,976.0,1029.0,95891,4.57,96862131.0
NTC,2024-09-03,1044.0,1044.0,1018.0,1030.0,92379,0.1,95084343.4
NTC,2024-09-04,1050.0,1050.0,988.0,989.1,65524,-3.97,65881320.8
NTC,2024-09-05,985.0,1003.0,976.0,995.0,90926,0.6,89855925.3
NTC,2024-09-08,1001.0,1002.0,980.0,981.0,33481,-1.41,33148735.4
NTC,2024-09-09,999.0,999.0,967.0,967.0,66958,-1.43,65277825.8
NTC,2024-09-10,980.0,999.6,968.3,975.0,59563,0.83,58265989.2
NTC,2024-09-11,975.1,992.0,963.0,965.0,32622,-1.03,31758932.6
NTC,2024-09-12,984.3,987.0,960.1,985.0,27804,2.07,27129890.5
NTC,2024-09-15,986.0,995.0,966.4,967.0,52289,-1.83,51201716.8
NTC,2024-09-16,980.0,980.0,941.0,946.9,38521,-2.08,36656246.2
NTC,2024-09-18,950.0,955.0,939.0,942.0,34601,-0.52,32677318.5
NTC,2024-09-22,960.8,979.0,940.0,945.0,26618,0.32,25170323.0
NTC,2024-09-23,940.0,949.0,927.0,928.0,30523,-1.8,28470530.0
NTC,2024-09-24,916.1,935.0,900.1,903.0,26123,-2.69,23805445.5
NTC,2024-09-25,901.0,920.0,895.0,914.0,19780,1.22,17919801.9
NTC,2024-09-26,930.0,932.0,912.0,912.0,25483,-0.22,23361268.4
NTC,2024-09-29,912.0,915.0,900.0,910.0,16387,-0.22,14840521.6
NTC,2024-09-30,926.5,926.5,910.0,919.9,10650,1.09,9791676.0
NTC,2024-10-01,919.9,957.0,919.9,955.5,35588,3.87,33504768.8
NTC,2024-10-02,956.0,979.0,950.0,955.0,20834,-0.05,20094004.2
NTC,2024-10-06,945.0,975.0,945.0,968.0,18031,1.36,17415988.6
NTC,2024-10-07,950.0,1000.0,950.0,995.0,45780,2.79,45501766.1
NTC,2024-10-08,1000.0,1000.0,984.0,990.0,22518,-0.5,22344732.9
NTC,2024-10-09,985.0,994.9,985.0,988.0,14408,-0.2,14234453.1
NTC,2024-10-15,988.0,1000.0,988.0,993.5,9161,0.56,9088904.0
NTC,2024-10-16,980.0,1004.0,980.0,998.5,23993,0.5,23966818.2
NTC,2024-10-17,1013.0,1023.0,995.0,1009.5,41341,1.1,41835888.8
NTC,2024-10-20,1010.0,1010.0,976.2,989.9,33114,-1.94,32894761.4
NTC,2024-10-21,987.0,987.0,973.2,974.1,25677,-1.6,25102051.7
NTC,2024-10-22,975.0,988.0,975.0,982.5,8673,0.86,8510710.4
NTC,2024-10-23,977.8,1000.0,977.0,980.1,10217,-0.24,10035366.3
NTC,2024-10-24,995.0,997.0,977.0,977.0,19320,-0.32,18918095.4
NTC,2024-10-27,975.0,980.0,973.0,973.1,9576,-0.4,9338385.0
NTC,2024-10-28,989.9,989.9,973.1,974.3,5223,0.12,5099771.6
NTC,2024-10-29,980.0,989.0,976.3,987.0,13104,1.3,12875332.1
NTC,2024-10-30,1005.0,1005.0,976.1,980.1,10317,-0.7,10140682.0
NTC,2024-11-05,995.0,995.0,980.0,990.0,9519,1.01,9420590.8
NTC,2024-11-06,977.1,1001.0,977.1,989.0,12051,-0.1,11928538.9
NTC,2024-11-10,1000.0,1068.0,980.0,1015.0,134838,2.63,135672646.0
NTC,2024-11-11,1025.0,1107.0,997.1,1012.0,80390,-0.3,81624584.9
NTC,2024-11-12,1030.0,1030.0,980.0,995.0,73654,-1.68,73770019.3
NTC,2024-11-13,995.0,999.0,981.0,985.0,45738,-1.01,45187326.2
NTC,2024-11-14,994.9,1000.0,980.0,993.0,33199,0.81,32791148.5
NTC,2024-11-17,981.0,999.0,979.0,985.0,49529,-0.81,48952104.8
NTC,2024-11-19,1004.7,1004.7,975.1,976.0,27869,-0.91,27301335.0
NTC,2024-11-20,977.5,979.0,970.1,979.0,26692,0.31,26034194.2
NTC,2024-11-21,980.0,997.0,965.0,965.0,26069,-1.43,25340012.1
NTC,2024-11-24,970.0,978.0,960.0,961.0,34014,-0.41,32743916.4
NTC,2024-11-25,970.0,1053.0,960.0,976.0,31501,1.56,30826635.2
NTC,2024-11-26,995.0,995.0,975.0,982.9,15520,0.71,15191671.4
NTC,2024-11-27,995.0,1040.0,983.0,988.1,20161,0.53,20001551.2
NTC,2024-11-28,991.0,999.0,980.0,982.0,13035,-0.62,12816911.1
NTC,2024-12-01,1000.0,1000.0,967.0,970.0,17950,-1.22,17486261.8
NTC,2024-12-02,989.4,989.4,958.1,964.0,49707,-0.62,48084795.8
NTC,2024-12-03,983.2,983.2,950.0,969.0,46033,0.52,44143949.3
NTC,2024-12-04,988.3,988.3,951.0,959.0,24325,-1.03,23447114.4
NTC,2024-12-05,969.0,969.0,955.0,956.1,18638,-0.3,17881989.6
NTC,2024-12-08,970.0,970.0,945.1,949.1,24234,-0.73,23023674.7
NTC,2024-12-09,966.9,966.9,944.1,953.9,11470,0.51,10893984.5
NTC,2024-12-10,968.5,968.5,950.0,955.0,10810,0.12,10339167.5
NTC,2024-12-11,969.0,969.0,951.0,961.9,15840,0.72,15136660.3
NTC,2024-12-12,970.0,970.0,950.0,950.0,15518,-1.24,14805206.6
NTC,2024-12-16,969.0,969.0,937.9,942.0,23470,-0.84,22116807.5
NTC,2024-12-17,945.0,949.9,937.0,946.0,12083,0.42,11415648.2
NTC,2024-12-18,946.0,952.0,940.0,942.0,13557,-0.42,12790791.3
NTC,2024-12-19,942.0,950.0,930.0,937.0,23427,-0.53,21860665.2
NTC,2024-12-22,955.7,973.0,942.0,943.0,41267,0.64,39170901.8
NTC,2024-12-23,945.0,954.0,925.0,942.2,19818,-0.08,18662075.5
NTC,2024-12-24,939.0,952.0,939.0,943.0,15851,0.08,15021487.5
NTC,2024-12-26,943.0,950.0,943.0,949.0,22193,0.64,21007270.0
NTC,2024-12-29,951.0,962.0,951.0,960.3,35783,1.19,34250243.0
NTC,2024-12-31,960.3,965.0,950.1,952.1,24290,-0.85,23209218.2
NTC,2025-01-01,971.1,971.1,948.0,949.9,59232,-0.23,56381814.5
NTC,2025-01-02,931.0,931.0,916.0,919.0,33053,-3.25,30392148.2
NTC,2025-01-05,915.3,920.0,905.0,912.0,24125,-0.76,21967715.7
NTC,2025-01-06,930.0,930.0,905.0,914.0,17641,0.22,16052787.3
NTC,2025-01-07,932.0,932.0,908.0,914.9,16020,0.1,14619799.4
NTC,2025-01-08,920.0,929.9,910.5,912.0,14356,-0.32,13103317.4
NTC,2025-01-09,912.0,916.0,905.0,907.0,23532,-0.55,21432742.5
NTC,2025-01-12,925.1,925.1,900.0,900.1,12889,-0.76,11628176.0
NTC,2025-01-13,903.0,904.0,887.3,888.0,21784,-1.34,19423527.6
NTC,2025-01-15,891.0,898.9,874.0,874.0,18678,-1.58,16505787.6
NTC,2025-01-16,875.0,885.0,875.0,878.1,10441,0.47,9159643.3
NTC,2025-01-19,878.1,885.0,874.1,879.0,11594,0.1,10179093.5
NTC,2025-01-20,892.0,892.0,879.0,879.1,11172,0.01,9876828.6
NTC,2025-01-21,892.0,892.0,880.0,885.0,12751,0.67,11259357.8
NTC,2025-01-22,890.0,917.0,889.0,916.8,32509,3.59,29463934.0
NTC,2025-01-23,920.0,934.0,920.0,921.0,26075,0.46,24120163.3
NTC,2025-01-26,922.0,929.0,907.0,907.0,17074,-1.52,15635610.5
NTC,2025-01-27,911.0,913.0,899.9,901.5,12071,-0.61,10891358.9
NTC,2025-01-28,916.9,916.9,900.0,907.0,11351,0.61,10248688.3
NTC,2025-02-02,924.0,927.0,910.5,927.0,31213,2.21,28671854.8
NTC,2025-02-03,932.5,945.0,917.0,920.0,26153,-0.76,24320064.5
NTC,2025-02-04,929.1,929.1,909.9,910.0,24609,-1.09,22614932.5
NTC,2025-02-05,910.0,920.0,902.0,906.5,30104,-0.38,27306098.9
NTC,2025-02-06,907.0,907.0,900.0,901.1,18337,-0.6,16537624.9
NTC,2025-02-09,905.0,909.5,890.0,892.0,16984,-1.01,15238614.6
NTC,2025-02-10,900.0,900.0,885.0,888.0,17702,-0.45,15744685.6
NTC,2025-02-11,888.0,896.9,882.0,884.0,16770,-0.45,14884239.8
NTC,2025-02-12,880.0,890.0,876.0,881.0,30008,-0.34,26421432.3
NTC,2025-02-13,881.0,885.0,878.1,880.0,16608,-0.11,14623922.9
NTC,2025-02-16,890.0,890.0,880.2,885.0,12892,0.57,11391593.3
NTC,2025-02-17,898.9,901.0,885.0,897.0,18497,1.36,16546112.2
NTC,2025-02-18,902.0,911.9,895.1,910.0,30997,1.45,28087993.8
NTC,2025-02-20,910.0,921.0,908.0,910.0,25513,0.0,23323952.6
NTC,2025-02-23,891.8,914.9,891.8,911.5,25899,0.16,23457655.6
NTC,2025-02-24,929.0,929.0,905.0,917.0,45345,0.6,41558448.3
NTC,2025-02-25,920.0,926.9,910.0,914.9,16855,-0.23,15417911.6
NTC,2025-02-27,926.1,926.1,917.0,924.0,31979,0.99,29481945.2
NTC,2025-03-02,925.0,974.1,925.0,969.0,85156,4.87,81184072.3
NTC,2025-03-03,988.3,996.3,960.1,963.0,67669,-0.62,66183620.2
NTC,2025-03-04,982.2,982.2,935.0,941.0,40508,-2.28,38455728.6
NTC,2025-03-05,931.0,945.0,923.1,925.0,28910,-1.7,26893835.8
NTC,2025-03-06,943.5,943.5,925.0,928.0,14694,0.32,13633168.7
NTC,2025-03-09,928.0,933.0,905.0,910.0,28346,-1.94,25996298.8
NTC,2025-03-10,910.0,925.0,902.1,908.0,15290,-0.22,13948857.6
NTC,2025-03-11,918.0,922.0,901.0,903.9,14368,-0.45,13037628.3
NTC,2025-03-12,904.0,916.0,904.0,915.0,24898,1.23,22635912.6
NTC,2025-03-16,929.9,929.9,905.0,909.0,19225,-0.66,17508867.8
NTC,2025-03-17,909.0,919.9,900.1,905.0,28455,-0.44,25855169.0
NTC,2025-03-18,923.1,923.1,903.0,907.0,16538,0.22,15010424.6
NTC,2025-03-19,923.0,923.0,900.0,905.0,12317,-0.22,11124890.7
NTC,2025-03-20,921.0,921.0,900.0,901.37,17075,-0.4,15436012.7
NTC,2025-03-23,902.0,902.9,890.0,891.24,21537,-1.12,19342978.5
NTC,2025-03-24,890.9,905.0,887.0,902.53,11099,1.27,9959591.6
NTC,2025-03-25,920.5,920.5,885.1,889.97,23561,-1.39,21075216.7
NTC,2025-03-26,905.0,905.0,888.1,893.51,13062,0.4,11682097.6
NTC,2025-03-27,906.8,907.0,890.1,900.47,9185,0.78,8281981.8
NTC,2025-03-30,901.0,915.0,900.0,904.29,23704,0.42,21521342.5
NTC,2025-04-01,903.0,909.8,900.0,901.7,8809,-0.29,7951254.5
NTC,2025-04-02,901.7,909.6,900.1,902.39,11705,0.08,10564618.9
NTC,2025-04-03,909.9,909.9,900.2,901.57,14483,-0.09,13081411.2
NTC,2025-04-07,900.0,909.5,892.0,900.35,12613,-0.14,11343017.4
NTC,2025-04-08,895.0,901.0,891.1,896.64,23207,-0.41,20815024.9
NTC,2025-04-09,914.0,914.0,900.0,900.34,12518,0.41,11307031.7
NTC,2025-04-10,908.7,908.9,895.0,896.73,19670,-0.4,17674153.2
NTC,2025-04-13,892.2,900.0,892.2,899.84,8059,0.35,7240024.0
NTC,2025-04-15,915.0,915.0,897.2,903.95,11190,0.46,10140051.4
NTC,2025-04-16,903.0,904.9,881.1,892.68,77630,-1.25,68959393.1
NTC,2025-04-17,910.5,910.5,887.1,902.74,10391,1.13,9381422.6
NTC,2025-04-20,915.0,915.0,890.0,898.67,33331,-0.45,29814962.7
NTC,2025-04-21,890.1,904.7,890.1,896.99,8776,-0.19,7883310.5
NTC,2025-04-22,914.0,914.0,891.0,893.38,11526,-0.4,10324419.2
NTC,2025-04-23,906.4,906.4,890.0,890.39,14084,-0.33,12571289.1
NTC,2025-04-24,891.0,895.3,890.0,891.37,13876,0.11,12361187.1
NTC,2025-04-27,894.8,900.0,892.0,894.57,9998,0.36,8941549.7
NTC,2025-04-28,896.0,896.0,888.0,890.01,21672,-0.51,19311258.0
NTC,2025-04-29,903.0,903.0,880.0,890.05,67116,0.0,59825568.2
NTC,2025-04-30,900.0,900.0,874.9,876.13,32042,-1.56,28149140.3
NTC,2025-05-04,893.5,893.5,875.0,875.81,21824,-0.04,19149115.6
NTC,2025-05-05,876.0,883.9,872.0,873.71,23179,-0.24,20282936.0
NTC,2025-05-06,885.0,885.0,860.0,862.04,40324,-1.34,35010019.0
NTC,2025-05-07,862.6,884.0,858.0,883.69,22649,2.51,19592465.5
NTC,2025-05-08,894.0,894.0,873.0,876.14,11604,-0.85,10224596.6
NTC,2025-05-11,885.0,888.9,870.0,871.84,20086,-0.49,17604038.5
NTC,2025-05-13,875.0,885.0,865.0,868.18,22571,-0.42,19621452.7
NTC,2025-05-14,860.1,880.0,860.1,864.23,22012,-0.45,19084274.0
NTC,2025-05-15,879.0,879.0,866.0,868.19,12215,0.46,10602114.7
NTC,2025-05-18,871.0,879.0,867.8,869.09,22279,0.1,19412695.9
NTC,2025-05-19,865.0,870.0,837.9,864.85,30016,-0.49,25909523.7
NTC,2025-05-20,865.0,870.0,852.5,869.4,21691,0.53,18772273.5
NTC,2025-05-21,885.5,898.8,870.0,873.04,22417,0.42,19650723.7
NTC,2025-05-22,879.0,888.4,871.0,879.77,129924,0.77,113687231.8
NTC,2025-05-25,888.0,889.0,878.0,879.71,14683,-0.01,12963271.5
NTC,2025-05-26,888.0,897.0,879.0,879.45,13918,-0.03,12282001.5
NTC,2025-05-27,880.0,880.0,875.0,878.94,5051,-0.06,4429089.0
NTC,2025-05-28,875.2,885.0,870.0,874.75,8772,-0.48,7670992.7
NTC,2025-06-02,875.0,875.0,860.0,865.14,40156,-1.1,34822585.7
NTC,2025-06-03,866.0,866.0,861.2,862.32,20267,-0.33,17475673.3
NTC,2025-06-04,862.0,865.6,858.9,860.4,26338,-0.22,22642486.3
NTC,2025-06-05,867.0,867.0,854.3,855.37,22405,-0.58,19177285.4
NTC,2025-06-08,872.4,872.4,847.8,849.24,31928,-0.72,27162961.5
NTC,2025-06-09,850.0,851.0,835.0,838.29,56919,-1.29,47860100.8
NTC,2025-06-10,840.0,877.9,840.0,867.97,416831,3.54,359175395.2
NTC,2025-06-11,868.0,869.0,851.0,853.97,18021,-1.61,15448195.8
NTC,2025-06-12,851.0,867.9,849.0,854.96,8879,0.12,7589893.4
NTC,2025-06-15,870.9,870.9,848.0,848.46,24915,-0.76,21177333.9
NTC,2025-06-16,850.0,863.0,848.0,849.96,13435,0.18,11433313.1
NTC,2025-06-17,850.0,855.0,846.3,847.09,10717,-0.34,9092595.7
NTC,2025-06-18,846.1,850.0,844.3,844.6,19247,-0.29,16268804.7
NTC,2025-06-19,844.6,848.0,841.0,841.64,17033,-0.35,14355733.8
NTC,2025-06-22,845.0,851.0,838.0,838.36,26643,-0.39,22381588.3
NTC,2025-06-23,840.0,850.0,838.1,842.62,5467,0.51,4607729.4
NTC,2025-06-24,850.0,852.0,840.0,840.52,9432,-0.25,7950349.0
NTC,2025-06-25,841.0,848.0,839.1,843.11,9234,0.31,7783371.8
NTC,2025-06-26,843.0,850.0,839.0,839.88,13345,-0.38,11218313.7
NTC,2025-06-29,840.0,848.0,838.0,840.48,11399,0.07,9578063.0
NTC,2025-06-30,840.0,846.4,838.0,838.34,12222,-0.25,10268111.6
NTC,2025-07-01,855.1,855.1,837.0,840.13,14718,0.21,12350859.0
NTC,2025-07-02,841.2,850.0,841.1,849.64,14608,1.13,12364004.0
NTC,2025-07-03,861.0,866.6,844.0,846.03,32041,-0.42,27125198.5
NTC,2025-07-06,860.0,860.0,848.3,851.24,27701,0.62,23605125.1
NTC,2025-07-07,850.0,858.7,845.0,848.77,12972,-0.29,11025125.9
NTC,2025-07-08,850.0,850.0,844.0,845.03,16713,-0.44,14129641.5
NTC,2025-07-09,843.0,850.0,842.0,846.55,11850,0.18,10042625.6
NTC,2025-07-10,851.0,855.0,849.0,853.3,20896,0.8,17809605.8
NTC,2025-07-13,860.0,877.0,854.1,858.96,27361,0.66,23508600.3
NTC,2025-07-14,860.0,868.9,858.0,862.55,22127,0.42,19081810.6
NTC,2025-07-15,862.0,875.0,862.0,874.18,21895,1.35,19045375.7
NTC,2025-07-16,874.2,885.0,868.8,877.27,20939,0.35,18388703.7
NTC,2025-07-17,881.0,894.9,881.0,890.89,47478,1.55,42135268.8
NTC,2025-07-20,899.0,912.0,885.0,895.16,60959,0.48,54891602.5
NTC,2025-07-21,899.0,901.0,887.0,893.08,35423,-0.23,31644629.2
NTC,2025-07-22,905.0,921.0,897.0,919.94,59122,3.01,53890240.7
NTC,2025-07-23,930.0,934.0,912.0,920.78,37243,0.09,34302427.4
NTC,2025-07-24,928.9,928.9,907.0,914.85,36145,-0.64,33027452.3
NTC,2025-07-27,896.6,930.0,896.6,909.17,45350,-0.62,41543840.7
NTC,2025-07-28,909.1,910.0,898.0,909.64,52222,0.05,47136301.0
NTC,2025-07-29,891.5,932.0,891.5,929.41,73341,2.17,67732982.5
NTC,2025-07-30,932.0,938.0,912.0,916.16,43237,-1.43,39949145.9
NTC,2025-07-31,914.0,920.0,900.1,909.61,28517,-0.71,25975319.0
NTC,2025-08-03,910.0,910.0,891.0,892.57,42015,-1.87,37608115.3
NTC,2025-08-04,907.9,907.9,880.0,890.26,27496,-0.26,24371199.2
NTC,2025-08-05,895.0,904.0,879.0,879.54,31485,-1.2,27777081.6
NTC,2025-08-06,897.1,897.1,873.0,880.16,13624,0.07,11982440.3
NTC,2025-08-07,883.0,888.0,879.0,880.49,19454,0.04,17143710.0
NTC,2025-08-11,885.3,895.0,875.0,877.37,23274,-0.35,20497922.4
NTC,2025-08-12,871.0,885.0,871.0,872.99,11154,-0.5,9767464.8
NTC,2025-08-13,873.1,882.0,865.3,874.58,12725,0.18,11142625.45
NTC,2025-08-14,882.0,882.0,873.0,876.08,9640,0.17,8439227.2
NTC,2025-08-17,858.6,870.0,848.1,849.61,62678,-3.02,53479068.9
NTC,2025-08-18,849.0,855.0,849.0,851.52,15830,0.22,13480026.4
NTC,2025-08-19,865.0,885.0,850.0,852.81,15746,0.15,13458226.5
NTC,2025-08-20,853.0,860.0,850.1,852.79,12368,0.0,10542998.1
NTC,2025-08-21,864.9,864.9,850.0,850.4,22531,-0.28,19172712.7
NTC,2025-08-24,850.0,863.0,848.0,852.12,14313,0.2,12187201.8
NTC,2025-08-25,849.0,859.0,849.0,850.91,20148,-0.14,17138223.1
NTC,2025-08-26,866.6,866.6,849.9,850.34,17137,-0.07,14577926.9
NTC,2025-08-27,867.3,867.3,849.1,852.06,47731,0.2,40618227.2
NTC,2025-08-28,868.8,868.8,848.7,849.32,38036,-0.32,32350190.5
NTC,2025-08-31,851.5,852.0,845.1,848.27,23673,-0.12,20072605.3
NTC,2025-09-01,865.2,865.2,840.0,843.03,29413,-0.62,24852190.4
NTC,2025-09-02,859.8,859.8,843.1,844.1,23696,0.13,20014912.8
NTC,2025-09-03,850.0,850.0,844.2,845.66,7306,0.18,6185948.7
NTC,2025-09-04,845.0,858.0,835.0,839.51,31682,-0.73,26576163.5
NTC,2025-09-07,839.0,840.0,824.0,824.74,69008,-1.76,57252441.8
NTC,2025-09-08,825.0,835.0,825.0,825.52,20280,0.09,16770476.6
NTC,2025-09-18,809.1,820.0,762.5,808.0,3839,-2.12,3033919.7
NTC,2025-09-21,805.0,851.6,800.0,838.6,39385,3.79,32526958.2
NTC,2025-09-23,845.0,855.1,840.0,854.0,17191,1.84,14598883.6
NTC,2025-09-24,865.0,865.0,848.0,849.0,11110,-0.59,9454965.2
NTC,2025-09-25,845.1,856.9,840.5,848.2,8106,-0.09,6879023.0
NTC,2025-09-28,852.0,855.0,848.0,852.0,6444,0.45,5477788.3
NTC,2025-10-07,852.0,852.0,843.0,846.0,11285,-0.7,9560080.3
NTC,2025-10-08,848.0,849.0,833.0,839.0,13672,-0.83,11462785.4
NTC,2025-10-09,853.0,872.6,839.0,847.3,13686,0.99,11633870.5
NTC,2025-10-12,845.0,850.0,836.0,841.0,13058,-0.74,10961756.0
NTC,2025-10-13,857.0,857.0,831.0,844.1,7681,0.37,6470626.6
NTC,2025-10-14,858.0,858.0,840.0,849.0,8580,0.58,7265570.7
NTC,2025-10-15,850.0,855.0,842.1,844.0,20636,-0.59,17477878.7
NTC,2025-10-16,854.9,854.9,838.0,845.8,12178,0.21,10294004.7
NTC,2025-10-19,847.0,850.0,840.0,847.0,12631,0.14,10664129.4
NTC,2025-10-26,855.0,855.0,845.0,845.1,14977,-0.22,12688534.4
NTC,2025-10-28,853.7,865.0,847.4,858.0,14118,1.53,12086527.3
NTC,2025-10-29,859.0,866.0,855.0,856.0,12479,-0.23,10748711.6
NTC,2025-10-30,870.0,870.0,854.0,864.1,15926,0.95,13731150.8
NTC,2025-11-02,865.0,881.3,860.1,877.0,14615,1.49,12788944.0
NTC,2025-11-03,876.0,881.8,864.1,880.0,24545,0.34,21513252.6
NTC,2025-11-04,875.0,885.0,875.0,876.9,19494,-0.35,17127438.2
NTC,2025-11-05,876.9,881.0,871.0,878.9,20336,0.23,17826892.0
NTC,2025-11-06,862.0,880.0,862.0,873.0,14216,-0.67,12464386.3
NTC,2025-11-09,874.0,886.0,865.4,870.0,15841,-0.34,13807792.8
NTC,2025-11-10,861.5,875.0,861.5,870.0,6316,0.0,5489386.4
NTC,2025-11-11,887.4,887.4,863.0,868.0,4671,-0.23,4055554.0
NTC,2025-11-12,875.0,875.0,852.6,855.0,9857,-1.5,8440519.5
NTC,2025-11-13,852.6,862.8,852.6,856.0,5299,0.12,4537984.8
NTC,2025-11-16,872.3,872.3,851.0,855.0,3867,-0.12,3306213.6
NTC,2025-11-17,855.0,858.0,845.0,856.0,6117,0.12,5214542.3
NTC,2025-11-18,860.0,869.0,850.0,858.0,7307,0.23,6258797.8
NTC,2025-11-19,858.0,859.9,850.0,852.3,4190,-0.66,3570475.6
NTC,2025-11-20,853.0,859.0,847.3,850.1,4835,-0.26,4118384.4
NTC,2025-11-23,859.9,865.0,851.1,858.6,9496,1.0,8171078.7
NTC,2025-11-24,865.0,865.0,855.0,862.0,9084,0.4,7832671.0
NTC,2025-11-25,874.0,874.0,858.0,864.7,11152,0.31,9604950.1
NTC,2025-11-26,860.0,870.0,860.0,865.1,7244,0.05,6266135.2
NTC,2025-11-27,869.0,871.9,862.0,866.0,10215,0.1,8862201.8
NTC,2025-11-30,860.0,877.0,856.0,861.5,14037,-0.52,12142363.1
NTC,2025-12-01,861.5,867.0,856.0,861.7,6734,0.02,5802156.3
NTC,2025-12-02,865.0,865.0,858.1,860.0,7090,-0.2,6100300.1
NTC,2025-12-03,860.0,875.0,860.0,862.0,8331,0.23,7183307.2
NTC,2025-12-07,860.0,880.0,859.0,873.5,23190,1.33,20195575.9
NTC,2025-12-08,879.9,879.9,868.0,871.0,11256,-0.29,9810194.3
NTC,2025-12-09,871.0,874.9,864.0,869.0,9086,-0.23,7903886.0
NTC,2025-12-10,872.0,872.0,867.0,869.0,6652,0.0,5782633.8
NTC,2025-12-11,868.9,870.0,865.0,870.0,8059,0.12,6985245.6
NTC,2025-12-14,877.0,877.0,865.0,872.5,18545,0.29,16194027.1
NTC,2025-12-15,872.5,876.0,872.5,874.0,12155,0.17,10631012.5
NTC,2025-12-16,874.0,885.0,872.1,885.0,19850,1.26,17503179.3
NTC,2025-12-17,880.1,892.0,880.1,887.0,14222,0.23,12631812.7
NTC,2025-12-18,889.8,889.8,877.2,878.7,11553,-0.94,10192184.4
NTC,2025-12-21,875.0,882.0,873.0,879.9,10140,0.14,8901848.0
NTC,2025-12-22,875.1,880.0,875.0,875.0,9374,-0.56,8217145.7
NTC,2025-12-23,887.0,900.0,875.2,899.0,45919,2.74,40919423.1
NTC,2025-12-24,916.9,916.9,890.0,895.4,39968,-0.4,35856692.7
NTC,2025-12-28,909.9,909.9,896.0,906.0,38661,1.18,34912329.8
NTC,2025-12-29,908.0,911.0,898.0,904.8,38244,-0.13,34636425.7
NTC,2025-12-31,909.0,909.0,900.0,905.0,40304,0.02,36498409.6
NTC,2026-01-01,905.0,909.0,902.2,905.0,74592,0.0,67568456.3
NTC,2026-01-04,895.0,895.0,848.5,868.0,23309,-4.09,20215558.6
NTC,2026-01-05,860.0,864.0,856.0,857.5,12136,-1.21,10422554.8
NTC,2026-01-06,860.0,864.9,856.0,859.0,14097,0.17,12107928.0
NTC,2026-01-07,860.0,864.5,856.6,858.0,6012,-0.12,5160363.4
NTC,2026-01-08,858.0,860.0,850.0,858.0,9482,0.0,8122071.3
NTC,2026-01-12,857.0,863.0,850.0,851.4,16784,-0.77,14316781.8
NTC,2026-01-13,853.0,858.0,845.5,846.0,10718,-0.63,9086945.6
NTC,2026-01-14,846.0,850.0,845.1,847.0,10928,0.12,9252017.4
NTC,2026-01-18,858.0,858.0,845.0,852.0,11299,0.59,9610727.3
NTC,2026-01-20,863.0,867.9,852.0,859.9,14049,0.93,12048765.6
NTC,2026-01-21,855.1,866.0,855.1,862.9,8255,0.35,7129293.3
NTC,2026-01-22,862.0,867.7,856.1,860.0,12001,-0.34,10323849.7
NTC,2026-01-25,860.0,874.0,860.0,868.7,37318,1.01,32356768.1
NTC,2026-01-26,878.0,879.8,860.0,869.0,18503,0.03,16065357.4
NTC,2026-01-27,875.0,875.0,861.0,863.0,8502,-0.69,7355735.9
NTC,2026-01-28,862.0,865.0,858.3,860.0,15099,-0.35,12985881.6
NTC,2026-01-29,861.0,870.0,857.4,858.5,11566,-0.17,9950119.9
NTC,2026-02-01,870.0,870.0,853.0,856.0,9080,-0.29,7784000.8
NTC,2026-02-02,850.0,860.0,850.0,850.0,16347,-0.7,13944611.1
NTC,2026-02-03,851.0,860.0,847.0,850.9,9721,0.11,8270823.9
NTC,2026-02-04,834.0,865.0,834.0,852.9,10761,0.24,9157983.8
NTC,2026-02-05,850.0,860.0,850.0,853.0,8449,0.01,7195776.2
NTC,2026-02-08,855.0,860.0,848.0,850.0,17064,-0.35,14546845.2
NTC,2026-02-09,855.0,859.9,844.0,844.0,19259,-0.71,16298846.0
NTC,2026-02-10,845.0,848.0,840.1,845.0,15995,0.12,13490612.9
NTC,2026-02-11,861.9,861.9,843.5,847.5,7097,0.3,6005186.5
NTC,2026-02-12,855.0,855.0,845.0,848.0,16335,0.06,13830575.5
NTC,2026-02-16,854.0,855.0,840.0,848.0,17535,0.0,14828752.7
NTC,2026-02-17,850.0,850.0,845.0,845.0,14321,-0.35,12128465.8
NTC,2026-02-22,845.0,850.0,845.0,845.2,10506,0.02,8892546.9
NTC,2026-02-23,847.0,859.0,845.0,855.0,10926,1.16,9273794.3
NTC,2026-02-24,855.0,858.7,850.0,853.0,7123,-0.23,6088720.2
NTC,2026-02-25,854.0,854.0,850.0,853.0,4753,0.0,4052826.7
NTC,2026-02-26,870.0,870.0,853.0,855.0,7300,0.23,6246213.3
NTC,2026-03-01,855.0,876.0,850.0,876.0,18793,2.46,16174861.7
NTC,2026-03-03,893.5,893.5,862.0,872.0,12203,-0.46,10616496.9
NTC,2026-03-09,889.4,924.0,880.0,880.0,9298,0.92,8373842.8
NTC,2026-03-10,897.6,942.5,880.0,900.0,96225,2.27,86579936.6
NTC,2026-03-11,908.0,908.0,890.0,890.5,21122,-1.06,18952770.6
NTC,2026-03-12,890.5,895.0,876.0,887.0,14394,-0.39,12785535.9
NTC,2026-03-15,890.0,898.0,887.0,887.9,13675,0.1,12151932.6
NTC,2026-03-16,893.8,893.8,870.0,877.0,16799,-1.23,14782587.0
NTC,2026-03-17,879.4,886.0,870.0,879.2,8196,0.25,7196499.8
NTC,2026-03-19,886.0,890.0,881.0,889.0,28123,1.11,24900160.6
NTC,2026-03-22,895.0,909.9,895.0,909.9,67464,2.35,60960093.9
NTC,2026-03-23,920.0,928.0,900.1,908.0,59765,-0.21,54567882.3
NTC,2026-03-24,920.0,920.0,908.0,914.0,18877,0.66,17225044.2
NTC,2026-03-25,932.0,932.0,895.0,895.0,16089,-2.08,14545111.1
NTC,2026-03-26,877.1,917.0,877.1,904.9,40620,1.11,36677601.0
NTC,2026-03-29,905.0,907.0,890.0,891.9,33019,-1.44,29644359.9
NTC,2026-03-30,891.0,891.0,875.0,875.0,20255,-1.89,17895452.3
NTC,2026-03-31,884.9,890.0,870.0,877.0,13480,0.23,11808086.8
NTC,2026-04-01,880.0,880.0,866.0,868.0,22437,-1.03,19584172.4
NTC,2026-04-02,850.7,875.0,850.7,866.0,17213,-0.23,14939199.1
NTC,2026-04-05,883.3,883.3,854.2,858.5,17865,-0.87,15368254.1
NTC,2026-04-06,869.9,879.5,861.0,877.0,20360,2.15,17797448.8
NTC,2026-04-07,890.0,890.0,873.0,877.0,10567,0.0,9292745.3
NTC,2026-04-08,894.5,894.5,872.2,876.0,15283,-0.11,13433132.0
NTC,2026-04-09,878.3,884.0,875.0,879.8,35471,0.43,31101423.4
NTC,2026-04-10,890.0,890.0,875.5,880.0,18347,0.02,16149296.6
NTC,2026-04-13,870.4,887.3,869.9,870.0,12536,-1.14,10992674.2
NTC,2026-04-15,883.0,883.0,873.0,879.0,9051,1.03,7948408.9
NTC,2026-04-16,879.0,881.0,870.1,880.0,11980,0.11,10511398.1
NTC,2026-04-17,881.0,885.0,871.0,880.0,12852,0.0,11322800.4
NTC,2026-04-20,875.0,885.0,875.0,883.0,9319,0.34,8193932.4
NTC,2026-04-21,880.1,885.0,870.5,870.6,9597,-1.4,8441165.3
NTC,2026-04-22,883.0,883.0,865.0,870.1,12121,-0.06,10543271.5
NTC,2026-04-23,896.0,896.0,865.0,872.0,14205,0.22,12463275.1
NTC,2026-04-24,884.0,884.0,860.6,870.0,5466,-0.23,4760542.2
NTC,2026-04-27,870.0,885.0,860.0,871.0,15145,0.11,13162963.6
NTC,2026-04-28,871.0,881.0,873.0,876.0,12334,0.57,10823110.7
NTC,2026-04-29,876.0,887.0,873.1,874.0,9723,-0.23,8514400.4
NTC,2026-04-30,875.0,889.0,867.0,872.0,17381,-0.23,15251164.0
NTC,2026-05-04,872.0,882.0,872.0,873.0,8919,0.11,7807034.5
NTC,2026-05-05,880.0,880.0,870.0,872.2,9200,-0.09,8055496.5
NTC,2026-05-06,875.0,876.0,870.0,875.0,6660,0.32,5810441.1
NTC,2026-05-07,875.2,883.0,870.4,880.0,7572,0.57,6635560.6
NTC,2026-05-08,884.9,884.9,876.0,880.0,9570,0.0,8438563.5
NTC,2026-05-11,889.0,890.0,885.0,890.0,8545,1.14,7586704.2
NTC,2026-05-12,890.0,908.0,886.6,886.6,12061,-0.38,10747932.6
NTC,2026-05-13,890.0,891.0,885.0,890.0,7937,0.38,7053893.0
NTC,2026-05-14,890.0,893.0,888.0,890.0,7978,0.0,7102789.8
NTC,2026-05-15,895.9,895.9,888.0,892.0,9275,0.22,8260179.3
NTC,2026-05-18,894.0,895.0,889.2,890.5,7931,-0.17,7070109.1
NTC,2026-05-19,890.0,895.0,886.6,886.6,15468,-0.44,13760349.2
NTC,2026-05-20,880.0,896.0,880.0,888.0,5542,0.16,4920257.5
NTC,2026-05-21,892.0,897.0,885.8,888.0,5112,0.0,4540539.4
NTC,2026-05-22,892.0,892.0,889.0,890.4,6127,0.27,5457118.8
NTC,2026-05-25,890.0,899.9,888.5,898.5,14947,0.91,13410066.5
NTC,2026-05-26,900.0,903.0,896.1,900.0,9795,0.17,8809455.3
NTC,2026-05-27,904.0,904.0,896.0,900.0,14697,0.0,13234269.6
NTC,2026-06-01,855.0,890.4,831.7,864.0,111256,-4.0,95609260.6
NTC,2026-06-02,860.0,871.9,860.0,868.0,26550,0.46,23001442.2
NTC,2026-06-03,874.0,878.0,868.0,870.0,17123,0.23,14932456.2
NTC,2026-06-04,865.0,871.0,850.0,859.7,16416,-1.18,14159647.4
NTC,2026-06-05,851.1,860.0,851.1,857.0,15647,-0.31,13423339.5
NTC,2026-06-08,857.0,858.0,851.5,853.5,15429,-0.41,13168265.7
NTC,2026-06-09,853.0,856.0,845.0,850.7,14927,-0.33,12692638.3
NTC,2026-06-10,855.0,855.0,846.2,847.0,11049,-0.43,9402448.4
NTC,2026-06-11,847.0,858.0,844.0,848.0,16863,0.12,14297999.8
NTC,2026-06-12,857.6,859.0,845.2,851.9,14621,0.46,12403216.5
NTC,2026-06-15,859.8,859.8,845.1,848.0,10695,-0.46,9075439.6
NTC,2026-06-16,849.0,850.0,845.0,849.0,9317,0.12,7896787.3
NTC,2026-06-17,850.0,850.0,845.0,848.5,4090,-0.06,3469900.9
NTC,2026-06-18,848.6,850.0,848.0,849.0,6115,0.06,5193961.6
NTC,2026-06-19,851.0,851.4,848.0,849.0,6752,0.0,5735729.8
NTC,2026-06-22,891.4,891.4,840.0,848.7,7815,-0.04,6609644.4
NTC,2026-06-23,850.4,850.4,840.0,849.0,15314,0.04,12959418.9
NTC,2026-06-24,849.0,850.0,840.0,844.0,10354,-0.59,8749054.0
NTC,2026-06-25,847.0,849.0,842.0,845.0,7792,0.12,6581964.1
NTC,2026-06-26,850.0,850.0,844.0,845.0,6192,0.0,5234518.0
NTC,2026-06-29,848.0,848.0,838.0,843.0,8209,-0.24,6921841.7
NTC,2026-06-30,843.0,843.1,840.0,843.0,6339,0.0,5339521.2
NTC,2026-07-01,848.0,848.0,842.0,847.9,4586,0.58,3883735.2
NTC,2026-07-02,848.0,850.0,848.0,849.0,5018,0.13,4258158.4
NTC,2026-07-03,849.9,849.9,844.0,846.0,7001,-0.35,5928603.5
NTC,2026-07-06,850.0,850.0,845.0,847.0,4024,0.12,3407657.2
NTC,2026-07-07,848.0,849.7,840.0,848.0,4249,0.12,3593796.4
NTC,2026-07-08,850.0,850.0,846.0,847.0,4358,-0.12,3694214.0
NTC,2026-07-09,844.0,848.9,843.0,847.0,5465,0.0,4630716.9
NTC,2026-07-10,850.0,850.0,845.0,847.0,4449,0.0,3769939.4
NTC,2026-07-13,845.0,849.0,840.0,846.0,6841,-0.12,5781520.9
NTC,2026-07-14,846.0,851.0,845.0,850.9,11091,0.58,9412231.5
NTC,2026-07-15,859.9,859.9,848.0,853.0,6065,0.25,5177440.5
NTC,2026-07-16,853.0,861.0,853.0,857.5,3418,0.53,2936170.7
NTC,2026-07-17,860.0,868.0,850.0,862.0,13997,0.52,12026614.0
NTC,2026-07-20,880.0,880.0,862.0,869.0,9133,0.81,7947092.3
NTC,2026-07-21,875.0,875.0,862.5,864.9,6076,-0.47,5267791.1
NTC,2026-07-22,875.0,875.0,853.0,857.1,12970,-0.9,11115716.3
NTC,2026-07-23,860.0,860.0,855.0,859.0,3472,0.22,2979164.3
NTC,2026-07-24,875.0,880.0,860.1,864.0,7547,0.58,6540831.0
NTC,2026-07-27,864.1,865.0,859.5,862.0,8580,-0.23,7395522.9
NTC,2026-07-28,864.9,864.9,855.1,861.9,3201,-0.01,2757675.1
NTC,2026-07-29,858.0,875.0,855.2,869.8,14738,0.92,12812421.4
NTC,2026-07-30,870.0,874.9,863.0,865.0,3581,-0.55,3099080.8
NTC,2026-07-31,850.0,870.0,850.0,861.0,6077,-0.46,5262367.3
NTC,2026-08-03,870.0,875.1,857.1,860.0,27525,-0.12,23823621.6
NTC,2026-08-04,873.9,875.0,859.0,865.1,16441,0.59,14292458.7
NTC,2026-08-05,870.0,872.0,860.0,865.8,31100,0.08,26768429.4
NTC,2026-08-06,860.0,877.0,857.1,862.0,4505,-0.44,3884007.4
NTC,2026-08-07,870.9,870.9,862.0,863.9,8319,0.22,7200295.2
NTC,2026-08-10,864.0,872.0,860.0,860.0,17752,-0.45,15283301.8
NTC,2026-08-11,869.9,869.9,860.0,861.1,3042,0.13,2623792.2
NTC,2026-08-12,861.0,868.7,861.0,862.1,5408,0.12,4680350.3
NTC,2026-08-13,892.5,892.5,860.0,865.0,7783,0.34,6722351.3
NTC,2026-08-14,866.0,883.0,865.1,883.0,31170,2.08,27245638.1
NTC,2026-08-17,893.0,901.0,870.0,895.0,28242,1.36,25090055.5
NTC,2026-08-18,895.0,895.0,877.0,886.0,11423,-1.01,10066354.5
NTC,2026-08-19,871.0,888.0,871.0,888.0,6849,0.23,6048487.1
NTC,2026-08-20,888.1,900.0,875.1,898.5,30738,1.18,27541664.7
NTC,2026-08-21,900.0,900.0,880.0,885.0,8567,-1.5,7598925.7
NTC,2026-08-24,890.0,890.0,880.0,880.0,4545,-0.56,4008835.7
NTC,2026-08-25,885.0,895.0,880.0,883.0,2875,0.34,2547840.1
NTC,2026-08-26,885.0,885.0,874.0,875.0,7271,-0.91,6384112.0
NTC,2026-08-27,875.0,883.0,865.0,875.0,4323,0.0,3770805.4
SBL,2021-08-31,509.0,524.0,505.5,511.0,342803,-1.54,175306420.8
SBL,2021-09-01,515.0,522.0,506.1,514.0,210317,0.59,108578916.7
SBL,2021-09-02,520.0,520.0,504.2,505.0,137840,-1.75,70289733.3
SBL,2021-09-05,505.0,514.0,488.0,503.0,250689,-0.4,124845558.2
SBL,2021-09-06,500.0,534.0,495.1,533.0,320462,5.96,164689101.5
SBL,2021-09-07,535.0,537.0,512.6,520.0,146047,-2.44,76143305.0
SBL,2021-09-08,510.5,517.0,505.0,508.0,90813,-2.31,46191141.6
SBL,2021-09-09,512.0,512.0,501.0,503.0,91897,-0.98,46384736.9
SBL,2021-09-12,505.0,515.0,499.0,513.0,112861,1.99,57361411.1
SBL,2021-09-13,516.0,527.2,510.0,516.7,129696,0.72,67328361.7
SBL,2021-09-14,518.0,518.0,510.0,517.9,76287,0.23,39233883.3
SBL,2021-09-15,518.0,518.0,504.1,506.2,59452,-2.26,30218866.1
SBL,2021-09-16,503.1,503.1,488.0,495.0,188223,-2.21,93023758.3
SBL,2021-09-20,500.0,500.0,485.1,487.0,142479,-1.62,69384833.1
SBL,2021-09-21,482.0,500.0,478.2,485.0,147758,-0.41,71862068.9
SBL,2021-09-22,494.7,506.1,490.0,504.0,115775,3.92,57889954.4
SBL,2021-09-23,510.0,535.0,510.0,518.0,251321,2.78,131341642.3
SBL,2021-09-26,528.0,528.0,508.0,508.0,110697,-1.93,56853430.8
SBL,2021-09-27,510.0,510.0,494.0,499.2,95179,-1.73,47295304.8
SBL,2021-09-28,490.0,499.0,483.2,483.2,80620,-3.21,39470171.9
SBL,2021-09-29,476.0,492.8,475.2,487.0,164689,0.79,79384167.9
SBL,2021-09-30,490.0,490.0,477.0,479.0,96070,-1.64,46283569.0
SBL,2021-10-03,488.0,488.5,471.1,473.0,78759,-1.25,37451650.0
SBL,2021-10-04,473.0,478.0,469.0,470.0,74701,-0.63,35215205.6
SBL,2021-10-05,470.0,475.0,464.0,467.3,94017,-0.57,44043979.6
SBL,2021-10-06,467.3,474.1,461.1,467.7,129361,0.09,60642707.2
SBL,2021-10-10,477.0,486.5,461.7,467.0,105291,-0.15,49532995.1
SBL,2021-10-11,460.0,470.0,449.0,459.0,135768,-1.71,61625052.4
SBL,2021-10-17,468.1,468.1,450.0,459.0,84303,0.0,38369907.7
SBL,2021-10-18,450.1,459.0,443.0,444.0,87817,-3.27,39246962.9
SBL,2021-10-19,437.0,442.0,432.0,434.0,84447,-2.25,36796842.1
SBL,2021-10-20,442.6,464.0,435.0,451.0,143862,3.92,65026894.9
SBL,2021-10-21,459.9,469.0,451.5,466.0,174239,3.33,80120852.3
SBL,2021-10-24,466.0,479.9,457.1,477.1,159259,2.38,75043966.9
SBL,2021-10-25,486.6,491.5,470.0,491.0,272997,2.91,131343374.5
SBL,2021-10-26,491.0,502.0,487.0,498.8,145269,1.59,72023150.5
SBL,2021-10-27,499.0,510.0,489.2,502.0,144494,0.64,72205774.6
SBL,2021-10-28,505.0,505.0,490.1,502.0,124788,0.0,62154911.0
SBL,2021-10-31,512.0,532.6,510.0,514.0,469356,2.39,243563248.4
SBL,2021-11-01,524.2,524.2,513.0,518.0,245305,0.78,127124251.1
SBL,2021-11-02,518.0,526.0,514.0,524.9,136994,1.33,71401588.8
SBL,2021-11-03,535.3,535.3,520.0,521.0,122419,-0.74,64155554.2
SBL,2021-11-08,522.0,524.9,515.0,515.0,65089,-1.15,33734723.3
SBL,2021-11-09,514.0,516.0,497.0,500.0,135857,-2.91,68533987.1
SBL,2021-11-11,492.0,500.0,487.0,488.0,95531,-2.4,47035889.8
SBL,2021-11-14,488.0,495.0,485.0,495.0,77529,1.43,38089357.9
SBL,2021-11-15,495.0,500.0,495.0,497.0,42884,0.4,21273018.2
SBL,2021-11-16,497.0,506.0,494.0,504.0,55838,1.41,27966347.5
SBL,2021-11-17,505.0,508.0,500.0,506.0,79365,0.4,39967010.6
SBL,2021-11-18,506.0,506.0,492.0,497.0,52517,-1.78,26021300.2
SBL,2021-11-21,497.0,499.0,494.1,497.1,33569,0.02,16671394.2
SBL,2021-11-22,499.0,499.0,492.0,492.1,35083,-1.01,17312870.4
SBL,2021-11-23,493.0,493.0,485.0,489.0,57952,-0.63,28255585.6
SBL,2021-11-24,490.0,490.0,479.0,482.0,74876,-1.43,36053456.2
SBL,2021-11-25,490.0,490.0,474.0,479.0,57132,-0.62,27434014.7
SBL,2021-11-28,470.0,475.1,461.0,468.0,63068,-2.3,29686874.4
SBL,2021-11-29,470.0,474.0,460.0,465.0,33939,-0.64,15851740.4
SBL,2021-11-30,469.0,473.0,456.0,463.0,75981,-0.43,35228424.9
SBL,2021-12-01,466.0,472.2,463.0,464.0,69410,0.22,32281406.2
SBL,2021-12-02,468.0,468.0,455.0,458.0,66129,-1.29,30278635.8
SBL,2021-12-05,449.0,457.9,439.0,440.0,179770,-3.93,80057705.1
SBL,2021-12-06,444.0,455.0,434.0,448.0,87059,1.82,38526108.2
SBL,2021-12-07,455.0,455.0,441.0,442.0,40171,-1.34,17901069.1
SBL,2021-12-08,443.0,443.0,433.0,434.0,72909,-1.81,31827065.2
SBL,2021-12-09,442.0,442.0,429.0,439.0,67346,1.15,29215430.0
SBL,2021-12-12,439.0,439.0,420.0,420.0,116463,-4.33,49428511.9
SBL,2021-12-13,428.0,428.0,408.0,417.0,102758,-0.71,42751187.0
SBL,2021-12-14,421.0,440.0,421.0,440.0,35375,5.52,15291647.6
SBL,2021-12-15,447.0,448.8,425.0,429.0,103111,-2.5,44883864.9
SBL,2021-12-16,424.1,428.0,420.0,425.0,36676,-0.93,15536938.9
SBL,2021-12-20,433.5,433.5,417.0,426.0,53504,0.24,22625398.2
SBL,2021-12-21,430.0,433.5,427.0,430.1,42963,0.96,18468879.0
SBL,2021-12-22,438.7,447.8,435.0,446.1,77927,3.72,34529413.2
SBL,2021-12-23,455.0,456.0,441.2,451.1,77774,1.12,35116133.4
SBL,2021-12-26,455.0,469.5,455.0,468.0,182329,3.75,84173384.1
SBL,2021-12-27,472.0,472.1,456.0,459.0,124700,-1.92,57733148.8
SBL,2021-12-28,459.0,464.0,448.0,463.0,71517,0.87,32798864.1
SBL,2021-12-29,468.0,468.0,456.0,464.0,70264,0.22,32525002.9
SBL,2022-01-02,414.2,421.0,405.0,413.6,93520,1.84,38403012.7
SBL,2022-01-03,418.0,427.0,415.0,426.0,86955,3.0,36799283.7
SBL,2022-01-04,429.9,452.0,419.5,450.1,154504,5.66,67750757.9
SBL,2022-01-05,455.0,455.0,436.1,438.0,111207,-2.69,49482499.2
SBL,2022-01-06,440.0,452.0,434.0,451.1,146497,2.99,65311890.5
SBL,2022-01-09,455.0,467.9,455.0,464.0,166776,2.86,77002833.4
SBL,2022-01-10,468.0,469.0,455.0,457.0,91946,-1.51,42450858.0
SBL,2022-01-11,456.0,466.0,455.0,464.7,90968,1.68,42065126.9
SBL,2022-01-12,457.1,465.0,450.0,453.0,75811,-2.52,34573240.2
SBL,2022-01-13,455.0,460.0,449.0,459.0,70869,1.32,32168946.1
SBL,2022-01-16,467.0,470.0,458.0,470.0,180707,2.4,83893411.4
SBL,2022-01-17,473.0,480.0,463.0,470.0,145739,0.0,68852386.2
SBL,2022-01-18,466.5,485.5,465.0,475.0,180428,1.06,85612939.9
SBL,2022-01-19,484.0,484.0,465.0,470.0,91842,-1.05,43180365.7
SBL,2022-01-20,470.0,471.0,463.0,467.5,62906,-0.53,29366187.7
SBL,2022-01-23,467.8,486.3,466.0,472.0,140926,0.96,66737575.0
SBL,2022-01-24,481.4,481.4,451.0,458.0,170021,-2.97,77929686.8
SBL,2022-01-25,467.1,467.1,446.0,454.0,94791,-0.87,43399323.5
SBL,2022-01-26,460.0,460.0,445.0,445.8,70434,-1.81,31536144.2
SBL,2022-01-27,447.5,451.0,441.0,443.0,47091,-0.63,20994371.2
SBL,2022-01-30,451.8,463.0,450.0,460.0,59776,3.84,27475253.9
SBL,2022-01-31,464.0,465.0,452.0,452.6,32745,-1.61,14905103.1
SBL,2022-02-01,450.5,458.0,446.0,456.0,54695,0.75,24707767.7
SBL,2022-02-03,456.0,465.0,450.1,455.0,64627,-0.22,29655334.4
SBL,2022-02-06,456.1,456.1,448.2,448.4,37059,-1.45,16698386.1
SBL,2022-02-07,446.0,453.0,445.0,446.1,29428,-0.51,13181969.1
SBL,2022-02-08,455.0,463.0,441.5,444.0,52555,-0.47,23529635.0
SBL,2022-02-09,448.0,448.0,438.0,438.9,33765,-1.15,14879541.3
SBL,2022-02-10,439.5,443.0,431.1,433.0,50151,-1.34,21840236.4
SBL,2022-02-13,431.0,431.0,420.0,423.0,307377,-2.31,130322765.2
SBL,2022-02-14,423.0,427.0,420.0,424.0,43169,0.24,18324222.9
SBL,2022-02-15,432.0,432.0,420.0,430.0,56255,1.42,23881630.1
SBL,2022-02-16,430.0,431.5,422.4,425.9,28139,-0.95,11980425.9
SBL,2022-02-17,434.0,434.0,423.5,427.0,21757,0.26,9273584.4
SBL,2022-02-20,421.1,424.0,416.0,419.0,46557,-1.87,19528910.0
SBL,2022-02-21,419.0,425.0,416.0,423.9,65224,1.17,27493237.0
SBL,2022-02-22,425.0,428.0,423.2,427.3,47200,0.8,20153100.9
SBL,2022-02-23,425.0,429.0,421.0,424.0,33703,-0.77,14353638.8
SBL,2022-02-24,424.0,424.0,414.0,415.5,34467,-2.0,14377051.1
SBL,2022-02-27,417.0,417.0,410.1,411.5,52154,-0.96,21525889.1
SBL,2022-02-28,404.0,420.0,404.0,408.0,64396,-0.85,26391321.7
SBL,2022-03-02,400.0,408.0,397.0,400.0,69730,-1.96,27964181.4
SBL,2022-03-06,392.0,407.0,392.0,400.6,62111,0.15,24888619.8
SBL,2022-03-07,392.6,405.0,392.6,400.0,56020,-0.15,22375184.6
SBL,2022-03-09,401.0,404.0,395.0,395.0,33024,-1.25,13133488.8
SBL,2022-03-10,396.0,400.0,394.0,400.0,39386,1.27,15646557.3
SBL,2022-03-13,408.0,415.0,402.0,410.0,88147,2.5,36069128.1
SBL,2022-03-14,418.0,418.0,406.3,412.0,23030,0.49,9484217.9
SBL,2022-03-15,415.0,415.0,406.8,408.0,48889,-0.97,19986168.9
SBL,2022-03-16,412.0,415.8,403.0,404.0,68113,-0.98,27694646.5
SBL,2022-03-20,410.0,410.0,403.0,406.7,36732,0.67,14879489.3
SBL,2022-03-21,414.8,414.8,403.0,408.0,39469,0.32,15992521.1
SBL,2022-03-22,410.0,413.0,406.8,409.0,39578,0.25,16184975.4
SBL,2022-03-23,405.1,410.0,403.0,405.5,38618,-0.86,15636344.4
SBL,2022-03-24,409.9,409.9,402.1,402.2,53080,-0.81,21431384.3
SBL,2022-03-27,402.0,406.5,397.0,398.0,88284,-1.04,35264928.0
SBL,2022-03-28,405.0,405.0,393.3,395.0,42554,-0.75,16838494.7
SBL,2022-03-29,396.0,398.0,393.0,395.0,26739,0.0,10547939.7
SBL,2022-03-30,396.0,398.0,392.1,397.0,41942,0.51,16581330.3
SBL,2022-03-31,400.0,403.0,395.0,399.0,56066,0.5,22444540.0
SBL,2022-04-03,403.0,403.0,395.0,396.0,32499,-0.75,12950998.3
SBL,2022-04-04,403.9,403.9,393.0,396.0,35593,0.0,14078232.1
SBL,2022-04-05,403.9,403.9,389.0,392.0,75026,-1.01,29311066.1
SBL,2022-04-06,388.0,392.0,385.0,386.9,38829,-1.3,15030179.1
SBL,2022-04-07,389.0,397.9,386.1,395.0,47077,2.09,18425613.0
SBL,2022-04-11,402.0,410.0,392.1,395.0,53861,0.0,21320589.4
SBL,2022-04-12,389.9,395.0,389.5,393.0,32157,-0.51,12593527.3
SBL,2022-04-13,393.0,398.9,390.0,395.0,29042,0.51,11485671.2
SBL,2022-04-17,402.9,402.9,389.0,392.0,31456,-0.76,12436816.2
SBL,2022-04-18,398.0,398.0,388.0,388.3,32142,-0.94,12568535.5
SBL,2022-04-19,396.0,400.0,386.0,400.0,48613,3.01,19088251.5
SBL,2022-04-20,408.0,408.0,389.0,395.0,108344,-1.25,42980624.8
SBL,2022-04-21,391.2,398.0,388.0,392.0,28318,-0.76,11074906.0
SBL,2022-04-24,399.0,402.0,395.2,402.0,27519,2.55,10970802.2
SBL,2022-04-25,406.0,406.7,397.0,397.0,27935,-1.24,11179149.3
SBL,2022-04-26,398.0,402.0,392.0,399.0,106362,0.5,42182006.1
SBL,2022-04-27,395.0,399.0,394.0,398.0,17927,-0.25,7108027.6
SBL,2022-04-28,405.9,405.9,392.5,393.0,21520,-1.26,8522453.6
SBL,2022-05-02,394.0,396.0,385.4,387.0,27540,-1.53,10692124.0
SBL,2022-05-04,394.7,394.7,378.1,383.0,21198,-1.03,8134731.0
SBL,2022-05-05,380.0,382.0,378.0,380.0,50245,-0.78,19110995.0
SBL,2022-05-08,384.0,384.0,374.0,381.0,19898,0.26,7500151.7
SBL,2022-05-09,388.6,388.6,379.0,382.0,43943,0.26,16820924.5
SBL,2022-05-10,389.0,390.0,384.0,389.0,37090,1.83,14316366.9
SBL,2022-05-11,395.0,397.0,392.0,396.6,14681,1.95,5795057.9
SBL,2022-05-12,400.0,401.0,395.0,396.0,33703,-0.15,13420736.5
SBL,2022-05-17,392.0,392.0,388.0,388.0,18805,-2.02,7319890.9
SBL,2022-05-18,393.0,393.0,382.0,386.1,8398,-0.49,3247615.4
SBL,2022-05-19,383.7,391.0,383.7,385.0,24289,-0.28,9355956.7
SBL,2022-05-20,385.0,387.0,383.0,383.0,10244,-0.52,3933044.4
SBL,2022-05-23,390.6,390.6,374.0,377.0,31599,-1.57,11888447.7
SBL,2022-05-24,384.5,384.5,376.0,382.0,21162,1.33,8044287.6
SBL,2022-05-25,389.6,389.6,377.0,386.0,29132,1.05,11210693.6
SBL,2022-05-26,393.7,393.7,382.1,385.0,18820,-0.26,7244118.2
SBL,2022-05-27,385.0,385.0,378.0,382.0,38462,-0.78,14636416.2
SBL,2022-05-30,389.6,389.6,374.0,376.6,19999,-1.41,7518653.1
SBL,2022-05-31,370.0,375.0,366.0,366.0,39251,-2.81,14505541.0
SBL,2022-06-01,372.0,372.0,364.0,367.0,22933,0.27,8413371.3
SBL,2022-06-02,374.0,374.0,361.7,365.0,29420,-0.54,10710938.9
SBL,2022-06-03,372.3,372.3,355.0,355.0,42357,-2.74,15158974.2
SBL,2022-06-06,360.0,360.0,343.0,347.0,60191,-2.25,20986285.7
SBL,2022-06-07,345.0,345.0,329.0,335.5,51710,-3.31,17386719.3
SBL,2022-06-08,340.0,347.0,336.0,338.0,41783,0.75,14271196.9
SBL,2022-06-09,344.7,346.9,337.4,338.0,26454,0.0,9022555.7
SBL,2022-06-10,344.7,344.7,331.5,336.0,9361,-0.59,3125979.9
SBL,2022-06-13,342.7,342.7,330.0,334.0,20729,-0.6,6922496.6
SBL,2022-06-14,333.0,333.0,326.0,328.0,24892,-1.8,8165739.5
SBL,2022-06-15,334.5,334.5,315.6,319.0,29081,-2.74,9286173.0
SBL,2022-06-16,315.2,327.0,315.2,318.0,37095,-0.31,11828571.5
SBL,2022-06-17,316.0,325.0,315.1,316.0,31244,-0.63,10004958.4
SBL,2022-06-19,320.0,320.0,309.0,310.0,21747,-1.9,6750786.9
SBL,2022-06-20,309.0,309.9,304.0,306.0,45892,-1.29,14048955.0
SBL,2022-06-21,309.0,323.3,305.0,323.3,39395,5.65,12249030.4
SBL,2022-06-22,320.0,323.0,309.2,309.7,36827,-4.21,11483008.5
SBL,2022-06-23,303.6,312.0,299.0,310.0,70234,0.1,21288720.6
SBL,2022-06-24,305.0,310.0,298.2,307.0,83733,-0.97,25399389.8
SBL,2022-06-26,312.9,320.0,308.0,320.0,90805,4.23,28577745.1
SBL,2022-06-27,322.0,325.0,310.0,312.0,35290,-2.5,11125995.5
SBL,2022-06-28,312.0,316.5,306.0,313.0,18396,0.32,5707986.7
SBL,2022-06-29,318.9,318.9,310.0,315.0,19455,0.64,6127716.2
SBL,2022-06-30,318.0,325.0,315.3,321.9,49877,2.19,15971280.3
SBL,2022-07-01,322.0,322.0,311.7,312.0,43304,-3.08,13688375.3
SBL,2022-07-03,308.0,324.5,308.0,316.0,40636,1.28,12832551.6
SBL,2022-07-04,320.0,325.0,314.0,315.0,94323,-0.32,30086957.9
SBL,2022-07-05,310.0,320.0,306.0,306.0,45515,-2.86,14127469.7
SBL,2022-07-06,308.0,310.0,300.0,309.0,35158,0.98,10678870.2
SBL,2022-07-07,315.1,315.1,303.0,311.0,34052,0.65,10421892.3
SBL,2022-07-08,306.0,309.0,304.0,305.6,26338,-1.74,8051751.6
SBL,2022-07-11,304.0,304.9,290.1,291.0,93067,-4.78,27476733.5
SBL,2022-07-12,294.0,295.0,288.2,289.0,63851,-0.69,18556485.1
SBL,2022-07-13,294.0,295.0,289.0,294.0,137903,1.73,40263235.6
SBL,2022-07-14,299.8,305.7,296.0,298.6,44218,1.56,13195958.8
SBL,2022-07-15,298.1,303.9,298.0,303.0,61618,1.47,18528474.3
SBL,2022-07-17,303.0,309.9,300.0,309.9,45999,2.28,13997144.6
SBL,2022-07-18,309.9,315.0,308.0,315.0,52175,1.65,16226032.0
SBL,2022-07-19,316.0,320.0,312.0,314.0,50452,-0.32,15984282.8
SBL,2022-07-20,312.1,318.2,312.0,315.4,25318,0.45,7969251.2
SBL,2022-07-21,315.5,318.0,311.3,315.0,45220,-0.13,14268135.1
SBL,2022-07-22,317.0,317.7,310.1,315.0,64161,0.0,20184155.7
SBL,2022-07-24,315.0,318.0,310.0,318.0,50944,0.95,16004095.4
SBL,2022-07-25,321.0,324.0,318.0,321.0,62045,0.94,19891209.2
SBL,2022-07-26,319.9,324.0,312.2,313.0,44062,-2.49,13892816.5
SBL,2022-07-27,315.1,315.1,310.1,313.0,15160,0.0,4734718.9
SBL,2022-07-28,317.0,319.2,310.0,311.0,59580,-0.64,18750618.9
SBL,2022-07-29,317.0,317.0,308.0,315.0,16584,1.29,5189460.2
SBL,2022-07-31,317.0,333.0,316.2,333.0,59013,5.71,19085568.0
SBL,2022-08-01,339.0,344.8,333.0,335.5,112321,0.75,37914657.8
SBL,2022-08-02,336.0,341.0,331.1,335.0,34819,-0.15,11680482.2
SBL,2022-08-03,341.7,348.0,337.3,338.1,90162,0.93,30668351.6
SBL,2022-08-04,344.0,344.0,327.0,327.0,61343,-3.28,20286705.5
SBL,2022-08-05,327.7,332.9,319.1,320.0,31933,-2.14,10310329.4
SBL,2022-08-07,318.1,325.5,317.0,318.0,38474,-0.63,12292545.3
SBL,2022-08-08,324.0,324.0,317.0,317.0,24423,-0.31,7774896.3
SBL,2022-08-09,317.0,319.0,312.0,312.6,32951,-1.39,10374953.2
SBL,2022-08-10,316.9,316.9,308.4,308.4,27991,-1.34,8682648.3
SBL,2022-08-11,310.0,311.5,305.7,306.0,35449,-0.78,10925950.9
SBL,2022-08-14,305.0,311.0,303.6,304.0,23714,-0.65,7253033.1
SBL,2022-08-15,304.1,310.0,304.1,309.5,19155,1.81,5903432.5
SBL,2022-08-16,315.0,321.9,310.0,310.0,34069,0.16,10651869.5
SBL,2022-08-17,310.0,313.0,308.0,310.9,15042,0.29,4666687.3
SBL,2022-08-18,308.0,314.0,308.0,313.9,20949,0.96,6550771.5
SBL,2022-08-21,310.8,318.0,310.8,314.5,31362,0.19,9890527.3
SBL,2022-08-22,318.0,318.0,310.0,314.5,25229,0.0,7907850.5
SBL,2022-08-23,319.9,319.9,313.0,313.8,30406,-0.22,9587121.4
SBL,2022-08-24,317.0,320.0,314.0,316.4,31119,0.83,9834055.1
SBL,2022-08-25,318.0,318.8,314.0,314.0,17316,-0.76,5483078.9
SBL,2022-08-26,318.0,318.0,309.0,313.9,9821,-0.03,3061416.0
SBL,2022-08-28,309.0,311.9,306.2,307.5,34529,-2.04,10644500.7
SBL,2022-08-29,307.0,309.9,302.5,309.0,30416,0.49,9325046.4
SBL,2022-08-30,314.0,314.9,308.0,309.9,10439,0.29,3229930.2
SBL,2022-08-31,309.0,309.0,304.0,306.0,19550,-1.26,5962037.0
SBL,2022-09-01,308.0,308.0,301.0,305.0,10423,-0.33,3166186.5
SBL,2022-09-02,305.0,306.9,302.0,303.0,8095,-0.66,2455867.0
SBL,2022-09-04,300.0,311.0,300.0,305.0,12502,0.66,3813193.2
SBL,2022-09-05,306.9,308.0,303.5,304.8,28283,-0.07,8626095.2
SBL,2022-09-06,304.0,306.0,301.1,302.1,20720,-0.89,6273244.6
SBL,2022-09-07,304.0,308.0,300.0,302.9,40668,0.26,12244935.0
SBL,2022-09-08,304.0,304.0,299.0,300.0,21601,-0.96,6491484.5
SBL,2022-09-11,301.0,304.0,298.0,299.0,29688,-0.33,8893621.5
SBL,2022-09-12,300.0,300.0,296.0,297.0,17417,-0.67,5180787.5
SBL,2022-09-13,302.0,304.8,298.2,302.9,30382,1.99,9165791.4
SBL,2022-09-14,308.7,309.9,300.0,307.9,37309,1.65,11431365.9
SBL,2022-09-15,308.0,308.0,300.0,302.4,30099,-1.79,9103500.1
SBL,2022-09-16,300.0,301.0,296.0,300.0,18589,-0.79,5551087.1
SBL,2022-09-18,300.5,300.5,295.0,296.2,98169,-1.27,29050963.6
SBL,2022-09-20,296.0,296.8,289.1,289.5,45540,-2.26,13273602.2
SBL,2022-09-21,290.0,292.0,286.0,291.0,19076,0.52,5537117.1
SBL,2022-09-22,295.8,295.8,290.0,292.0,14458,0.34,4229594.9
SBL,2022-09-25,295.0,295.0,288.0,288.4,23090,-1.23,6673043.2
SBL,2022-09-27,292.0,295.0,288.1,292.0,10062,1.25,2938222.9
SBL,2022-09-28,297.7,298.0,293.2,293.5,10620,0.51,3131770.0
SBL,2022-09-29,299.0,301.0,297.0,299.0,9288,1.87,2772281.4
SBL,2022-10-09,304.0,314.0,300.0,312.0,21632,4.35,6621399.4
SBL,2022-10-10,313.0,313.0,305.0,306.0,16331,-1.92,5020714.3
SBL,2022-10-11,306.0,306.0,298.0,302.5,20829,-1.14,6264752.3
SBL,2022-10-12,308.0,308.0,300.0,301.0,14361,-0.5,4337496.0
SBL,2022-10-13,305.0,305.0,297.0,303.0,28177,0.66,8447919.8
SBL,2022-10-16,305.0,306.0,298.3,302.0,13737,-0.33,4119038.1
SBL,2022-10-17,297.1,307.0,296.0,305.5,14845,1.16,4520421.8
SBL,2022-10-19,305.0,307.8,302.0,305.0,16552,-0.16,5044448.4
SBL,2022-10-20,308.0,308.0,300.0,304.0,33948,-0.33,10323413.5
SBL,2022-10-23,310.0,310.0,303.0,306.0,9620,0.66,2934360.2
SBL,2022-10-31,303.0,308.0,300.0,308.0,28940,0.65,8820161.8
SBL,2022-11-01,308.0,324.3,305.3,322.9,39435,4.84,12564251.9
SBL,2022-11-02,324.0,330.0,318.1,324.0,39206,0.34,12699910.2
SBL,2022-11-03,321.0,325.9,320.0,320.5,32484,-1.08,10456784.1
SBL,2022-11-06,320.0,325.0,318.5,324.9,31875,1.37,10282398.7
SBL,2022-11-07,325.2,329.0,322.2,322.2,36450,-0.83,11857394.3
SBL,2022-11-08,322.5,324.0,321.3,322.4,11675,0.06,3767242.4
SBL,2022-11-09,319.0,325.0,316.0,317.0,38815,-1.67,12375210.2
SBL,2022-11-10,315.0,321.0,315.0,316.9,24007,-0.03,7605347.5
SBL,2022-11-13,318.0,319.0,316.3,318.0,19783,0.35,6272196.1
SBL,2022-11-14,316.0,325.0,315.0,320.2,21171,0.69,6764160.2
SBL,2022-11-15,324.0,326.5,321.0,324.7,13086,1.41,4233817.4
SBL,2022-11-16,325.1,326.0,319.2,326.0,13385,0.4,4327670.9
SBL,2022-11-17,332.0,332.5,324.0,325.8,20871,-0.06,6823576.5
SBL,2022-11-22,328.8,332.0,322.0,324.9,7665,-0.28,2488437.8
SBL,2022-11-23,324.0,324.0,319.0,320.0,12798,-1.51,4097231.3
SBL,2022-11-24,317.6,324.0,317.6,323.0,14644,0.94,4692326.6
SBL,2022-11-27,319.0,326.9,319.0,326.9,27015,1.21,8753684.7
SBL,2022-11-28,326.0,326.0,318.1,320.0,20091,-2.11,6445276.8
SBL,2022-11-29,317.3,325.0,317.1,322.0,18771,0.63,6029001.9
SBL,2022-11-30,317.2,325.8,317.2,321.3,15363,-0.22,4977171.0
SBL,2022-12-01,325.0,325.9,321.0,324.9,23546,1.12,7614140.6
SBL,2022-12-04,324.0,326.0,322.0,324.0,19156,-0.28,6208880.8
SBL,2022-12-05,322.0,325.0,321.1,323.0,22538,-0.31,7258668.0
SBL,2022-12-06,320.0,322.0,317.5,318.9,21203,-1.27,6761023.3
SBL,2022-12-07,325.0,326.8,319.5,320.0,48314,0.34,15528243.3
SBL,2022-12-11,320.0,320.0,314.7,314.7,27738,-1.66,8780728.6
SBL,2022-12-12,320.0,320.0,311.0,313.5,19031,-0.38,5984470.5
SBL,2022-12-13,312.0,315.5,309.0,309.2,16711,-1.37,5202129.6
SBL,2022-12-14,309.0,314.4,309.0,310.0,12596,0.26,3916421.6
SBL,2022-12-15,308.0,313.9,308.0,310.0,10417,0.0,3231992.2
SBL,2022-12-18,311.0,311.0,303.0,306.0,25221,-1.29,7711903.3
SBL,2022-12-19,312.0,312.0,302.0,306.0,9779,0.0,2984183.4
SBL,2022-12-20,306.0,310.0,304.0,307.0,18497,0.33,5660905.9
SBL,2022-12-21,312.0,312.0,308.0,309.4,21412,0.78,6637886.2
SBL,2022-12-22,313.0,314.5,309.0,310.0,21070,0.19,6535072.8
SBL,2022-12-26,316.2,322.0,311.1,322.0,45037,3.87,14299720.4
SBL,2022-12-27,328.4,341.5,326.0,339.0,188077,5.28,63216954.2
SBL,2022-12-28,307.0,307.0,295.0,295.0,57656,-2.1,17303281.3
SBL,2022-12-29,295.0,303.0,294.0,302.0,47602,2.37,14286769.6
SBL,2023-01-01,302.0,304.1,296.0,297.0,45032,-1.66,13499031.4
SBL,2023-01-02,300.0,302.0,297.0,297.3,35179,0.1,10541623.8
SBL,2023-01-03,300.0,302.0,296.0,298.0,40533,0.24,12121350.7
SBL,2023-01-04,300.0,303.0,297.1,303.0,56117,1.68,16831884.2
SBL,2023-01-05,304.0,309.0,299.0,300.0,59839,-0.99,18119846.6
SBL,2023-01-08,305.9,306.0,297.2,298.8,73011,-0.4,21882921.7
SBL,2023-01-09,298.8,313.0,294.3,311.9,157341,4.38,47887760.4
SBL,2023-01-10,315.9,328.0,312.2,316.5,162300,1.47,52037513.7
SBL,2023-01-12,322.8,329.0,307.0,307.5,66655,-2.84,20909684.9
SBL,2023-01-17,312.0,312.0,304.0,306.8,41879,-0.23,12860608.0
SBL,2023-01-18,310.0,311.0,300.0,300.3,76324,-2.12,23215921.9
SBL,2023-01-19,305.0,309.0,300.1,303.1,38806,0.93,11841830.7
SBL,2023-01-23,306.0,306.0,298.0,298.0,81426,-1.68,24565342.6
SBL,2023-01-24,298.0,304.0,294.0,303.0,36850,1.68,11070832.8
SBL,2023-01-25,303.0,303.0,297.5,298.0,41590,-1.65,12482789.0
SBL,2023-01-26,298.0,300.0,295.0,296.0,24605,-0.67,7323075.0
SBL,2023-01-29,297.0,297.8,293.0,294.0,37470,-0.68,11046697.3
SBL,2023-01-30,292.0,297.0,290.0,291.0,38924,-1.02,11393787.1
SBL,2023-01-31,293.0,293.0,280.3,287.0,29481,-1.37,8408428.8
SBL,2023-02-01,283.0,290.0,283.0,286.0,16740,-0.35,4800576.1
SBL,2023-02-02,290.0,291.7,282.0,283.0,29054,-1.05,8271024.1
SBL,2023-02-05,285.0,288.0,281.1,286.9,27135,1.38,7726068.3
SBL,2023-02-06,287.0,291.0,283.0,286.0,17015,-0.31,4836079.6
SBL,2023-02-07,291.0,293.0,280.3,292.9,44167,2.41,12793254.8
SBL,2023-02-08,292.0,300.7,292.0,294.0,39167,0.38,11586338.7
SBL,2023-02-09,290.0,297.0,289.1,293.0,17629,-0.34,5178103.4
SBL,2023-02-12,290.0,290.0,285.5,288.0,43901,-1.71,12618444.6
SBL,2023-02-14,293.7,293.7,282.6,284.5,36246,-1.22,10289893.5
SBL,2023-02-15,289.8,289.8,280.0,281.5,77441,-1.05,21782526.9
SBL,2023-02-16,281.0,284.0,279.3,282.0,16450,0.18,4619821.2
SBL,2023-02-20,287.0,287.0,274.4,279.0,35722,-1.06,9894970.9
SBL,2023-02-22,278.0,285.0,275.1,281.5,14796,0.9,4134864.6
SBL,2023-02-23,279.0,280.0,276.0,278.0,27494,-1.24,7640955.8
SBL,2023-02-26,275.0,279.0,269.3,278.0,28986,0.0,7951303.0
SBL,2023-02-27,280.0,280.0,273.0,274.0,26425,-1.44,7257109.8
SBL,2023-02-28,279.2,283.9,274.0,276.0,17271,0.73,4769226.1
SBL,2023-03-01,277.0,278.9,273.6,274.0,13859,-0.72,3804880.8
SBL,2023-03-02,274.0,274.0,271.3,271.9,18230,-0.77,4964160.6
SBL,2023-03-05,273.0,273.0,267.2,268.0,23407,-1.43,6295466.9
SBL,2023-03-07,266.8,272.0,266.7,268.0,15079,0.0,4072472.9
SBL,2023-03-09,273.0,276.0,268.8,276.0,20835,2.99,5665153.0
SBL,2023-03-12,280.9,280.9,273.0,273.0,19792,-1.09,5440471.8
SBL,2023-03-13,270.5,271.0,266.3,269.9,16534,-1.14,4439510.6
SBL,2023-03-14,275.0,275.4,269.5,273.0,17595,1.15,4798877.2
SBL,2023-03-15,278.0,278.4,265.2,268.0,35518,-1.83,9520503.9
SBL,2023-03-16,273.0,273.0,260.0,263.0,63161,-1.87,16568767.7
SBL,2023-03-19,257.8,267.0,255.0,261.0,67933,-0.76,17571542.8
SBL,2023-03-20,261.0,262.0,254.8,255.0,50613,-2.3,13019710.9
SBL,2023-03-22,252.0,264.1,252.0,260.2,40712,2.04,10570856.2
SBL,2023-03-23,264.0,286.2,256.8,281.9,299272,8.34,83571933.4
SBL,2023-03-26,278.0,278.0,263.0,264.0,69960,-6.35,18580646.0
SBL,2023-03-27,258.8,264.0,255.0,263.9,78691,-0.04,20329028.7
SBL,2023-03-28,265.0,267.0,258.0,260.0,36853,-1.48,9664552.6
SBL,2023-03-29,260.0,264.0,255.8,261.9,33096,0.73,8593197.6
SBL,2023-03-30,265.0,265.8,258.2,259.0,25527,-1.11,6656877.3
SBL,2023-04-02,263.0,263.0,255.0,255.1,35022,-1.51,9034667.0
SBL,2023-04-03,255.0,255.9,250.8,251.0,36721,-1.61,9281093.0
SBL,2023-04-04,256.0,256.0,248.0,251.0,36951,0.0,9251951.0
SBL,2023-04-05,251.0,256.0,246.0,256.0,38398,1.99,9618549.8
SBL,2023-04-06,260.0,260.0,252.0,254.0,31382,-0.78,7960330.0
SBL,2023-04-09,257.0,257.0,248.0,249.9,38543,-1.61,9630270.1
SBL,2023-04-10,253.0,253.8,247.5,250.0,27027,0.04,6733232.3
SBL,2023-04-11,254.0,254.0,249.0,252.5,59409,1.0,14856212.2
SBL,2023-04-12,257.0,265.2,255.1,265.0,43283,4.95,11261533.8
SBL,2023-04-13,270.0,270.0,258.1,259.0,25194,-2.26,6628588.0
SBL,2023-04-16,264.0,264.0,255.1,260.0,17957,0.39,4677221.5
SBL,2023-04-17,262.0,264.0,256.7,257.0,10251,-1.15,2646348.6
SBL,2023-04-18,253.0,260.8,251.9,253.8,13500,-1.25,3422950.3
SBL,2023-04-19,258.3,260.0,252.3,259.3,10532,2.17,2696120.9
SBL,2023-04-20,255.0,255.0,250.0,252.9,36548,-2.47,9203941.4
SBL,2023-04-23,256.0,256.0,247.9,251.9,21696,-0.4,5411991.0
SBL,2023-04-24,248.0,255.0,247.0,249.0,23096,-1.15,5753037.4
SBL,2023-04-25,250.0,253.5,248.0,253.0,15782,1.61,3948139.5
SBL,2023-04-26,255.0,255.0,249.0,249.0,15567,-1.58,3895411.5
SBL,2023-04-27,248.0,252.9,248.0,250.0,14490,0.4,3631855.7
SBL,2023-04-30,251.0,252.0,246.0,246.1,26875,-1.56,6657663.1
SBL,2023-05-02,247.0,250.0,244.2,245.0,23752,-0.45,5841431.6
SBL,2023-05-03,249.9,249.9,242.1,246.0,25430,0.41,6205502.1
SBL,2023-05-04,250.5,254.0,242.2,250.0,18343,1.63,4533816.9
SBL,2023-05-07,250.0,252.0,246.0,250.2,15310,0.08,3803057.6
SBL,2023-05-08,247.0,250.0,244.3,244.9,18757,-2.12,4611864.9
SBL,2023-05-09,245.0,249.0,242.0,248.1,21098,1.31,5152802.6
SBL,2023-05-10,248.1,252.0,244.9,247.0,20724,-0.44,5103466.4
SBL,2023-05-11,246.5,246.9,243.0,246.0,11435,-0.4,2797511.0
SBL,2023-05-14,248.5,250.0,244.0,246.0,16467,0.0,4039087.3
SBL,2023-05-15,246.0,247.0,241.6,245.0,13345,-0.41,3261728.9
SBL,2023-05-16,248.0,248.0,243.1,244.0,15831,-0.41,3866777.8
SBL,2023-05-17,246.9,247.9,244.0,247.5,18809,1.43,4608970.0
SBL,2023-05-18,245.0,256.4,245.0,250.0,21139,1.01,5289293.5
SBL,2023-05-21,246.0,254.0,246.0,250.0,33405,0.0,8374430.2
SBL,2023-05-22,249.0,253.5,249.0,252.0,23595,0.8,5931717.2
SBL,2023-05-23,254.8,257.0,252.0,254.6,32277,1.03,8214978.7
SBL,2023-05-24,259.0,259.5,250.4,255.9,27972,0.51,7141913.7
SBL,2023-05-28,256.5,261.0,252.0,252.0,43631,-1.52,11197727.5
SBL,2023-05-30,250.0,252.0,243.0,245.0,34123,-2.78,8423419.2
SBL,2023-05-31,245.0,246.0,241.5,242.0,23639,-1.22,5745766.5
SBL,2023-06-01,246.8,246.8,240.1,243.0,35976,0.41,8760379.1
SBL,2023-06-04,240.0,252.7,238.3,249.0,30232,2.47,7468823.4
SBL,2023-06-05,250.0,252.0,244.1,244.2,23381,-1.93,5830502.9
SBL,2023-06-06,242.0,248.0,241.2,247.9,16459,1.52,4040374.0
SBL,2023-06-07,243.0,252.0,243.0,247.0,17738,-0.36,4355951.7
SBL,2023-06-08,248.0,248.0,240.2,243.8,48081,-1.3,11667703.2
SBL,2023-06-11,244.0,248.0,242.6,245.5,55328,0.7,13518406.2
SBL,2023-06-12,248.0,248.0,243.6,245.7,24437,0.08,5981576.9
SBL,2023-06-13,242.5,249.0,240.8,248.0,39718,0.94,9771070.8
SBL,2023-06-14,247.0,255.9,247.0,252.0,68933,1.61,17293278.7
SBL,2023-06-15,251.0,255.0,248.4,252.1,30673,0.04,7753077.0
SBL,2023-06-18,250.0,252.0,246.1,247.0,69836,-2.02,17306063.3
SBL,2023-06-19,247.0,249.9,245.5,247.5,44535,0.2,10989413.4
SBL,2023-06-20,243.7,252.0,243.7,246.1,18395,-0.57,4559649.0
SBL,2023-06-21,251.0,251.0,242.5,243.0,25061,-1.26,6134298.7
SBL,2023-06-22,247.0,247.0,239.5,241.9,31466,-0.45,7632051.2
SBL,2023-06-25,240.0,245.3,239.0,244.9,78413,1.24,18938789.8
SBL,2023-06-26,245.0,251.9,244.9,247.3,43599,0.98,10787748.0
SBL,2023-06-27,245.0,260.0,245.0,259.7,77772,5.01,19904237.8
SBL,2023-06-28,264.7,264.8,247.2,251.0,95842,-3.35,24415065.6
SBL,2023-07-02,255.0,255.0,245.0,246.0,61618,-1.99,15302640.0
SBL,2023-07-03,244.0,246.0,241.1,241.4,38471,-1.87,9372891.3
SBL,2023-07-04,241.0,245.0,240.0,241.5,32292,0.04,7797834.5
SBL,2023-07-05,243.0,247.0,240.2,242.0,71425,0.21,17235268.7
SBL,2023-07-06,242.0,243.0,238.2,241.0,37751,-0.41,9082050.4
SBL,2023-07-09,242.0,242.9,238.0,239.1,79271,-0.79,19000424.7
SBL,2023-07-10,241.0,243.0,238.6,240.0,37348,0.38,8974549.3
SBL,2023-07-11,242.0,242.9,238.0,242.0,24867,0.83,5964002.9
SBL,2023-07-12,244.0,245.0,240.0,245.0,21451,1.24,5194363.5
SBL,2023-07-13,248.0,249.0,243.5,244.1,29048,-0.37,7140716.5
SBL,2023-07-16,247.0,253.9,245.0,253.0,94754,3.65,23780954.4
SBL,2023-07-17,253.1,267.0,253.1,266.0,93155,5.14,24370138.4
SBL,2023-07-18,271.0,272.5,265.0,265.5,78922,-0.19,21205158.0
SBL,2023-07-19,268.0,280.9,265.0,274.0,135612,3.2,37258361.9
SBL,2023-07-20,279.0,279.0,268.6,277.0,83680,1.09,22850174.0
SBL,2023-07-23,280.0,291.7,275.0,290.0,153332,4.69,43555376.0
SBL,2023-07-24,290.0,290.0,272.0,278.0,147752,-4.14,41549163.4
SBL,2023-07-25,282.5,282.5,267.0,269.0,58394,-3.24,15750114.2
SBL,2023-07-26,270.0,275.5,266.7,269.0,39891,0.0,10779068.1
SBL,2023-07-27,270.0,271.0,263.5,263.7,34748,-1.97,9285768.4
SBL,2023-07-30,265.0,266.0,257.0,260.0,70437,-1.4,18330024.3
SBL,2023-07-31,265.0,265.0,250.0,263.5,70409,1.35,18218199.2
SBL,2023-08-01,260.3,266.6,258.1,259.0,23166,-1.71,6061988.2
SBL,2023-08-02,260.0,262.8,256.0,260.4,29090,0.54,7548860.9
SBL,2023-08-03,264.0,268.7,260.2,264.1,30845,1.42,8161651.5
SBL,2023-08-06,264.0,269.3,255.0,258.9,100729,-1.97,26253274.8
SBL,2023-08-07,256.0,260.0,250.1,254.0,59435,-1.89,15143653.7
SBL,2023-08-08,251.0,255.0,245.1,249.7,41754,-1.69,10369834.8
SBL,2023-08-09,245.5,252.9,245.0,252.9,28520,1.28,7071601.1
SBL,2023-08-10,250.3,254.8,250.0,252.0,39080,-0.36,9850262.1
SBL,2023-08-13,255.0,258.9,255.0,255.1,37974,1.23,9740043.0
SBL,2023-08-14,260.0,262.0,257.1,258.0,56221,1.14,14610169.2
SBL,2023-08-15,258.0,264.0,256.0,263.0,61291,1.94,15905048.0
SBL,2023-08-16,260.0,264.0,258.3,264.0,69109,0.38,18015757.3
SBL,2023-08-17,265.0,267.2,260.0,265.0,58770,0.38,15484098.0
SBL,2023-08-20,260.0,270.3,260.0,268.0,46287,1.13,12351921.2
SBL,2023-08-21,265.0,270.0,263.0,267.0,47806,-0.37,12765989.8
SBL,2023-08-22,264.0,268.9,264.0,266.0,22040,-0.37,5855991.7
SBL,2023-08-23,266.0,269.9,265.0,268.9,42597,1.09,11386412.2
SBL,2023-08-24,269.0,269.6,264.4,266.0,48960,-1.08,13091304.1
SBL,2023-08-27,266.0,268.2,261.1,265.0,53952,-0.38,14312131.2
SBL,2023-08-28,265.0,268.5,262.7,266.7,18872,0.64,5029118.0
SBL,2023-08-29,263.0,268.0,263.0,263.0,13058,-1.39,3452287.4
SBL,2023-08-30,262.6,267.0,259.0,264.0,78614,0.38,20533340.1
SBL,2023-09-03,260.1,264.0,260.1,260.5,22182,-1.33,5791626.4
SBL,2023-09-04,261.9,264.9,259.5,261.0,23593,0.19,6177430.7
SBL,2023-09-05,264.7,264.7,260.5,262.5,13971,0.57,3655243.0
SBL,2023-09-07,259.1,260.0,250.0,251.0,124320,-4.38,31412737.5
SBL,2023-09-10,255.0,258.0,254.1,254.9,30535,1.55,7821606.2
SBL,2023-09-11,255.0,261.0,253.1,261.0,24393,2.39,6311711.3
SBL,2023-09-12,264.0,264.0,259.1,263.0,40847,0.77,10665148.1
SBL,2023-09-13,263.0,265.9,261.2,263.7,45907,0.27,12119697.6
SBL,2023-09-17,263.0,263.2,254.0,256.9,33669,-2.58,8722567.7
SBL,2023-09-18,254.0,258.0,253.2,253.5,27733,-1.32,7070469.8
SBL,2023-09-19,253.5,258.5,253.3,258.5,14944,1.97,3823824.5
SBL,2023-09-21,263.6,266.0,258.6,259.0,50474,0.19,13169707.7
SBL,2023-09-24,260.0,261.0,257.0,257.0,15953,-0.77,4123456.1
SBL,2023-09-25,260.0,260.0,257.0,257.1,11920,0.04,3076339.0
SBL,2023-09-26,256.1,262.0,256.0,261.0,68279,1.52,17608868.9
SBL,2023-09-27,265.0,265.0,256.5,262.0,30057,0.38,7844594.7
SBL,2023-10-01,258.0,262.5,257.3,260.0,43216,-0.76,11225637.1
SBL,2023-10-02,255.2,262.0,255.0,260.5,34534,0.19,8981446.1
SBL,2023-10-03,261.0,261.9,259.1,260.0,66091,-0.19,17185690.0
SBL,2023-10-04,262.0,263.0,259.0,260.7,58270,0.27,15174429.4
SBL,2023-10-05,261.0,262.9,260.2,261.0,60275,0.12,15751582.5
SBL,2023-10-08,265.0,265.0,256.6,256.8,34484,-1.61,8888477.3
SBL,2023-10-09,253.0,256.9,252.5,252.5,23227,-1.67,5887997.3
SBL,2023-10-10,252.0,252.0,248.4,249.4,32902,-1.23,8219515.0
SBL,2023-10-11,250.0,252.9,249.0,250.6,16543,0.48,4152746.8
SBL,2023-10-12,245.6,247.0,240.3,242.5,161280,-3.23,39095068.9
SBL,2023-10-16,238.0,243.0,238.0,240.8,31146,-0.7,7471561.7
SBL,2023-10-17,244.9,245.3,241.0,243.1,43852,0.96,10707007.2
SBL,2023-10-18,246.0,250.0,241.2,247.2,49809,1.69,12258148.1
SBL,2023-10-19,252.1,252.1,242.0,248.0,21880,0.32,5430653.9
SBL,2023-10-29,247.0,250.0,243.0,247.0,32690,-0.4,8068427.6
SBL,2023-10-30,243.1,247.0,242.3,245.9,24849,-0.45,6085340.4
SBL,2023-10-31,245.9,245.9,242.0,242.5,13250,-1.38,3217170.8
SBL,2023-11-01,244.9,248.0,240.0,243.0,34132,0.21,8260920.0
SBL,2023-11-02,243.0,246.5,240.0,243.9,26457,0.37,6380774.8
SBL,2023-11-05,240.0,240.0,232.0,234.0,78173,-4.06,18364428.0
SBL,2023-11-06,238.0,239.8,231.0,237.5,30551,1.5,7212954.7
SBL,2023-11-07,237.0,237.0,228.8,235.0,30187,-1.05,7012723.2
SBL,2023-11-08,235.0,235.0,230.0,232.3,8371,-1.15,1939793.8
SBL,2023-11-09,230.0,235.0,228.0,232.0,9382,-0.13,2155503.9
SBL,2023-11-20,230.4,237.5,226.0,230.0,19051,-0.86,4370158.5
SBL,2023-11-21,228.1,230.0,226.0,228.0,6932,-0.87,1573327.0
SBL,2023-11-22,228.9,228.9,223.5,227.0,9271,-0.44,2089832.3
SBL,2023-11-23,223.0,227.4,223.0,227.0,20260,0.0,4556231.3
SBL,2023-11-26,224.1,233.3,224.0,231.2,26526,1.85,6102823.1
SBL,2023-11-27,232.0,234.0,230.0,230.2,11776,-0.43,2716192.9
SBL,2023-11-28,228.1,234.8,228.1,230.3,30633,0.04,7050044.3
SBL,2023-11-29,228.0,232.4,228.0,230.0,15852,-0.13,3639222.9
SBL,2023-11-30,226.6,230.0,225.4,230.0,9692,0.0,2206004.6
SBL,2023-12-03,227.0,232.5,227.0,231.8,17582,0.78,4043301.6
SBL,2023-12-04,231.1,234.0,228.1,231.0,23358,-0.35,5392227.9
SBL,2023-12-05,232.5,232.5,226.6,228.0,9925,-1.3,2266182.3
SBL,2023-12-06,224.1,229.1,224.1,228.9,10290,0.39,2344053.3
SBL,2023-12-07,225.0,229.6,225.0,227.2,8262,-0.74,1885673.5
SBL,2023-12-10,227.0,245.0,227.0,245.0,4181,7.83,1003389.0
SBL,2023-12-11,240.1,248.0,237.2,242.9,49490,-0.86,11989877.3
SBL,2023-12-12,238.1,247.0,234.0,240.7,29170,-0.91,7100942.2
SBL,2023-12-13,235.9,245.0,235.9,241.0,29714,0.12,7229011.0
SBL,2023-12-14,245.0,249.0,243.2,246.0,24854,2.07,6097159.5
SBL,2023-12-17,243.0,248.0,239.0,247.0,50829,0.41,12419640.2
SBL,2023-12-18,250.0,262.0,245.7,257.5,93509,4.25,23865847.3
SBL,2023-12-19,260.0,283.0,257.4,270.0,116866,4.85,30860803.2
SBL,2023-12-20,265.0,280.5,265.0,268.0,61636,-0.74,16664657.0
SBL,2023-12-21,263.0,270.0,257.0,257.0,64991,-4.1,17098451.6
SBL,2023-12-24,253.0,259.8,253.0,257.3,56225,0.12,14522728.9
SBL,2023-12-27,253.0,258.9,252.5,255.0,41146,-0.89,10474930.3
SBL,2023-12-28,252.6,257.0,250.0,250.0,46429,-1.96,11803405.9
SBL,2024-01-01,252.0,255.0,251.0,252.0,50148,0.8,12719638.3
SBL,2024-01-02,254.0,256.0,250.2,250.2,56527,-0.71,14294589.4
SBL,2024-01-03,250.2,255.0,249.9,254.0,39567,1.52,9954013.7
SBL,2024-01-04,258.0,258.0,252.0,253.0,37719,-0.39,9567507.0
SBL,2024-01-07,258.0,258.0,243.2,244.5,97843,-3.36,24025299.4
SBL,2024-01-08,242.1,246.0,241.2,245.0,70283,0.2,17159601.5
SBL,2024-01-09,246.0,249.0,245.1,248.0,24958,1.22,6167991.7
SBL,2024-01-10,248.0,256.2,245.1,245.1,60402,-1.17,15149866.0
SBL,2024-01-11,249.0,256.0,249.0,250.1,40324,2.04,10176810.2
SBL,2024-01-14,254.0,254.0,245.2,250.0,41542,-0.04,10371567.2
SBL,2024-01-16,250.0,256.0,250.0,255.5,75269,2.2,19075186.9
SBL,2024-01-17,260.0,260.2,250.1,252.9,149333,-1.02,38411893.2
SBL,2024-01-18,249.1,257.0,246.0,246.0,43518,-2.73,10836261.3
SBL,2024-01-21,249.0,249.0,240.0,240.0,42988,-2.44,10457224.6
SBL,2024-01-22,244.0,247.0,239.0,242.0,68039,0.83,16389149.0
SBL,2024-01-23,244.0,244.4,239.5,239.5,30744,-1.03,7402960.7
SBL,2024-01-24,240.0,241.9,237.0,238.8,40782,-0.29,9738020.3
SBL,2024-01-25,238.1,240.0,234.1,235.1,40477,-1.55,9555463.2
SBL,2024-01-28,237.0,239.0,233.0,234.9,54648,-0.09,12811827.3
SBL,2024-01-29,239.5,244.0,234.2,234.3,28579,-0.26,6725960.3
SBL,2024-01-30,234.3,240.0,234.0,234.9,20854,0.26,4944272.0
SBL,2024-01-31,235.0,240.5,235.0,239.0,59498,1.75,14204266.5
SBL,2024-02-01,239.0,240.0,233.0,233.2,16993,-2.43,3974030.4
SBL,2024-02-04,233.0,236.5,231.0,233.0,19866,-0.09,4626911.9
SBL,2024-02-05,234.0,235.2,232.0,232.3,15093,-0.3,3518583.7
SBL,2024-02-06,236.9,236.9,232.3,233.0,15060,0.3,3514359.6
SBL,2024-02-07,237.6,242.0,232.6,233.0,20492,0.0,4779318.7
SBL,2024-02-08,233.0,234.9,233.0,234.2,19336,0.52,4521448.3
SBL,2024-02-11,237.0,238.0,232.5,232.9,21645,-0.56,5076493.4
SBL,2024-02-12,231.4,235.9,231.4,232.5,18126,-0.17,4216558.5
SBL,2024-02-13,235.0,235.0,228.5,228.5,34419,-1.72,7929280.3
SBL,2024-02-14,229.0,231.0,227.0,228.0,33497,-0.22,7647508.6
SBL,2024-02-15,230.0,231.0,226.0,226.0,32083,-0.88,7307353.0
SBL,2024-02-18,230.0,231.7,226.2,227.3,32072,0.58,7324034.0
SBL,2024-02-20,226.0,228.0,226.0,228.0,12497,0.31,2839582.5
SBL,2024-02-21,230.0,230.0,224.5,226.0,29943,-0.88,6759435.4
SBL,2024-02-22,221.6,228.0,221.6,226.0,28291,0.0,6395248.5
SBL,2024-02-25,229.0,229.0,219.9,223.0,31854,-1.33,7070678.7
SBL,2024-02-26,220.2,225.0,216.0,219.9,57953,-1.39,12697823.6
SBL,2024-02-27,223.0,224.0,218.0,222.0,24960,0.95,5514668.8
SBL,2024-02-28,220.0,220.0,217.0,219.0,23828,-1.35,5204256.5
SBL,2024-02-29,217.1,219.0,215.0,216.7,71868,-1.05,15519941.4
SBL,2024-03-03,214.1,216.4,212.2,215.0,41174,-0.78,8798174.2
SBL,2024-03-04,219.3,228.0,219.3,228.0,69,6.05,15381.7
SBL,2024-03-05,232.5,232.5,219.2,219.2,41185,-3.86,9181592.0
SBL,2024-03-06,217.1,224.0,217.0,220.0,27290,0.36,6001727.3
SBL,2024-03-07,220.1,233.0,220.1,223.0,21453,1.36,4770928.2
SBL,2024-03-10,227.0,230.9,223.0,225.0,12942,0.9,2933201.1
SBL,2024-03-12,227.0,233.5,225.0,233.0,26861,3.56,6192241.4
SBL,2024-03-13,237.5,237.5,230.1,233.0,76518,0.0,17836141.3
SBL,2024-03-14,233.0,233.0,228.0,230.0,21776,-1.29,5020875.7
SBL,2024-03-17,234.6,234.6,227.2,230.0,14381,0.0,3300696.9
SBL,2024-03-18,229.0,229.0,226.0,226.8,14851,-1.39,3370015.6
SBL,2024-03-19,230.9,230.9,225.0,225.9,31416,-0.4,7095041.3
SBL,2024-03-20,229.8,234.0,222.7,227.4,23792,0.66,5358075.9
SBL,2024-03-21,231.8,231.8,221.5,225.0,26960,-1.06,6047766.9
SBL,2024-03-25,222.0,225.0,219.0,221.0,24767,-1.78,5474687.2
SBL,2024-03-26,225.0,225.0,219.0,223.0,17735,0.9,3917464.9
SBL,2024-03-27,220.0,223.0,219.0,222.0,25058,-0.45,5513540.2
SBL,2024-03-28,225.8,225.8,219.0,220.0,14696,-0.9,3231961.4
SBL,2024-03-31,220.0,223.0,219.0,220.0,19027,0.0,4188644.2
SBL,2024-04-01,218.0,221.0,217.6,220.0,37531,0.0,8245286.7
SBL,2024-04-02,220.0,221.9,217.6,218.0,18300,-0.91,4003564.9
SBL,2024-04-03,216.3,220.0,216.2,219.0,22266,0.46,4843986.3
SBL,2024-04-04,219.0,219.9,216.0,217.0,22228,-0.91,4821675.3
SBL,2024-04-07,217.5,230.0,216.1,223.0,15360,2.76,3365556.2
SBL,2024-04-09,227.4,227.4,221.5,224.7,26531,0.76,5927431.6
SBL,2024-04-10,229.0,229.1,219.0,224.0,18476,-0.31,4097581.3
SBL,2024-04-14,227.0,227.0,221.0,226.0,33858,0.89,7569860.4
SBL,2024-04-15,221.7,229.8,221.1,224.0,94566,-0.88,21227198.9
SBL,2024-04-16,224.0,224.8,221.0,223.0,101346,-0.45,22719276.9
SBL,2024-04-18,220.0,224.8,219.0,222.7,17431,-0.13,3836935.9
SBL,2024-04-21,227.0,227.0,218.9,222.0,11266,-0.31,2479608.5
SBL,2024-04-22,220.0,222.0,216.4,217.9,35778,-1.85,7836618.2
SBL,2024-04-24,216.0,220.0,216.0,218.4,10194,0.23,2214867.3
SBL,2024-04-25,218.4,222.4,215.5,216.8,28327,-0.73,6138150.9
SBL,2024-04-28,221.1,221.1,215.0,217.0,103359,0.09,22326926.5
SBL,2024-04-29,221.1,221.1,215.5,218.6,22753,0.74,4939181.3
SBL,2024-04-30,222.9,225.0,217.0,224.0,32194,2.47,7128331.6
SBL,2024-05-02,228.4,229.5,220.7,222.5,26807,-0.67,5954661.4
SBL,2024-05-05,220.5,222.0,216.0,219.0,26122,-1.57,5703420.0
SBL,2024-05-06,218.5,221.9,214.0,217.8,14531,-0.55,3154165.8
SBL,2024-05-07,220.0,222.1,214.5,219.9,17752,0.96,3849478.9
SBL,2024-05-08,224.0,224.0,215.6,216.9,23250,-1.36,5084104.9
SBL,2024-05-09,217.0,221.3,215.6,220.0,39899,1.43,8708433.4
SBL,2024-05-12,224.4,225.0,219.5,223.0,50226,1.36,11142912.9
SBL,2024-05-13,224.0,233.0,222.0,228.8,75603,2.6,17247713.3
SBL,2024-05-14,231.4,231.4,225.0,229.2,44431,0.17,10101763.1
SBL,2024-05-15,233.0,233.0,224.7,228.8,44941,-0.17,10221702.6
SBL,2024-05-16,233.3,233.3,225.4,227.5,58482,-0.57,13370421.6
SBL,2024-05-19,232.0,241.0,224.3,234.0,86405,2.86,20061606.4
SBL,2024-05-20,238.6,250.5,237.0,240.5,140503,2.78,34407364.9
SBL,2024-05-21,245.0,252.0,240.0,250.7,95137,4.24,23667668.5
SBL,2024-05-22,245.7,272.0,245.7,266.0,290186,6.1,76308266.4
SBL,2024-05-26,269.0,271.2,257.3,269.0,139233,1.13,37113715.2
SBL,2024-05-27,272.0,274.0,260.4,265.9,104586,-1.15,27655222.0
SBL,2024-05-29,271.2,276.0,252.4,255.0,81781,-4.1,21120145.6
SBL,2024-05-30,251.0,256.8,248.2,251.9,39218,-1.22,9896307.1
SBL,2024-06-02,255.9,255.9,246.0,254.0,40737,0.83,10195769.6
SBL,2024-06-03,258.9,258.9,246.0,247.5,21934,-2.56,5451985.8
SBL,2024-06-04,250.0,252.4,248.0,249.5,27944,0.81,6959446.0
SBL,2024-06-05,254.4,254.4,247.3,249.0,30602,-0.2,7615648.3
SBL,2024-06-06,253.4,253.4,246.0,249.0,36703,0.0,9102997.7
SBL,2024-06-09,253.9,253.9,247.0,249.0,28100,0.0,6974437.6
SBL,2024-06-10,253.9,253.9,246.0,249.9,59254,0.36,14731512.5
SBL,2024-06-11,254.8,259.8,245.0,252.0,83287,0.84,20643017.9
SBL,2024-06-12,257.0,258.9,252.0,254.0,28340,0.79,7193112.3
SBL,2024-06-13,258.0,258.0,249.3,251.9,28162,-0.83,7077980.7
SBL,2024-06-16,253.0,255.0,247.1,248.2,35205,-1.47,8788032.7
SBL,2024-06-18,253.1,253.1,245.0,248.0,23534,-0.08,5812307.1
SBL,2024-06-19,244.0,252.0,244.0,252.0,29506,1.61,7334813.2
SBL,2024-06-20,257.0,257.0,243.6,245.0,87352,-2.78,21436820.3
SBL,2024-06-23,247.0,247.0,242.6,245.9,37504,0.37,9131524.2
SBL,2024-06-24,248.0,250.0,242.0,246.0,51992,0.04,12635232.1
SBL,2024-06-25,248.0,248.0,241.2,242.1,21927,-1.59,5323874.4
SBL,2024-06-26,246.9,246.9,239.6,242.0,33346,-0.04,8026423.9
SBL,2024-06-27,246.5,246.5,238.0,241.0,14796,-0.41,3553100.8
SBL,2024-06-30,245.8,245.8,238.2,238.6,22910,-1.0,5479930.7
SBL,2024-07-01,237.1,242.5,237.0,242.5,22042,1.63,5291837.7
SBL,2024-07-02,247.3,266.7,245.0,250.8,33013,3.42,8258747.9
SBL,2024-07-03,245.8,254.0,245.8,253.0,45374,0.88,11400617.9
SBL,2024-07-04,254.2,266.8,254.0,259.9,42817,2.73,11070522.5
SBL,2024-07-07,261.0,266.0,257.6,265.7,102351,2.23,26773488.3
SBL,2024-07-08,268.0,268.0,261.0,264.9,72422,-0.3,19112904.3
SBL,2024-07-09,265.0,268.1,260.7,266.5,52207,0.6,13789140.3
SBL,2024-07-10,271.8,273.0,261.9,271.9,101857,2.03,27519132.0
SBL,2024-07-11,277.3,277.3,270.0,276.0,125457,1.51,34265502.3
SBL,2024-07-14,281.0,290.0,281.0,283.5,88787,2.72,25172451.0
SBL,2024-07-15,288.0,290.0,279.1,283.0,119945,-0.18,33787306.7
SBL,2024-07-16,284.0,288.0,274.5,288.0,62717,1.77,17729077.3
SBL,2024-07-17,293.0,293.0,285.0,290.9,101992,1.01,29457246.8
SBL,2024-07-18,293.0,315.0,285.5,306.0,243614,5.19,74041890.5
SBL,2024-07-21,306.0,318.2,294.1,316.9,240175,3.56,74508533.7
SBL,2024-07-22,322.0,322.0,304.0,309.4,163946,-2.37,50841576.9
SBL,2024-07-23,309.4,317.1,304.1,315.5,133698,1.97,41771010.7
SBL,2024-07-24,321.8,335.0,315.0,326.9,254397,3.61,82739106.3
SBL,2024-07-25,333.4,333.4,319.5,326.9,170449,0.0,55400066.8
SBL,2024-07-28,333.4,359.5,333.4,359.5,421723,9.97,150183569.4
SBL,2024-07-29,366.6,373.0,343.0,344.0,287269,-4.31,102254160.0
SBL,2024-07-30,337.2,355.0,334.0,343.5,210421,-0.15,71592824.9
SBL,2024-07-31,348.0,355.0,343.1,347.4,129264,1.14,45057339.8
SBL,2024-08-01,347.4,349.0,338.0,341.0,116607,-1.84,40003634.2
SBL,2024-08-05,335.0,339.0,326.6,329.0,218622,-3.52,72309589.0
SBL,2024-08-06,334.9,334.9,299.0,309.6,203764,-5.9,64285788.9
SBL,2024-08-07,303.5,320.0,303.5,317.0,116837,2.39,36805557.3
SBL,2024-08-08,320.0,325.0,312.1,314.4,108004,-0.82,34276469.2
SBL,2024-08-11,320.0,331.0,315.0,331.0,178430,5.28,57872482.4
SBL,2024-08-12,337.6,344.8,337.0,343.9,194656,3.9,66425741.1
SBL,2024-08-13,346.0,350.0,335.0,344.0,133198,0.03,45506262.7
SBL,2024-08-14,340.0,344.9,337.0,344.0,121929,0.0,41468127.1
SBL,2024-08-15,350.8,378.2,345.0,362.2,412201,5.29,149770634.4
SBL,2024-08-18,369.0,377.0,357.7,359.9,233409,-0.64,85743759.3
SBL,2024-08-21,361.0,369.0,351.0,366.9,201410,1.94,72447970.3
SBL,2024-08-22,365.0,378.0,365.0,374.0,249558,1.94,92847446.2
SBL,2024-08-25,375.0,380.0,362.6,368.0,189937,-1.6,69579143.7
SBL,2024-08-27,368.0,370.0,347.8,350.0,179277,-4.89,63541620.8
SBL,2024-08-28,357.0,364.0,347.0,354.8,142076,1.37,50197081.4
SBL,2024-08-29,359.0,366.0,344.0,347.9,134606,-1.94,46967894.4
SBL,2024-09-01,353.0,354.0,337.5,338.2,105197,-2.79,36114779.8
SBL,2024-09-02,344.0,351.0,336.1,350.1,109624,3.52,37753145.4
SBL,2024-09-03,357.0,357.0,345.0,349.9,94923,-0.06,33158446.1
SBL,2024-09-04,356.8,356.8,338.3,340.0,91444,-2.83,31396385.2
SBL,2024-09-05,339.0,339.0,331.2,336.0,86731,-1.18,29013141.1
SBL,2024-09-08,342.0,342.0,328.5,329.9,89318,-1.82,29808771.1
SBL,2024-09-09,325.0,329.0,320.2,321.0,96457,-2.7,31378238.1
SBL,2024-09-10,327.0,332.0,315.0,320.0,94326,-0.31,30278515.1
SBL,2024-09-11,325.0,325.0,314.6,318.0,125655,-0.63,39988903.9
SBL,2024-09-12,324.3,334.0,313.5,332.8,73039,4.65,23599561.8
SBL,2024-09-15,332.0,340.0,326.3,326.3,76488,-1.95,25385865.9
SBL,2024-09-16,319.8,328.0,319.8,321.0,44850,-1.62,14469720.4
SBL,2024-09-18,324.0,330.0,321.0,327.5,51719,2.02,16828223.2
SBL,2024-09-22,334.0,334.0,327.5,330.0,52536,0.76,17276173.8
SBL,2024-09-23,336.6,336.6,323.5,328.0,48085,-0.61,15665824.9
SBL,2024-09-24,327.9,330.0,322.0,324.4,69286,-1.1,22540386.2
SBL,2024-09-25,324.0,330.0,320.2,330.0,54680,1.73,17802822.3
SBL,2024-09-26,329.9,331.5,325.0,326.0,29285,-1.21,9568241.2
SBL,2024-09-29,321.2,325.0,319.0,325.0,40943,-0.31,13195134.5
SBL,2024-09-30,320.1,327.9,320.1,327.7,39358,0.83,12793466.3
SBL,2024-10-01,327.7,339.0,326.0,338.4,82030,3.27,27377449.6
SBL,2024-10-02,338.0,341.0,334.2,335.0,71249,-1.0,23987180.4
SBL,2024-10-06,330.1,343.7,330.1,339.1,110999,1.22,37707600.0
SBL,2024-10-07,340.0,346.8,340.0,345.9,131789,2.01,45293611.0
SBL,2024-10-08,345.9,348.0,343.0,344.0,56197,-0.55,19366717.9
SBL,2024-10-09,341.0,347.0,332.0,346.9,49134,0.84,16913211.4
SBL,2024-10-15,350.9,357.9,350.0,355.7,114070,2.54,40350945.0
SBL,2024-10-16,357.0,366.1,353.7,366.0,115308,2.9,41728948.5
SBL,2024-10-17,365.0,370.0,360.0,363.0,115119,-0.82,42162685.3
SBL,2024-10-20,358.0,369.0,351.0,358.1,148197,-1.35,53629137.6
SBL,2024-10-21,363.0,363.0,352.7,353.9,59425,-1.17,21083656.6
SBL,2024-10-22,353.0,355.0,346.2,353.1,58374,-0.23,20510481.6
SBL,2024-10-23,360.0,368.0,345.0,346.0,113712,-2.01,40162226.4
SBL,2024-10-24,352.0,353.0,340.0,340.0,31437,-1.73,10794742.7
SBL,2024-10-27,345.0,345.0,333.3,335.0,23120,-1.47,7771784.7
SBL,2024-10-28,338.0,338.0,331.6,333.0,36871,-0.6,12275311.4
SBL,2024-10-29,336.0,340.0,335.1,338.9,34871,1.77,11769779.2
SBL,2024-10-30,339.0,345.6,337.0,338.0,39405,-0.27,13339806.9
SBL,2024-11-05,336.0,341.0,334.2,336.0,49550,-0.59,16682792.8
SBL,2024-11-06,340.0,340.0,334.0,336.0,23628,0.0,7913719.9
SBL,2024-11-10,331.0,340.8,331.0,339.0,30827,0.89,10445175.5
SBL,2024-11-11,340.0,346.0,337.1,340.0,71661,0.29,24505127.7
SBL,2024-11-12,346.8,346.8,335.2,335.3,39271,-1.38,13290433.5
SBL,2024-11-13,335.0,339.1,332.5,335.0,24285,-0.09,8143467.6
SBL,2024-11-14,341.7,362.5,326.0,336.0,45202,0.3,15115056.4
SBL,2024-11-17,340.0,342.7,333.5,335.0,61334,-0.3,20594883.4
SBL,2024-11-19,333.0,335.0,327.0,327.0,62168,-2.39,20565119.2
SBL,2024-11-20,329.0,329.8,323.2,323.9,35467,-0.95,11538867.2
SBL,2024-11-21,325.0,326.0,322.7,323.5,83732,-0.12,27101915.7
SBL,2024-11-24,325.0,326.0,321.5,324.0,48455,0.15,15683694.8
SBL,2024-11-25,330.4,330.4,322.3,326.0,30817,0.62,10027420.1
SBL,2024-11-26,332.5,332.5,322.0,328.5,85555,0.77,27771780.2
SBL,2024-11-27,334.0,334.0,326.0,329.0,66791,0.15,21907448.3
SBL,2024-11-28,335.0,335.0,326.1,329.5,35698,0.15,11749541.4
SBL,2024-12-01,336.0,336.0,324.5,326.3,36999,-0.97,12082304.6
SBL,2024-12-02,322.8,329.0,322.0,326.0,78326,-0.09,25359977.9
SBL,2024-12-03,332.5,332.5,320.3,324.8,21927,-0.37,7055626.7
SBL,2024-12-04,331.2,331.2,320.6,324.0,24433,-0.25,7924584.0
SBL,2024-12-05,323.9,323.9,317.0,320.0,46163,-1.23,14732599.4
SBL,2024-12-08,315.0,320.0,305.1,308.9,82416,-3.47,25586427.4
SBL,2024-12-09,306.0,311.9,304.5,307.9,29981,-0.32,9180459.3
SBL,2024-12-10,309.0,309.8,301.0,307.0,75207,-0.29,22861320.0
SBL,2024-12-11,313.1,314.0,305.1,313.8,39339,2.21,12184432.2
SBL,2024-12-12,320.0,320.0,310.0,310.1,34515,-1.18,10759953.0
SBL,2024-12-16,305.0,309.8,304.2,309.0,43002,-0.35,13169580.9
SBL,2024-12-17,305.2,310.9,305.2,308.5,19018,-0.16,5838152.2
SBL,2024-12-18,311.0,314.0,304.0,313.9,30048,1.75,9229357.2
SBL,2024-12-19,307.7,310.0,300.0,309.0,44686,-1.56,13664465.1
SBL,2024-12-22,309.0,309.0,300.0,306.0,33147,-0.97,10069134.5
SBL,2024-12-23,311.8,311.8,298.0,304.0,67555,-0.65,20283067.8
SBL,2024-12-24,309.3,310.0,301.0,308.0,30557,1.32,9341866.1
SBL,2024-12-26,310.0,315.0,302.1,311.4,57848,1.1,17922945.3
SBL,2024-12-29,310.0,311.5,303.0,306.0,22355,-1.73,6849175.7
SBL,2024-12-31,306.0,306.0,296.1,299.8,28020,-2.03,8373036.8
SBL,2025-01-01,298.6,301.0,296.0,298.0,25362,-0.6,7561624.1
SBL,2025-01-02,300.0,300.0,295.5,297.0,18216,-0.34,5420125.1
SBL,2025-01-05,295.3,297.0,294.6,297.0,25876,0.0,7647860.5
SBL,2025-01-06,293.2,302.0,293.2,300.0,37603,1.01,11222222.5
SBL,2025-01-07,304.0,304.0,296.0,300.0,19715,0.0,5887238.4
SBL,2025-01-08,306.0,306.0,299.0,300.0,13697,0.0,4109282.1
SBL,2025-01-09,302.9,302.9,295.3,299.0,44195,-0.33,13079168.0
SBL,2025-01-12,300.0,303.0,294.6,295.0,16009,-1.34,4736312.6
SBL,2025-01-13,295.0,299.0,294.1,295.5,49316,0.17,14548749.6
SBL,2025-01-15,296.0,297.9,290.1,293.0,33759,-0.85,9850639.2
SBL,2025-01-16,291.1,295.0,287.5,290.0,55630,-1.02,16145061.6
SBL,2025-01-19,287.0,290.2,285.0,290.2,20388,0.07,5862838.9
SBL,2025-01-20,290.2,290.2,280.0,281.0,48103,-3.17,13593760.9
SBL,2025-01-21,281.0,283.0,276.6,277.9,30934,-1.1,8615355.0
SBL,2025-01-22,277.0,296.8,275.0,284.9,80035,2.52,22297911.0
SBL,2025-01-23,285.0,290.0,278.0,282.0,66965,-1.02,18827581.3
SBL,2025-01-26,277.0,284.0,275.1,277.0,45539,-1.77,12577934.7
SBL,2025-01-27,277.0,279.0,272.2,274.0,48660,-1.08,13291898.6
SBL,2025-01-28,274.0,286.0,272.0,286.0,87577,4.38,24228236.7
SBL,2025-02-02,286.0,289.0,274.7,286.0,97466,0.0,27694390.3
SBL,2025-02-03,288.0,291.0,282.0,285.0,89950,-0.35,25821626.6
SBL,2025-02-04,289.9,292.0,281.0,283.0,68979,-0.7,19767084.1
SBL,2025-02-05,287.6,287.6,280.0,283.7,59555,0.25,16806535.1
SBL,2025-02-06,287.9,287.9,279.1,280.0,61646,-1.3,17383968.6
SBL,2025-02-09,275.0,290.7,275.0,278.2,54785,-0.64,15363356.0
SBL,2025-02-10,275.0,283.7,275.0,279.5,37347,0.47,10396664.8
SBL,2025-02-11,274.0,284.0,274.0,278.9,26966,-0.21,7536949.3
SBL,2025-02-12,274.0,285.0,274.0,278.2,35966,-0.25,10054399.4
SBL,2025-02-13,275.0,280.0,275.0,277.0,12559,-0.43,3474767.6
SBL,2025-02-16,275.7,283.4,275.7,280.8,53468,1.37,14958578.3
SBL,2025-02-17,277.0,289.6,277.0,288.4,48450,2.71,13779498.6
SBL,2025-02-18,294.1,294.1,284.1,289.0,75891,0.21,21979605.1
SBL,2025-02-20,284.0,290.0,283.3,286.4,20109,-0.9,5747181.2
SBL,2025-02-23,281.0,298.0,281.0,288.0,65898,0.56,18915297.8
SBL,2025-02-24,282.3,295.0,282.3,288.0,81645,0.0,23693687.8
SBL,2025-02-25,282.3,293.6,281.0,290.0,37722,0.69,10892689.9
SBL,2025-02-27,295.0,304.0,293.5,300.9,177270,3.76,52743918.8
SBL,2025-03-02,294.9,310.0,294.9,309.0,103551,2.69,31670357.0
SBL,2025-03-03,313.0,313.0,300.0,304.0,92050,-1.62,28093207.6
SBL,2025-03-04,298.0,314.0,298.0,305.0,129395,0.33,39274058.3
SBL,2025-03-05,311.0,311.0,296.0,298.0,56250,-2.3,16913474.8
SBL,2025-03-06,303.5,303.5,295.7,296.9,26390,-0.37,7844849.6
SBL,2025-03-09,296.9,297.0,290.0,292.0,56873,-1.65,16577849.9
SBL,2025-03-10,294.8,295.0,286.0,289.5,22408,-0.86,6495862.3
SBL,2025-03-11,285.5,292.0,285.5,289.7,31813,0.07,9170258.7
SBL,2025-03-12,290.0,294.0,288.0,291.9,10392,0.76,3024661.2
SBL,2025-03-16,286.1,295.8,285.0,290.0,31716,-0.65,9096397.6
SBL,2025-03-17,294.8,294.8,284.3,289.0,13819,-0.34,3985133.4
SBL,2025-03-18,294.7,294.7,286.1,288.0,12984,-0.35,3731445.2
SBL,2025-03-19,287.1,290.9,286.2,287.0,24740,-0.35,7131471.3
SBL,2025-03-20,285.1,288.0,283.0,283.31,17768,-1.29,5049486.8
SBL,2025-03-23,282.0,283.5,278.0,278.38,35525,-1.74,9910829.11
SBL,2025-03-24,276.0,281.5,276.0,280.7,18873,0.83,5272078.1
SBL,2025-03-25,279.0,279.0,275.0,276.09,26764,-1.64,7374090.3
SBL,2025-03-26,281.0,281.0,271.5,278.05,33681,0.71,9255252.2
SBL,2025-03-27,283.6,293.0,280.0,289.62,45354,4.16,12967229.8
SBL,2025-03-30,294.9,295.6,288.0,292.72,59608,1.07,17466290.6
SBL,2025-04-01,286.9,292.5,286.9,290.98,24697,-0.59,7162038.1
SBL,2025-04-02,296.7,296.7,285.2,289.76,33172,-0.42,9549270.8
SBL,2025-04-03,294.0,299.0,285.0,290.36,39267,0.21,11509944.7
SBL,2025-04-07,295.0,300.0,285.0,288.29,11041,-0.71,3173047.0
SBL,2025-04-08,283.0,293.5,282.0,284.42,14208,-1.34,4033771.9
SBL,2025-04-09,290.0,290.0,282.7,283.86,10388,-0.2,2958763.8
SBL,2025-04-10,289.5,294.0,282.3,284.39,7474,0.19,2118664.1
SBL,2025-04-13,289.9,289.9,280.2,283.37,9054,-0.36,2559236.0
SBL,2025-04-15,289.0,289.0,282.5,284.95,17057,0.56,4860855.1
SBL,2025-04-16,290.0,290.0,284.6,288.77,15599,1.34,4464954.5
SBL,2025-04-17,290.0,295.0,286.2,291.4,35560,0.91,10362525.3
SBL,2025-04-20,285.6,301.0,283.1,286.08,34008,-1.83,9781406.6
SBL,2025-04-21,286.0,291.0,279.4,280.22,33749,-2.05,9498343.1
SBL,2025-04-22,284.0,284.0,277.0,277.49,45426,-0.97,12672177.6
SBL,2025-04-23,275.0,276.5,272.3,272.79,78824,-1.69,21618221.3
SBL,2025-04-24,273.0,279.9,271.0,272.84,24886,0.02,6798083.4
SBL,2025-04-27,277.9,277.9,270.0,270.23,69775,-0.96,18903246.2
SBL,2025-04-28,270.0,275.0,270.0,270.03,33158,-0.07,8969705.6
SBL,2025-04-29,275.3,275.3,264.6,265.59,41478,-1.64,11070184.3
SBL,2025-04-30,270.8,270.9,261.0,267.08,45402,0.56,12022430.2
SBL,2025-05-04,272.0,272.0,266.4,267.95,71483,0.33,19204416.2
SBL,2025-05-05,266.0,271.0,264.0,265.59,44496,-0.88,11848139.0
SBL,2025-05-06,264.0,268.9,262.5,262.93,46151,-1.0,12170553.3
SBL,2025-05-07,262.5,275.0,261.0,271.0,64545,3.07,17239684.0
SBL,2025-05-08,268.0,275.5,266.1,269.55,47752,-0.54,12870661.0
SBL,2025-05-11,264.2,273.9,264.2,271.24,47947,0.63,13001891.5
SBL,2025-05-13,268.2,276.9,268.2,274.11,35715,1.06,9770718.5
SBL,2025-05-14,274.1,276.5,271.0,274.06,48604,-0.02,13304656.7
SBL,2025-05-15,276.0,276.0,271.0,272.05,34117,-0.73,9303944.3
SBL,2025-05-18,270.0,276.5,270.0,273.58,48070,0.56,13081948.2
SBL,2025-05-19,278.9,279.0,273.0,277.07,82173,1.28,22523340.3
SBL,2025-05-20,275.1,287.5,275.1,286.06,35429,3.24,9962259.5
SBL,2025-05-21,290.5,303.0,286.8,287.26,88074,0.42,25748382.9
SBL,2025-05-22,288.0,305.0,288.0,298.47,160944,3.9,47697462.0
SBL,2025-05-25,300.0,303.0,292.7,297.98,110871,-0.16,33104803.6
SBL,2025-05-26,303.9,309.0,298.9,299.98,79993,0.67,24003390.4
SBL,2025-05-27,295.0,304.0,295.0,302.83,166265,0.95,49685282.1
SBL,2025-05-28,302.8,307.7,297.0,304.72,81458,0.62,24559559.5
SBL,2025-06-02,308.0,311.0,305.1,306.14,113892,0.47,35012493.6
SBL,2025-06-03,303.0,306.0,299.0,300.13,90287,-1.96,27283771.0
SBL,2025-06-04,297.0,302.0,297.0,298.59,45760,-0.51,13689135.5
SBL,2025-06-05,299.0,300.0,293.3,295.22,42600,-1.13,12646214.9
SBL,2025-06-08,293.0,295.0,291.0,293.12,59740,-0.71,17520543.5
SBL,2025-06-09,295.0,298.8,292.1,297.4,65005,1.46,19178427.2
SBL,2025-06-10,300.0,303.0,295.0,301.66,76324,1.43,22903921.3
SBL,2025-06-11,301.0,305.0,299.3,302.52,446787,0.29,135051938.6
SBL,2025-06-12,302.0,306.5,300.3,305.01,65909,0.82,20064061.4
SBL,2025-06-15,299.0,307.0,299.0,304.95,53080,-0.02,16174849.5
SBL,2025-06-16,301.0,310.0,301.0,306.78,125348,0.6,38563089.3
SBL,2025-06-17,305.1,310.9,305.0,308.1,52289,0.43,16151879.9
SBL,2025-06-18,308.1,312.0,303.0,309.79,105004,0.55,32402127.3
SBL,2025-06-19,312.5,312.5,307.0,307.4,81975,-0.77,25317504.0
SBL,2025-06-22,305.0,308.0,304.0,304.19,92300,-1.04,28187482.0
SBL,2025-06-23,300.1,306.0,300.1,304.29,47725,0.03,14481081.1
SBL,2025-06-24,310.0,310.0,305.0,307.43,75921,1.03,23254252.2
SBL,2025-06-25,310.0,310.0,303.8,305.98,79701,-0.47,24377378.4
SBL,2025-06-26,302.0,308.0,301.8,305.59,42654,-0.13,13056618.9
SBL,2025-06-29,305.0,311.5,305.0,310.72,82774,1.68,25509367.4
SBL,2025-06-30,316.9,320.0,310.5,317.29,127421,2.11,40211987.9
SBL,2025-07-01,323.0,331.0,317.2,329.28,164346,3.78,53411137.3
SBL,2025-07-02,333.0,343.9,327.0,339.48,293021,3.1,97898195.8
SBL,2025-07-03,339.0,341.2,333.0,338.06,269922,-0.42,91381540.1
SBL,2025-07-06,337.0,343.0,335.1,339.85,176466,0.53,59868411.2
SBL,2025-07-07,341.0,347.0,336.5,342.0,282846,0.63,96735909.2
SBL,2025-07-08,346.0,348.8,337.0,338.15,227962,-1.13,77309799.8
SBL,2025-07-09,340.0,344.4,338.0,343.48,249257,1.58,84849430.3
SBL,2025-07-10,348.0,359.0,341.9,356.96,471463,3.92,166392446.6
SBL,2025-07-13,364.0,376.0,359.7,365.78,504481,2.47,184298028.8
SBL,2025-07-14,373.0,373.0,357.1,357.73,261406,-2.2,94211346.1
SBL,2025-07-15,356.0,377.0,356.0,374.1,468205,4.58,172295789.4
SBL,2025-07-16,379.5,403.0,375.0,383.77,567833,2.58,219434580.4
SBL,2025-07-17,391.3,408.0,383.2,387.23,450633,0.9,174991692.6
SBL,2025-07-20,394.0,394.0,377.0,380.29,448405,-1.79,173233013.5
SBL,2025-07-21,376.4,390.0,376.4,385.01,276819,1.24,106512641.8
SBL,2025-07-22,389.9,404.0,380.3,393.86,444337,2.3,174023241.7
SBL,2025-07-23,386.0,401.0,386.0,393.32,221199,-0.14,86636579.4
SBL,2025-07-24,399.0,399.0,388.0,388.29,202557,-1.28,79106407.8
SBL,2025-07-27,392.5,392.5,385.0,387.32,177687,-0.25,68936455.2
SBL,2025-07-28,380.1,391.0,380.1,389.66,279454,0.6,107642349.3
SBL,2025-07-29,397.4,397.4,386.4,392.25,240351,0.66,94399846.2
SBL,2025-07-30,397.0,397.0,382.0,384.42,130827,-2.0,50719418.5
SBL,2025-07-31,390.0,390.0,377.1,379.74,278021,-1.22,106449193.1
SBL,2025-08-03,386.0,386.0,363.0,366.99,179070,-3.36,66550556.5
SBL,2025-08-04,374.0,375.0,361.1,373.92,108246,1.89,39817666.0
SBL,2025-08-05,367.7,381.0,367.7,373.37,72672,-0.15,27313385.1
SBL,2025-08-06,380.6,380.6,365.0,368.4,118225,-1.33,43403791.9
SBL,2025-08-07,373.0,373.0,369.0,371.58,68492,0.86,25429183.6
SBL,2025-08-11,379.0,383.0,376.0,380.32,259072,2.35,98085152.8
SBL,2025-08-12,372.9,383.0,372.9,376.35,109978,-1.04,41399660.5
SBL,2025-08-13,380.0,380.6,373.0,374.89,73163,-0.39,27460946.9
SBL,2025-08-14,378.1,378.1,368.0,369.19,179427,-1.52,66516344.4
SBL,2025-08-17,370.3,370.3,363.7,364.11,100763,-1.38,36924126.3
SBL,2025-08-18,363.6,366.0,356.0,364.64,163673,0.15,59122242.8
SBL,2025-08-19,367.5,367.5,359.0,367.01,52439,0.65,19124196.3
SBL,2025-08-20,360.0,367.8,360.0,363.4,45497,-0.98,16575409.2
SBL,2025-08-21,366.0,366.0,363.1,364.44,34463,0.29,12554705.5
SBL,2025-08-24,367.0,367.0,360.0,361.87,54021,-0.71,19517670.8
SBL,2025-08-25,360.1,361.8,356.6,361.19,84939,-0.19,30417572.4
SBL,2025-08-26,364.9,365.0,360.0,362.1,44050,0.25,15992611.1
SBL,2025-08-27,369.3,375.0,362.0,371.47,107818,2.59,39966562.4
SBL,2025-08-28,378.0,380.0,369.4,376.27,141489,1.29,53169057.7
SBL,2025-08-31,379.0,380.0,372.0,376.42,140397,0.04,52996967.4
SBL,2025-09-01,383.0,390.8,373.0,388.77,443158,3.28,170531305.4
SBL,2025-09-02,396.5,398.8,385.4,389.22,171936,0.12,67259564.5
SBL,2025-09-03,392.0,392.0,380.0,381.76,197617,-1.92,76268417.4
SBL,2025-09-04,389.0,389.0,373.7,377.82,92399,-1.03,34825700.2
SBL,2025-09-07,380.0,380.0,373.0,375.01,127328,-0.74,47884602.0
SBL,2025-09-08,372.0,377.9,367.8,372.25,132615,-0.74,49199950.4
SBL,2025-09-18,365.0,365.0,344.1,364.0,12516,-2.22,4448728.6
SBL,2025-09-21,356.8,371.0,350.1,361.04,145988,-0.81,52793046.1
SBL,2025-09-23,366.0,366.0,358.0,362.0,45749,0.27,16504079.5
SBL,2025-09-24,365.0,365.0,354.5,357.6,41696,-1.22,14877150.7
SBL,2025-09-25,356.0,358.0,352.0,356.0,18084,-0.45,6404485.5
SBL,2025-09-28,360.0,363.1,357.3,360.0,20952,1.12,7545718.0
SBL,2025-10-07,365.0,365.0,353.1,353.5,32950,-1.81,11713335.4
SBL,2025-10-08,350.0,364.0,348.0,353.0,141815,-0.14,49757258.4
SBL,2025-10-09,358.4,374.0,356.3,357.5,99655,1.27,35942236.4
SBL,2025-10-12,357.0,360.0,340.0,344.9,127035,-3.52,44053826.4
SBL,2025-10-13,351.7,351.7,341.0,347.5,64922,0.75,22380672.6
SBL,2025-10-14,352.0,360.0,346.1,346.3,32806,-0.35,11424245.1
SBL,2025-10-15,342.1,352.0,342.1,346.6,33852,0.09,11767856.1
SBL,2025-10-16,353.0,353.0,342.1,342.9,70963,-1.07,24428461.6
SBL,2025-10-19,342.9,353.0,342.9,351.5,32320,2.51,11280695.0
SBL,2025-10-26,352.0,352.0,344.5,351.0,23638,-0.14,8259825.3
SBL,2025-10-28,348.0,366.0,344.2,361.1,70085,2.88,25034979.9
SBL,2025-10-29,356.2,366.0,356.2,363.0,58010,0.53,20958983.5
SBL,2025-10-30,358.0,364.0,357.0,363.7,185452,0.19,66821397.8
SBL,2025-11-02,370.0,370.0,359.0,367.0,245403,0.91,88792775.2
SBL,2025-11-03,346.5,349.5,345.0,345.0,64848,-1.29,22490717.5
SBL,2025-11-04,345.0,346.0,339.2,340.0,255671,-1.45,87220526.1
SBL,2025-11-05,340.0,345.0,336.2,338.5,35681,-0.44,12083043.4
SBL,2025-11-06,339.0,343.0,338.5,338.5,92480,0.0,31460791.4
SBL,2025-11-09,339.0,339.0,331.5,335.0,54931,-1.03,18312473.4
SBL,2025-11-10,331.5,337.5,329.5,332.0,49458,-0.9,16375018.7
SBL,2025-11-11,330.2,335.0,327.2,335.0,92679,0.9,30583500.0
SBL,2025-11-12,332.0,335.0,324.4,328.8,91138,-1.85,30021328.1
SBL,2025-11-13,334.9,334.9,325.0,326.9,33648,-0.58,10976892.4
SBL,2025-11-16,326.9,333.0,322.0,325.5,22393,-0.43,7292231.6
SBL,2025-11-17,326.8,348.0,320.5,320.6,89176,-1.51,28838764.5
SBL,2025-11-18,327.0,329.7,321.7,324.0,66042,1.06,21469259.8
SBL,2025-11-19,322.5,327.9,321.3,322.7,16598,-0.4,5385967.9
SBL,2025-11-20,328.7,328.7,322.5,325.9,17891,0.99,5795845.0
SBL,2025-11-23,331.0,332.0,326.2,331.9,30908,1.84,10191651.4
SBL,2025-11-24,335.0,340.0,333.0,339.6,81537,2.32,27403888.9
SBL,2025-11-25,340.0,342.0,336.0,341.3,63502,0.5,21627368.4
SBL,2025-11-26,336.2,343.4,336.2,343.4,36872,0.62,12612042.2
SBL,2025-11-27,341.0,352.3,341.0,352.0,123772,2.5,42954342.8
SBL,2025-11-30,357.9,357.9,351.0,352.3,196984,0.09,69389106.1
SBL,2025-12-01,351.9,354.0,347.0,352.5,62397,0.06,21879278.0
SBL,2025-12-02,352.5,359.0,350.0,355.0,84747,0.71,29908580.6
SBL,2025-12-03,352.0,355.8,349.1,352.0,41115,-0.85,14458762.9
SBL,2025-12-07,346.5,352.4,346.3,348.0,59028,-1.14,20565206.1
SBL,2025-12-08,348.0,350.0,343.0,348.0,37745,0.0,13111372.1
SBL,2025-12-09,350.0,353.0,349.0,353.0,66334,1.44,23313928.7
SBL,2025-12-10,355.0,358.9,348.5,350.0,40469,-0.85,14150476.7
SBL,2025-12-11,350.0,354.9,346.1,350.0,40103,0.0,13984439.2
SBL,2025-12-14,345.0,351.4,343.3,350.0,77219,0.0,26717345.7
SBL,2025-12-15,350.0,351.0,345.0,350.9,21761,0.26,7600492.0
SBL,2025-12-16,356.0,356.0,349.0,352.0,19823,0.31,6939188.7
SBL,2025-12-17,350.1,363.0,350.1,359.8,99086,2.22,35402310.8
SBL,2025-12-18,360.0,379.0,355.1,362.0,124241,0.61,45207247.8
SBL,2025-12-21,355.0,366.0,355.0,360.0,132362,-0.55,47982801.8
SBL,2025-12-22,354.0,365.0,354.0,355.7,116949,-1.19,41601165.3
SBL,2025-12-23,356.0,362.9,355.4,360.6,56783,1.38,20446947.9
SBL,2025-12-24,356.0,377.0,356.0,374.9,171595,3.97,63269053.9
SBL,2025-12-28,378.8,382.5,370.0,381.5,200082,1.76,75843473.0
SBL,2025-12-29,375.5,385.0,375.5,380.0,109535,-0.39,41631495.2
SBL,2025-12-31,380.0,382.5,375.0,376.9,67953,-0.82,25779554.8
SBL,2026-01-01,377.0,378.4,371.0,376.8,64976,-0.03,24305381.2
SBL,2026-01-04,369.3,379.7,369.3,372.0,45446,-1.27,17013942.2
SBL,2026-01-05,370.0,390.0,370.0,380.0,133269,2.15,50747725.2
SBL,2026-01-06,378.6,416.0,378.6,389.1,423212,2.39,165577430.8
SBL,2026-01-07,382.0,396.8,382.0,391.1,104536,0.51,40815313.6
SBL,2026-01-08,391.1,398.9,390.0,397.9,188567,1.74,74415780.8
SBL,2026-01-12,400.0,400.1,390.6,390.6,113557,-1.83,44922329.9
SBL,2026-01-13,387.0,398.0,384.0,385.1,146541,-1.41,56644217.6
SBL,2026-01-14,380.0,399.0,380.0,385.8,79807,0.18,30886084.6
SBL,2026-01-18,387.0,393.0,385.6,388.9,69431,0.8,26910803.0
SBL,2026-01-20,394.5,394.5,389.0,391.0,81925,0.54,32074577.7
SBL,2026-01-21,395.0,395.0,387.0,392.0,76577,0.26,29853856.6
SBL,2026-01-22,399.0,399.0,387.2,392.0,80907,0.0,31580671.1
SBL,2026-01-25,395.0,396.0,388.4,396.0,110791,1.02,43447344.0
SBL,2026-01-26,397.0,405.9,396.0,398.0,119138,0.51,47500046.2
SBL,2026-01-27,396.1,396.1,387.0,387.0,73856,-2.76,28934999.7
SBL,2026-01-28,394.0,394.0,388.1,391.7,128404,1.21,50061381.4
SBL,2026-01-29,395.1,399.0,388.0,388.0,136451,-0.94,53438807.5
SBL,2026-02-01,394.0,394.0,385.1,385.1,212430,-0.75,82223575.6
SBL,2026-02-02,385.5,390.0,383.2,386.3,90624,0.31,34919209.1
SBL,2026-02-03,386.2,388.6,378.6,384.0,213382,-0.6,81831894.1
SBL,2026-02-04,377.0,386.0,377.0,380.8,96786,-0.83,36794286.2
SBL,2026-02-05,378.2,386.0,378.1,384.8,99484,1.05,37880664.4
SBL,2026-02-08,380.1,387.0,379.5,380.0,51089,-1.25,19503461.4
SBL,2026-02-09,380.1,383.0,367.6,374.0,109072,-1.58,40963401.1
SBL,2026-02-10,374.0,378.0,372.0,374.0,84094,0.0,31433180.2
SBL,2026-02-11,375.0,382.0,368.0,373.0,154195,-0.27,57559369.2
SBL,2026-02-12,372.0,375.0,368.5,371.5,73398,-0.4,27318397.2
SBL,2026-02-16,370.1,373.1,368.5,372.0,54304,0.13,20151474.7
SBL,2026-02-17,375.9,375.9,370.0,373.0,67739,0.27,25193668.0
SBL,2026-02-22,378.4,378.4,368.5,373.4,123587,0.11,45777271.0
SBL,2026-02-23,372.0,375.1,367.6,373.7,21730,0.08,8097438.5
SBL,2026-02-24,372.0,378.0,370.0,375.0,61772,0.35,22957304.1
SBL,2026-02-25,380.0,380.0,375.0,376.5,28953,0.4,10912919.8
SBL,2026-02-26,384.0,384.0,375.0,376.0,34496,-0.13,13008767.8
SBL,2026-03-01,372.1,390.0,370.5,381.8,67247,1.54,25631978.4
SBL,2026-03-03,389.4,389.4,381.8,386.4,90817,1.2,34818531.7
SBL,2026-03-09,394.1,400.0,394.1,400.0,60,3.52,23882.0
SBL,2026-03-10,405.0,405.0,391.1,398.9,256460,-0.28,102129758.7
SBL,2026-03-11,399.0,405.9,393.2,395.9,84292,-0.75,33632799.9
SBL,2026-03-12,397.9,402.9,394.4,398.0,141558,0.53,56495756.0
SBL,2026-03-15,405.7,405.9,397.0,399.5,123044,0.38,49099765.0
SBL,2026-03-16,392.0,401.7,392.0,397.7,116064,-0.45,46023438.0
SBL,2026-03-17,400.0,403.0,395.1,400.0,83319,0.58,33250932.5
SBL,2026-03-19,392.0,415.0,392.0,407.2,211253,1.8,86024682.8
SBL,2026-03-22,407.0,419.0,407.0,411.1,255990,0.96,105755455.7
SBL,2026-03-23,411.1,412.0,406.2,410.0,103772,-0.27,42448492.1
SBL,2026-03-24,412.0,418.0,408.1,415.7,257869,1.39,106743082.0
SBL,2026-03-25,424.0,424.0,411.0,412.0,200810,-0.89,83168784.5
SBL,2026-03-26,415.0,415.0,408.2,412.9,95766,0.22,39521873.0
SBL,2026-03-29,412.0,415.0,402.8,406.7,252799,-1.5,102931753.5
SBL,2026-03-30,400.1,409.0,397.0,406.0,273764,-0.17,110178947.1
SBL,2026-03-31,401.0,406.0,394.0,402.9,262820,-0.76,104865567.0
SBL,2026-04-01,399.1,402.0,392.0,393.6,224654,-2.31,89066479.0
SBL,2026-04-02,385.8,397.0,385.8,394.0,108148,0.1,42547723.5
SBL,2026-04-05,388.1,401.8,377.0,379.0,350867,-3.81,134143170.9
SBL,2026-04-06,378.0,392.0,376.1,389.6,108492,2.8,41773072.9
SBL,2026-04-07,392.9,396.0,388.0,395.0,95227,1.39,37223955.7
SBL,2026-04-08,402.9,402.9,390.1,395.2,83057,0.05,32844679.2
SBL,2026-04-09,400.9,400.9,393.0,397.0,116826,0.46,46196404.9
SBL,2026-04-10,404.0,404.0,389.8,393.0,102319,-1.01,40081598.0
SBL,2026-04-13,395.0,396.0,389.7,392.0,74863,-0.25,29264493.4
SBL,2026-04-15,390.0,396.8,389.1,393.9,187522,0.48,73464708.7
SBL,2026-04-16,392.0,395.0,390.0,395.0,88049,0.28,34489897.4
SBL,2026-04-17,394.8,395.6,390.0,395.0,92095,0.0,36242210.6
SBL,2026-04-20,376.0,401.7,376.0,391.0,76545,-1.01,29938476.9
SBL,2026-04-21,391.0,395.0,388.0,390.5,102542,-0.13,40010579.1
SBL,2026-04-22,392.9,393.0,383.1,390.5,71348,0.0,27720114.9
SBL,2026-04-23,390.0,391.0,386.0,391.0,29755,0.13,11588946.7
SBL,2026-04-24,388.0,392.0,384.0,389.9,52172,-0.28,20194626.3
SBL,2026-04-27,389.9,392.9,384.1,387.3,57106,-0.67,22163241.0
SBL,2026-04-28,387.3,395.0,388.0,389.0,46148,0.44,17994677.9
SBL,2026-04-29,389.0,392.0,385.0,386.9,70907,-0.54,27355934.5
SBL,2026-04-30,368.0,391.0,368.0,389.9,64239,0.78,24881396.8
SBL,2026-05-04,387.0,390.0,385.0,386.7,51148,-0.82,19777132.7
SBL,2026-05-05,383.0,388.0,381.0,388.0,45161,0.34,17414558.0
SBL,2026-05-06,389.0,393.9,387.0,392.0,36949,1.03,14386702.6
SBL,2026-05-07,373.0,393.0,373.0,392.5,49946,0.13,19487706.3
SBL,2026-05-08,392.0,393.1,389.9,393.0,29085,0.13,11397961.4
SBL,2026-05-11,394.0,397.0,393.0,395.1,54640,0.53,21570567.5
SBL,2026-05-12,398.5,398.5,394.1,395.5,101471,0.1,40143015.2
SBL,2026-05-13,396.5,396.5,387.0,393.5,48329,-0.51,18840457.3
SBL,2026-05-14,397.5,397.5,390.0,393.0,57260,-0.13,22436313.2
SBL,2026-05-15,374.0,396.0,374.0,392.5,64638,-0.13,25372417.3
SBL,2026-05-18,393.0,396.0,391.6,396.0,44876,0.89,17636137.4
SBL,2026-05-19,394.0,398.0,393.3,396.3,86779,0.08,34327150.1
SBL,2026-05-20,396.0,401.9,395.0,400.9,59963,1.16,23933223.6
SBL,2026-05-21,402.8,402.8,396.0,396.0,83528,-1.22,33224127.9
SBL,2026-05-22,396.0,400.9,396.0,400.9,64525,1.24,25727970.8
SBL,2026-05-25,402.0,403.0,396.5,399.9,105729,-0.25,42311062.4
SBL,2026-05-26,395.1,404.9,395.1,400.0,68773,0.03,27546130.3
SBL,2026-05-27,400.0,406.0,400.0,405.0,123803,1.25,49853636.8
SBL,2026-06-01,406.0,406.0,396.1,402.9,109086,-0.52,43699162.1
SBL,2026-06-02,402.9,405.0,402.0,404.9,58504,0.5,23630591.9
SBL,2026-06-03,405.0,406.0,400.0,404.0,77358,-0.22,31161734.3
SBL,2026-06-04,404.0,404.0,400.0,403.9,50784,-0.02,20428960.4
SBL,2026-06-05,405.9,405.9,399.1,401.0,71065,-0.72,28530587.4
SBL,2026-06-08,398.1,400.0,398.1,400.0,30014,-0.25,11972213.8
SBL,2026-06-09,397.0,401.0,396.6,399.9,50502,-0.03,20113957.9
SBL,2026-06-10,396.1,403.0,396.1,402.0,31016,0.53,12427375.4
SBL,2026-06-11,403.0,403.0,397.0,400.0,40760,-0.5,16269836.0
SBL,2026-06-12,400.0,401.9,398.0,399.0,25197,-0.25,10051989.8
SBL,2026-06-15,400.0,404.0,397.1,398.5,50132,-0.13,19995119.5
SBL,2026-06-16,398.5,400.0,395.0,395.1,461883,-0.85,182702712.2
SBL,2026-06-17,395.1,399.0,393.8,394.9,62233,-0.05,24585185.7
SBL,2026-06-18,414.6,414.6,389.1,394.0,313284,-0.23,122418852.1
SBL,2026-06-19,390.0,395.0,390.0,394.0,51314,0.0,20178697.1
SBL,2026-06-22,400.0,400.0,391.5,393.5,33718,-0.13,13253353.5
SBL,2026-06-23,391.2,393.5,390.1,393.0,60030,-0.13,23530400.5
SBL,2026-06-24,394.5,394.8,386.0,391.5,134543,-0.38,52416156.3
SBL,2026-06-25,388.5,390.3,388.0,389.8,63200,-0.43,24571712.2
SBL,2026-06-26,392.0,392.0,387.0,388.0,49450,-0.46,19217935.9
SBL,2026-06-29,392.0,392.0,386.2,387.5,49220,-0.13,19067155.9
SBL,2026-06-30,388.4,390.0,387.1,387.1,344827,-0.1,133904148.5
SBL,2026-07-01,390.0,391.0,388.0,389.9,69857,0.72,27234612.2
SBL,2026-07-02,391.0,393.9,386.8,393.8,47940,1.0,18664464.8
SBL,2026-07-03,390.0,395.9,388.0,390.1,151305,-0.94,59148693.4
SBL,2026-07-06,394.8,394.8,379.0,388.4,53220,-0.44,20569749.0
SBL,2026-07-07,393.9,393.9,388.0,389.7,95185,0.33,37109170.1
SBL,2026-07-08,391.0,393.0,388.1,389.1,49525,-0.15,19246636.8
SBL,2026-07-09,392.0,392.0,388.0,388.3,59169,-0.21,23010624.3
SBL,2026-07-10,390.0,390.0,387.2,389.9,76400,0.41,29696143.6
SBL,2026-07-13,386.7,387.4,385.0,386.0,92383,-1.0,35669551.4
SBL,2026-07-14,386.0,387.0,383.1,386.0,104653,0.0,40300647.1
SBL,2026-07-15,386.0,389.0,382.0,387.9,400291,0.49,153410431.1
SBL,2026-07-16,390.0,395.0,384.0,395.0,284325,1.83,109886105.2
SBL,2026-07-17,397.0,404.0,395.0,401.0,106926,1.52,42694849.3
SBL,2026-07-20,381.0,407.0,381.0,400.0,138847,-0.25,55845553.5
SBL,2026-07-21,405.0,406.0,398.0,399.0,116064,-0.25,46503079.4
SBL,2026-07-22,400.2,403.0,396.1,400.4,77485,0.35,31058062.6
SBL,2026-07-23,380.4,407.0,380.4,406.0,113029,1.4,45701142.0
SBL,2026-07-24,402.0,410.9,402.0,410.0,123839,0.99,50509195.8
SBL,2026-07-27,410.0,416.1,407.2,409.0,122070,-0.24,50399573.9
SBL,2026-07-28,405.1,414.0,405.0,412.5,105124,0.86,43196647.3
SBL,2026-07-29,412.4,415.0,409.0,412.9,91431,0.1,37675384.9
SBL,2026-07-30,392.3,414.0,392.3,410.7,99488,-0.53,40746363.0
SBL,2026-07-31,410.0,417.5,407.2,414.4,178151,0.9,73478111.9
SBL,2026-08-03,394.0,424.7,394.0,420.0,247131,1.35,103713778.9
SBL,2026-08-04,420.0,421.9,415.0,417.9,402168,-0.5,167771018.9
SBL,2026-08-05,417.0,420.0,413.1,417.0,206225,-0.22,85684621.3
SBL,2026-08-06,415.0,416.0,410.5,411.0,105901,-1.44,43737832.3
SBL,2026-08-07,411.0,412.0,407.0,410.0,86200,-0.24,35293380.6
SBL,2026-08-10,412.9,412.9,405.0,405.1,43011,-1.2,17474924.3
SBL,2026-08-11,405.0,410.5,401.3,410.0,74512,1.21,30332802.6
SBL,2026-08-12,411.0,414.0,408.0,410.9,44649,0.22,18370325.6
SBL,2026-08-13,413.0,414.0,407.0,413.5,54402,0.63,22412932.8
SBL,2026-08-14,414.0,414.0,409.0,411.0,54134,-0.6,22280223.4
SBL,2026-08-17,414.9,414.9,408.1,409.2,107185,-0.44,43937163.7
SBL,2026-08-18,410.0,411.2,408.5,408.5,61570,-0.17,25215502.6
SBL,2026-08-19,407.0,411.0,407.0,408.2,55032,-0.07,22517517.2
SBL,2026-08-20,406.3,412.8,406.2,411.5,106139,0.81,43594161.4
SBL,2026-08-21,412.0,415.0,411.1,414.0,115661,0.61,47773206.2
SBL,2026-08-24,414.0,414.0,409.7,412.8,76890,-0.29,31576141.5
SBL,2026-08-25,412.0,413.8,408.0,411.9,66770,-0.22,27341010.5
SBL,2026-08-26,408.0,412.8,405.0,408.5,110122,-0.83,44998937.5
SBL,2026-08-27,404.3,412.0,404.2,411.0,58300,0.61,23795333.3
UPPER,2021-08-31,750.0,760.0,730.0,732.0,158788,-3.03,117830370.6
UPPER,2021-09-01,740.0,750.0,725.0,729.0,151321,-0.41,111386109.9
UPPER,2021-09-02,735.0,735.0,700.0,702.0,168965,-3.7,120697414.9
UPPER,2021-09-05,700.0,710.0,660.0,678.0,231715,-3.42,158256734.3
UPPER,2021-09-06,685.0,745.8,678.0,745.8,346298,10.0,249248542.1
UPPER,2021-09-07,760.0,774.0,712.0,739.0,153413,-0.91,114387508.9
UPPER,2021-09-08,739.0,740.0,715.0,720.0,92899,-2.57,67308548.1
UPPER,2021-09-09,720.0,730.0,708.0,715.0,105332,-0.69,75461416.8
UPPER,2021-09-12,729.0,786.5,729.0,774.0,335227,8.25,257213174.6
UPPER,2021-09-13,789.0,803.9,746.0,751.0,225797,-2.97,172689417.4
UPPER,2021-09-14,736.0,770.0,736.0,748.0,78771,-0.4,58938468.8
UPPER,2021-09-15,734.0,748.0,719.0,727.0,118218,-2.81,86167154.7
UPPER,2021-09-16,727.0,727.0,693.0,699.0,222244,-3.85,155803969.4
UPPER,2021-09-20,710.0,710.0,664.5,668.0,174169,-4.43,118130822.7
UPPER,2021-09-21,660.0,691.0,636.0,668.0,188315,0.0,124671662.9
UPPER,2021-09-22,681.3,705.0,681.0,693.0,93242,3.74,64704907.0
UPPER,2021-09-23,699.0,712.0,671.0,677.0,109461,-2.31,74755660.2
UPPER,2021-09-26,678.0,679.0,650.0,651.0,116502,-3.84,76718464.9
UPPER,2021-09-27,664.0,688.5,645.0,650.0,124786,-0.15,82198397.1
UPPER,2021-09-28,640.0,659.8,625.0,625.0,129954,-3.85,82500091.7
UPPER,2021-09-29,625.0,643.0,615.0,636.0,98388,1.76,61946919.0
UPPER,2021-09-30,647.9,648.0,617.4,618.9,75484,-2.69,47374226.9
UPPER,2021-10-03,625.0,627.0,595.0,597.0,84606,-3.54,51486991.9
UPPER,2021-10-04,597.0,600.0,575.0,577.0,89620,-3.35,52376194.0
UPPER,2021-10-05,580.0,597.0,573.0,592.0,51718,2.6,30564134.4
UPPER,2021-10-06,595.0,624.0,595.0,620.0,66171,4.73,40663347.8
UPPER,2021-10-10,632.0,644.0,603.1,607.1,46901,-2.08,28998715.3
UPPER,2021-10-11,615.0,615.0,595.1,605.0,51447,-0.35,30920901.3
UPPER,2021-10-17,617.1,617.1,598.0,603.0,21283,-0.33,12791098.7
UPPER,2021-10-18,595.0,600.0,578.0,581.0,48699,-3.65,28568824.6
UPPER,2021-10-19,575.0,577.0,550.1,558.0,63684,-3.96,35667370.7
UPPER,2021-10-20,569.1,580.4,560.0,576.6,45457,3.33,26031913.5
UPPER,2021-10-21,567.0,578.6,556.0,557.0,40495,-3.4,22837235.5
UPPER,2021-10-24,564.0,575.0,555.0,564.0,49683,1.26,28038528.7
UPPER,2021-10-25,560.0,613.0,555.0,610.0,74705,8.16,43930185.6
UPPER,2021-10-26,615.0,634.0,606.0,625.0,92682,2.46,57791209.2
UPPER,2021-10-27,637.0,637.0,601.0,611.0,72263,-2.24,44657168.8
UPPER,2021-10-28,598.9,620.0,598.9,613.0,60408,0.33,37003334.1
UPPER,2021-10-31,620.0,653.0,615.0,645.0,79360,5.22,50707355.6
UPPER,2021-11-01,645.0,654.0,615.0,622.0,102525,-3.57,64403120.3
UPPER,2021-11-02,622.0,623.5,601.0,619.0,53237,-0.48,32800138.6
UPPER,2021-11-03,631.0,643.0,615.0,622.0,75569,0.48,47117354.2
UPPER,2021-11-08,625.0,630.0,611.2,615.0,40577,-1.13,25158044.4
UPPER,2021-11-09,615.0,616.0,585.0,592.0,91101,-3.74,54299336.2
UPPER,2021-11-11,603.6,603.6,570.0,577.0,60730,-2.53,35237475.5
UPPER,2021-11-14,575.0,585.0,570.0,575.0,47504,-0.35,27475994.0
UPPER,2021-11-15,575.0,592.0,575.0,583.0,35728,1.39,20939902.2
UPPER,2021-11-16,585.0,641.3,585.0,641.3,56418,10.0,36178066.9
UPPER,2021-11-17,654.1,705.4,654.1,705.4,95049,10.0,67025148.5
UPPER,2021-11-18,719.5,748.0,672.1,679.0,567392,-3.74,395033175.5
UPPER,2021-11-21,690.0,702.0,670.4,692.0,221042,1.91,152538668.5
UPPER,2021-11-22,692.0,714.0,690.0,700.0,151848,1.16,106985512.0
UPPER,2021-11-23,700.0,704.0,676.2,686.0,103747,-2.0,71354961.2
UPPER,2021-11-24,686.0,695.0,670.0,688.0,105151,0.29,71748546.2
UPPER,2021-11-25,695.0,695.0,679.0,679.1,71470,-1.29,48920881.0
UPPER,2021-11-28,668.0,678.0,641.9,649.0,191620,-4.43,126263981.7
UPPER,2021-11-29,648.9,667.0,640.0,653.0,96812,0.62,63077198.1
UPPER,2021-11-30,654.0,665.0,638.0,645.0,78725,-1.23,51013818.7
UPPER,2021-12-01,657.0,665.0,640.0,642.0,54816,-0.47,35491996.4
UPPER,2021-12-02,650.0,650.0,627.0,628.0,74865,-2.18,47488575.3
UPPER,2021-12-05,625.0,626.0,599.0,602.5,106303,-4.06,64519393.0
UPPER,2021-12-06,590.5,634.0,581.0,625.0,188049,3.73,113604822.6
UPPER,2021-12-07,637.0,648.0,608.0,610.0,86639,-2.4,54477757.0
UPPER,2021-12-08,621.0,621.0,590.0,597.0,67266,-2.13,40488805.1
UPPER,2021-12-09,598.2,609.0,588.0,598.0,78599,0.17,47038574.0
UPPER,2021-12-12,593.0,595.0,577.0,577.1,97935,-3.49,57423138.5
UPPER,2021-12-13,565.6,580.0,555.0,566.0,119851,-1.92,67647436.7
UPPER,2021-12-14,577.0,610.0,567.0,609.0,57835,7.6,33937168.1
UPPER,2021-12-15,621.1,645.0,587.2,606.0,128496,-0.49,78505708.4
UPPER,2021-12-16,595.0,600.0,578.0,580.0,65758,-4.29,38675547.7
UPPER,2021-12-20,591.6,591.6,565.0,575.0,64214,-0.86,36824596.9
UPPER,2021-12-21,585.0,593.0,575.0,590.0,45200,2.61,26427078.4
UPPER,2021-12-22,600.0,649.0,596.0,649.0,251923,10.0,158254417.4
UPPER,2021-12-23,661.9,675.0,636.0,637.0,151904,-1.85,98281767.0
UPPER,2021-12-26,640.0,650.0,630.0,642.0,145788,0.78,93525227.6
UPPER,2021-12-27,643.0,650.0,616.1,617.0,125794,-3.89,79522847.0
UPPER,2021-12-28,617.0,625.0,606.0,624.0,64439,1.13,39617082.6
UPPER,2021-12-29,633.0,633.0,612.0,618.0,57495,-0.96,35461484.7
UPPER,2022-01-02,620.0,640.0,620.0,632.0,108017,2.27,68143849.6
UPPER,2022-01-03,635.0,642.0,628.0,630.0,119110,-0.32,75501569.2
UPPER,2022-01-04,631.1,662.0,626.4,655.0,160123,3.97,103853839.3
UPPER,2022-01-05,655.0,680.0,646.0,653.0,216456,-0.31,143517768.6
UPPER,2022-01-06,646.6,670.0,646.6,666.0,106841,1.99,70705067.3
UPPER,2022-01-09,674.0,700.0,670.0,693.9,292505,4.19,201577612.8
UPPER,2022-01-10,700.0,707.0,683.0,688.0,187670,-0.85,129727512.1
UPPER,2022-01-11,694.0,700.0,683.0,688.1,106463,0.01,73750825.7
UPPER,2022-01-12,690.0,726.0,686.1,700.0,320426,1.73,227206899.1
UPPER,2022-01-13,695.0,760.0,695.0,750.0,467073,7.14,343143245.7
UPPER,2022-01-16,764.0,780.1,741.0,750.0,390144,0.0,297406921.0
UPPER,2022-01-17,755.0,755.0,736.0,740.0,323041,-1.33,240979682.0
UPPER,2022-01-18,745.0,759.0,726.0,735.0,254354,-0.68,188076627.0
UPPER,2022-01-19,739.0,744.0,718.0,725.0,208919,-1.36,152110606.6
UPPER,2022-01-20,726.0,744.6,721.0,742.0,179294,2.34,131481652.5
UPPER,2022-01-23,745.0,753.5,732.0,734.0,179584,-1.08,132947651.6
UPPER,2022-01-24,730.0,730.0,698.0,704.0,285223,-4.09,202613565.8
UPPER,2022-01-25,704.0,720.0,692.0,707.0,174112,0.43,123326599.5
UPPER,2022-01-26,707.0,708.9,686.0,695.0,148123,-1.7,103168569.3
UPPER,2022-01-27,697.0,705.0,690.0,693.0,92441,-0.29,64459055.3
UPPER,2022-01-30,706.0,731.0,706.0,726.2,194945,4.79,141170341.7
UPPER,2022-01-31,740.0,758.0,721.3,740.0,429295,1.9,318278190.1
UPPER,2022-02-01,750.0,769.9,736.0,766.0,446461,3.51,340027219.9
UPPER,2022-02-03,781.3,781.3,747.0,750.9,311026,-1.97,238302173.2
UPPER,2022-02-06,740.0,768.0,738.1,744.0,300362,-0.92,223882896.8
UPPER,2022-02-07,746.0,758.0,737.0,747.0,179594,0.4,134586162.2
UPPER,2022-02-08,761.9,777.0,720.0,723.9,434928,-3.09,320800598.5
UPPER,2022-02-09,723.9,725.0,711.1,719.0,147342,-0.68,105557536.3
UPPER,2022-02-10,704.7,725.0,704.0,705.0,192947,-1.95,137013457.6
UPPER,2022-02-13,690.9,690.9,638.0,646.0,500474,-8.37,328408944.1
UPPER,2022-02-14,635.0,659.9,635.0,639.1,144770,-1.07,93371390.1
UPPER,2022-02-15,645.0,670.0,639.6,667.9,93445,4.51,60826616.8
UPPER,2022-02-16,664.0,677.0,648.0,651.3,110381,-2.49,72521738.7
UPPER,2022-02-17,651.0,662.5,645.0,652.0,71305,0.11,46616091.3
UPPER,2022-02-20,639.0,657.0,625.0,640.0,133964,-1.84,86429333.0
UPPER,2022-02-21,640.0,652.0,640.0,650.0,59236,1.56,38345090.4
UPPER,2022-02-22,659.0,660.0,646.0,649.0,93051,-0.15,60880264.5
UPPER,2022-02-23,650.0,660.0,645.0,651.0,73242,0.31,47813046.8
UPPER,2022-02-24,638.0,650.7,630.0,635.0,136037,-2.46,86912324.7
UPPER,2022-02-27,635.0,657.0,634.0,648.0,101292,2.05,65472844.8
UPPER,2022-02-28,660.9,670.0,630.0,635.0,203936,-2.01,131789000.4
UPPER,2022-03-02,647.7,647.7,610.0,612.0,146443,-3.62,89947582.8
UPPER,2022-03-06,615.0,620.0,601.0,608.0,78026,-0.65,47443114.8
UPPER,2022-03-07,608.9,615.0,600.4,601.0,69815,-1.15,42169524.0
UPPER,2022-03-09,600.0,608.0,585.1,587.1,74336,-2.31,43950750.4
UPPER,2022-03-10,595.0,614.9,580.0,611.9,99110,4.22,59237476.4
UPPER,2022-03-13,620.5,627.0,611.0,624.0,93478,1.98,58111682.8
UPPER,2022-03-14,626.0,630.0,613.0,617.0,37084,-1.12,22927869.3
UPPER,2022-03-15,617.0,624.0,600.8,604.0,102188,-2.11,62110835.2
UPPER,2022-03-16,616.0,616.0,597.2,597.3,68527,-1.11,41149761.2
UPPER,2022-03-20,608.0,615.0,600.0,601.5,44652,0.7,26940447.5
UPPER,2022-03-21,603.0,618.0,601.0,613.0,59206,1.91,35948073.9
UPPER,2022-03-22,613.0,624.9,613.0,618.0,62258,0.82,38634796.3
UPPER,2022-03-23,616.0,617.0,610.0,611.0,41292,-1.13,25267743.5
UPPER,2022-03-24,611.0,614.0,602.0,607.0,54307,-0.65,33048691.1
UPPER,2022-03-27,604.1,607.0,590.2,591.0,70884,-2.64,42434840.8
UPPER,2022-03-28,591.0,599.0,584.0,586.0,62385,-0.85,36697973.7
UPPER,2022-03-29,587.0,597.7,581.0,581.0,37124,-0.85,21814842.2
UPPER,2022-03-30,583.0,600.0,580.0,595.0,42500,2.41,25027474.3
UPPER,2022-03-31,603.0,603.0,584.0,585.0,34295,-1.68,20211316.7
UPPER,2022-04-03,589.0,590.0,575.1,581.0,27141,-0.68,15805039.3
UPPER,2022-04-04,581.0,585.0,575.0,578.0,29882,-0.52,17328445.8
UPPER,2022-04-05,573.0,575.0,560.0,567.0,69139,-1.9,39190284.1
UPPER,2022-04-06,560.1,569.0,555.0,559.0,51050,-1.41,28588881.9
UPPER,2022-04-07,556.0,573.0,556.0,564.5,55811,0.98,31612320.0
UPPER,2022-04-11,575.7,585.0,551.0,552.0,55234,-2.21,31292251.9
UPPER,2022-04-12,551.0,555.0,540.0,542.0,55281,-1.81,30050921.6
UPPER,2022-04-13,542.0,549.8,535.0,544.1,40604,0.39,22106808.7
UPPER,2022-04-17,540.2,562.0,535.5,537.0,43600,-1.3,23631329.9
UPPER,2022-04-18,537.0,537.2,519.0,519.0,68250,-3.35,35860947.4
UPPER,2022-04-19,520.0,526.0,507.0,520.0,46926,0.19,24312861.4
UPPER,2022-04-20,520.0,525.0,504.8,506.0,44722,-2.69,22905933.2
UPPER,2022-04-21,495.9,516.0,495.9,509.0,43494,0.59,21822755.6
UPPER,2022-04-24,518.0,555.0,508.0,550.0,63796,8.06,33770081.7
UPPER,2022-04-25,550.0,560.0,530.0,530.6,63638,-3.53,34493938.9
UPPER,2022-04-26,530.0,539.0,521.0,522.0,28507,-1.62,15107067.1
UPPER,2022-04-27,515.0,526.8,515.0,522.0,22682,0.0,11825844.0
UPPER,2022-04-28,525.0,532.4,517.5,521.0,35169,-0.19,18430968.3
UPPER,2022-05-02,525.0,525.0,501.0,508.0,52297,-2.5,26544912.8
UPPER,2022-05-04,508.1,515.0,500.0,501.0,39716,-1.38,19975585.5
UPPER,2022-05-05,498.0,501.0,490.0,492.0,55139,-1.8,27211590.9
UPPER,2022-05-08,484.0,510.0,484.0,499.0,36893,1.42,18186678.4
UPPER,2022-05-09,508.9,516.0,498.0,502.0,35162,0.6,17870772.6
UPPER,2022-05-10,495.0,522.2,495.0,518.0,33594,3.19,17283153.2
UPPER,2022-05-11,520.0,544.9,518.0,538.4,62583,3.94,33454202.3
UPPER,2022-05-12,544.0,544.9,525.0,531.0,46687,-1.37,25044885.4
UPPER,2022-05-17,521.0,521.0,495.0,497.0,103266,-6.4,51972061.9
UPPER,2022-05-18,495.0,509.5,488.2,503.0,51703,1.21,25782671.2
UPPER,2022-05-19,505.0,510.0,490.2,493.9,42783,-1.81,21348667.0
UPPER,2022-05-20,500.0,500.0,486.0,495.0,37034,0.22,18230657.5
UPPER,2022-05-23,491.0,495.0,481.0,482.0,49709,-2.63,24182891.7
UPPER,2022-05-24,490.0,510.0,483.0,508.9,92503,5.58,46314912.4
UPPER,2022-05-25,514.0,542.2,514.0,529.9,157167,4.13,83408747.9
UPPER,2022-05-26,540.4,540.4,524.0,532.0,53342,0.4,28323517.9
UPPER,2022-05-27,533.0,533.0,513.0,514.9,57851,-3.21,29972868.5
UPPER,2022-05-30,516.0,516.0,496.0,499.5,60657,-2.99,30391132.0
UPPER,2022-05-31,500.0,503.0,487.4,490.0,60682,-1.9,29998771.9
UPPER,2022-06-01,491.0,500.0,490.0,495.0,34561,1.02,17075805.2
UPPER,2022-06-02,500.0,504.0,491.1,491.5,44297,-0.71,22020485.3
UPPER,2022-06-03,492.0,495.0,485.0,488.5,47862,-0.61,23415784.7
UPPER,2022-06-06,494.0,504.0,488.2,488.2,50315,-0.06,24900511.3
UPPER,2022-06-07,488.2,495.0,478.6,479.9,40423,-1.7,19544002.0
UPPER,2022-06-08,479.9,498.9,479.9,494.0,48824,2.94,23940334.6
UPPER,2022-06-09,502.0,502.0,485.0,485.9,43896,-1.64,21659419.7
UPPER,2022-06-10,480.0,488.0,479.0,482.0,39001,-0.8,18776334.6
UPPER,2022-06-13,487.0,487.0,478.1,481.0,18367,-0.21,8827835.5
UPPER,2022-06-14,477.0,480.0,467.0,470.0,45418,-2.29,21433981.0
UPPER,2022-06-15,464.0,465.0,452.0,456.0,51795,-2.98,23661555.5
UPPER,2022-06-16,452.0,463.6,452.0,458.0,27851,0.44,12757808.4
UPPER,2022-06-17,463.0,465.0,453.0,453.0,25499,-1.09,11726572.6
UPPER,2022-06-19,445.0,454.0,433.6,434.0,45345,-4.19,20078130.6
UPPER,2022-06-20,425.4,433.0,403.5,411.0,76199,-5.3,31445520.3
UPPER,2022-06-21,402.8,429.9,402.8,427.0,44120,3.89,18545029.5
UPPER,2022-06-22,431.9,431.9,408.0,411.0,31374,-3.75,12971675.7
UPPER,2022-06-23,402.8,411.0,398.0,399.0,45200,-2.92,18135058.7
UPPER,2022-06-24,405.0,406.0,376.0,402.0,59523,0.75,23374063.4
UPPER,2022-06-26,409.8,434.0,403.0,434.0,82474,7.96,34541475.2
UPPER,2022-06-27,438.0,438.0,418.0,418.0,70576,-3.69,30256698.1
UPPER,2022-06-28,416.0,420.0,405.9,410.0,40660,-1.91,16763085.2
UPPER,2022-06-29,402.1,425.3,402.1,422.0,39718,2.93,16621519.9
UPPER,2022-06-30,430.4,439.0,417.0,439.0,68678,4.03,29784493.8
UPPER,2022-07-01,442.0,446.0,430.3,441.0,72771,0.46,32020208.2
UPPER,2022-07-03,440.0,485.1,439.1,485.1,98886,10.0,46746987.1
UPPER,2022-07-04,494.8,533.0,481.0,494.0,228554,1.83,116703127.8
UPPER,2022-07-05,487.0,510.0,477.3,487.0,173973,-1.42,85718130.0
UPPER,2022-07-06,487.0,515.0,476.5,509.0,175318,4.52,86921474.5
UPPER,2022-07-07,519.0,529.4,505.0,514.1,113066,1.0,58239632.0
UPPER,2022-07-08,514.0,519.0,502.0,503.5,53389,-2.06,27097364.2
UPPER,2022-07-11,499.0,500.0,480.3,482.0,171806,-4.27,84125122.5
UPPER,2022-07-12,491.6,509.0,483.8,487.0,81729,1.04,40181812.9
UPPER,2022-07-13,496.7,504.9,490.1,504.0,68270,3.49,34032565.1
UPPER,2022-07-14,507.0,545.0,503.0,540.0,270945,7.14,141381381.3
UPPER,2022-07-15,550.0,580.0,542.0,542.0,355232,0.37,197254864.9
UPPER,2022-07-17,543.0,543.0,522.0,523.1,114379,-3.49,60466143.8
UPPER,2022-07-18,523.0,528.6,509.9,526.0,108191,0.55,56204770.0
UPPER,2022-07-19,533.0,535.0,522.0,527.0,89096,0.19,47030530.8
UPPER,2022-07-20,535.0,535.0,515.0,518.0,68199,-1.71,35487211.8
UPPER,2022-07-21,508.0,523.0,508.0,522.0,74779,0.77,38677786.4
UPPER,2022-07-22,532.4,532.4,512.0,516.9,60209,-0.98,31043231.5
UPPER,2022-07-24,527.0,527.0,513.0,522.0,87781,0.99,45548427.3
UPPER,2022-07-25,528.0,538.0,520.0,538.0,199698,3.07,106031695.8
UPPER,2022-07-26,538.1,539.0,521.0,523.0,82090,-2.79,43383187.4
UPPER,2022-07-27,520.0,537.0,515.0,535.0,116409,2.29,61455576.0
UPPER,2022-07-28,542.0,569.9,533.0,541.0,257078,1.12,141780913.7
UPPER,2022-07-29,545.0,555.0,538.0,541.0,75320,0.0,40892054.9
UPPER,2022-07-31,542.0,550.0,532.0,535.0,119420,-1.11,64309602.9
UPPER,2022-08-01,545.0,545.0,529.0,531.0,108917,-0.75,58278638.1
UPPER,2022-08-02,531.0,538.0,523.0,538.0,112520,1.32,59757978.9
UPPER,2022-08-03,538.0,539.9,529.6,532.9,74337,-0.95,39690866.6
UPPER,2022-08-04,534.0,534.0,518.0,518.0,60707,-2.8,31672758.5
UPPER,2022-08-05,515.0,520.0,510.0,512.0,45234,-1.16,23256163.1
UPPER,2022-08-07,502.0,521.0,502.0,516.0,61819,0.78,31854206.9
UPPER,2022-08-08,516.0,521.9,506.1,509.0,48212,-1.36,24769941.6
UPPER,2022-08-09,509.0,514.0,495.0,496.0,60968,-2.55,30532810.9
UPPER,2022-08-10,495.0,499.9,489.0,489.2,37504,-1.37,18446208.7
UPPER,2022-08-11,496.0,496.0,481.0,481.0,50811,-1.68,24803904.0
UPPER,2022-08-14,472.0,489.5,468.5,470.0,41310,-2.29,19677447.4
UPPER,2022-08-15,461.0,491.0,461.0,491.0,43521,4.47,21000254.8
UPPER,2022-08-16,481.2,490.5,471.0,472.0,81457,-3.87,39097845.7
UPPER,2022-08-17,481.0,481.0,470.0,474.0,23159,0.42,10943727.6
UPPER,2022-08-18,475.0,500.0,475.0,495.9,83216,4.62,40772199.4
UPPER,2022-08-21,505.8,514.0,477.0,484.0,91349,-2.4,45151516.2
UPPER,2022-08-22,489.9,489.9,475.0,478.1,47361,-1.22,22716967.6
UPPER,2022-08-23,487.0,487.0,475.0,478.0,23500,-0.02,11227251.5
UPPER,2022-08-24,487.0,487.0,470.0,477.0,41104,-0.21,19578063.3
UPPER,2022-08-25,486.0,486.0,464.0,470.0,53145,-1.47,25009860.0
UPPER,2022-08-26,462.1,469.0,460.0,462.9,31760,-1.51,14676988.1
UPPER,2022-08-28,462.9,471.0,445.0,446.0,63442,-3.65,28661805.1
UPPER,2022-08-29,454.0,454.0,440.0,446.0,27113,0.0,12035346.1
UPPER,2022-08-30,450.0,453.0,435.0,436.0,28930,-2.24,12835326.7
UPPER,2022-08-31,436.0,452.0,426.4,427.0,28293,-2.06,12200883.6
UPPER,2022-09-01,435.0,435.0,419.0,428.0,38045,0.23,16228585.1
UPPER,2022-09-02,436.0,436.0,428.0,428.0,14010,0.0,6056254.0
UPPER,2022-09-04,434.0,442.0,428.0,430.0,37304,0.47,16175965.3
UPPER,2022-09-05,436.0,438.0,428.1,429.0,20135,-0.23,8674465.6
UPPER,2022-09-06,428.0,434.0,421.0,425.0,27828,-0.93,11831198.4
UPPER,2022-09-07,433.0,439.0,416.0,416.0,25136,-2.12,10504320.5
UPPER,2022-09-08,424.0,424.0,411.0,418.0,21045,0.48,8794766.6
UPPER,2022-09-11,426.0,426.0,410.0,411.0,21782,-1.67,9040065.0
UPPER,2022-09-12,407.0,412.0,405.0,406.0,22193,-1.22,9034264.6
UPPER,2022-09-13,414.1,414.1,403.5,405.5,23645,-0.12,9674627.7
UPPER,2022-09-14,410.0,422.0,410.0,420.0,22435,3.58,9363597.4
UPPER,2022-09-15,428.4,428.4,400.0,406.0,65123,-3.33,26785815.1
UPPER,2022-09-16,397.9,405.0,393.0,400.1,24350,-1.45,9734889.8
UPPER,2022-09-18,406.0,407.0,391.2,395.4,30892,-1.17,12208557.9
UPPER,2022-09-20,395.4,395.4,377.5,378.5,51405,-4.27,19596288.1
UPPER,2022-09-21,375.0,395.9,375.0,380.0,24374,0.4,9344409.3
UPPER,2022-09-22,385.0,387.0,377.0,378.0,20697,-0.53,7894304.0
UPPER,2022-09-25,385.0,385.0,365.6,368.0,23316,-2.65,8658216.5
UPPER,2022-09-27,375.3,382.0,366.6,369.8,23857,0.49,8846282.4
UPPER,2022-09-28,375.0,377.0,365.0,371.1,15253,0.35,5637825.2
UPPER,2022-09-29,372.0,375.9,371.0,372.0,20166,0.24,7508501.6
UPPER,2022-10-09,372.0,386.0,372.0,386.0,14347,3.76,5471301.8
UPPER,2022-10-10,393.7,393.7,375.0,376.6,13777,-2.44,5229837.7
UPPER,2022-10-11,371.2,375.9,369.1,373.0,11956,-0.96,4453227.0
UPPER,2022-10-12,375.0,380.0,372.0,376.9,14764,1.05,5543015.5
UPPER,2022-10-13,379.0,379.0,372.0,373.0,17547,-1.03,6565979.3
UPPER,2022-10-16,373.0,375.0,370.0,370.0,19882,-0.8,7386020.7
UPPER,2022-10-17,366.0,373.0,366.0,367.1,5673,-0.78,2090747.5
UPPER,2022-10-19,367.1,370.0,360.0,360.0,23107,-1.93,8368583.6
UPPER,2022-10-20,356.0,361.0,354.0,358.0,12025,-0.56,4302068.0
UPPER,2022-10-23,364.9,365.0,358.0,361.0,11133,0.84,4028037.8
UPPER,2022-10-31,354.0,364.9,354.0,361.2,9999,0.06,3608662.6
UPPER,2022-11-01,368.0,377.0,361.0,377.0,19037,4.37,7036385.2
UPPER,2022-11-02,384.0,386.2,372.4,375.1,29434,-0.5,11206953.1
UPPER,2022-11-03,370.0,381.0,370.0,373.0,10362,-0.56,3881132.6
UPPER,2022-11-06,373.0,384.0,373.0,383.0,25374,2.68,9632481.1
UPPER,2022-11-07,376.0,397.0,376.0,387.0,50325,1.04,19592505.2
UPPER,2022-11-08,391.0,391.0,382.0,383.0,14843,-1.03,5712271.0
UPPER,2022-11-09,384.0,388.0,370.0,372.0,35390,-2.87,13298764.0
UPPER,2022-11-10,379.0,379.0,365.0,369.0,26548,-0.81,9774857.3
UPPER,2022-11-13,365.0,371.9,361.9,364.0,14809,-1.36,5427701.4
UPPER,2022-11-14,370.0,370.0,362.0,370.0,13558,1.65,4971877.3
UPPER,2022-11-15,375.0,377.0,367.0,367.0,22834,-0.81,8496737.9
UPPER,2022-11-16,372.0,376.7,368.0,372.1,15345,1.39,5736903.1
UPPER,2022-11-17,376.0,386.0,376.0,383.2,30108,2.98,11526054.3
UPPER,2022-11-22,376.0,395.0,376.0,385.0,29796,0.47,11580232.2
UPPER,2022-11-23,392.0,392.0,378.0,387.0,15173,0.52,5785236.9
UPPER,2022-11-24,387.0,402.5,380.0,393.9,21086,1.78,8208778.2
UPPER,2022-11-27,398.0,398.0,387.2,394.0,18861,0.03,7392321.3
UPPER,2022-11-28,390.0,399.9,385.0,385.0,25920,-2.28,10115430.4
UPPER,2022-11-29,387.0,387.0,381.6,383.3,10473,-0.44,4020420.5
UPPER,2022-11-30,378.1,388.0,378.1,380.1,14173,-0.83,5436430.0
UPPER,2022-12-01,385.0,387.0,378.0,384.0,16431,1.03,6310129.5
UPPER,2022-12-04,380.0,387.0,376.0,384.0,27366,0.0,10494970.4
UPPER,2022-12-05,388.0,388.0,377.0,379.9,13416,-1.07,5107796.0
UPPER,2022-12-06,387.0,387.0,373.1,376.0,18363,-1.03,6920918.7
UPPER,2022-12-07,371.0,376.0,370.5,372.0,13102,-1.06,4884620.0
UPPER,2022-12-11,366.0,373.3,366.0,368.1,20467,-1.05,7573706.8
UPPER,2022-12-12,361.0,375.0,361.0,372.0,16482,1.06,6103111.2
UPPER,2022-12-13,379.4,394.0,379.4,391.0,76962,5.11,29965858.2
UPPER,2022-12-14,398.7,398.7,387.0,389.0,31902,-0.51,12453321.0
UPPER,2022-12-15,390.0,392.0,380.5,381.0,16747,-2.06,6417541.0
UPPER,2022-12-18,375.0,387.0,374.0,379.0,18406,-0.52,7003036.7
UPPER,2022-12-19,380.0,383.0,376.1,379.1,10669,0.03,4051706.0
UPPER,2022-12-20,379.0,385.2,379.0,383.0,14383,1.03,5490038.5
UPPER,2022-12-21,380.0,385.0,378.0,378.1,26811,-1.28,10205790.7
UPPER,2022-12-22,377.0,378.0,375.0,377.0,16038,-0.29,6030786.8
UPPER,2022-12-26,381.0,395.0,381.0,394.0,41041,4.51,16000015.2
UPPER,2022-12-27,399.0,433.4,399.0,427.0,140616,8.38,59086539.4
UPPER,2022-12-28,435.5,469.0,418.5,450.0,174937,5.39,78440038.9
UPPER,2022-12-29,458.0,473.0,446.0,469.0,97666,4.22,45137740.2
UPPER,2023-01-01,474.0,504.3,461.0,473.0,129093,0.85,61705701.2
UPPER,2023-01-02,478.0,478.0,455.0,471.0,77641,-0.42,36585638.6
UPPER,2023-01-03,475.0,480.0,466.5,469.0,57746,-0.42,27302263.9
UPPER,2023-01-04,468.0,481.0,465.0,474.0,70745,1.07,33544725.8
UPPER,2023-01-05,483.4,498.0,481.0,485.0,157476,2.32,76674737.8
UPPER,2023-01-08,490.0,520.0,480.0,508.0,267484,4.74,135636635.9
UPPER,2023-01-09,508.0,544.0,508.0,538.1,171000,5.93,90546577.0
UPPER,2023-01-10,548.7,581.4,535.0,544.0,277512,1.1,154280402.3
UPPER,2023-01-12,553.0,576.0,536.0,543.0,233977,-0.18,128499923.1
UPPER,2023-01-17,550.0,569.0,532.0,568.0,204818,4.6,113838159.5
UPPER,2023-01-18,557.1,590.0,557.1,567.0,169705,-0.18,97303513.6
UPPER,2023-01-19,562.0,572.0,560.0,564.5,100060,-0.44,56640313.6
UPPER,2023-01-23,567.0,569.0,550.0,551.0,137872,-2.39,77228974.9
UPPER,2023-01-24,546.0,566.1,538.0,566.1,166931,2.74,91636123.1
UPPER,2023-01-25,576.0,577.0,555.0,557.0,123806,-1.61,69734269.2
UPPER,2023-01-26,564.0,564.0,547.0,548.7,63121,-1.49,34884303.6
UPPER,2023-01-29,548.7,549.9,535.1,537.0,97998,-2.13,53159032.2
UPPER,2023-01-30,537.0,547.0,521.0,522.0,175726,-2.79,93592888.1
UPPER,2023-01-31,515.0,529.0,510.0,512.0,87208,-1.92,45062009.7
UPPER,2023-02-01,505.0,517.9,503.1,511.9,39750,-0.02,20318284.7
UPPER,2023-02-02,512.0,516.0,492.2,493.0,60346,-3.69,30213556.2
UPPER,2023-02-05,495.0,508.0,493.0,498.1,84638,1.03,42311257.0
UPPER,2023-02-06,490.3,514.0,490.3,510.0,55472,2.39,28119910.3
UPPER,2023-02-07,515.0,533.0,511.0,533.0,102223,4.51,53830311.6
UPPER,2023-02-08,530.0,540.6,519.0,520.0,92244,-2.44,48738805.2
UPPER,2023-02-09,519.0,527.0,515.0,526.0,49745,1.15,25910882.9
UPPER,2023-02-12,515.5,515.5,495.0,497.0,154636,-5.51,77610629.9
UPPER,2023-02-14,494.1,500.0,485.0,486.2,52562,-2.17,25728457.1
UPPER,2023-02-15,483.3,495.0,475.0,476.0,62052,-2.1,29854037.3
UPPER,2023-02-16,480.0,483.0,468.1,469.0,48507,-1.47,22908522.2
UPPER,2023-02-20,468.0,471.7,460.1,461.0,53751,-1.71,24930976.6
UPPER,2023-02-22,470.0,493.0,461.0,480.9,58693,4.32,28038756.3
UPPER,2023-02-23,476.0,476.0,466.1,469.0,44887,-2.47,21078868.1
UPPER,2023-02-26,460.0,484.0,435.0,477.0,85897,1.71,39423641.5
UPPER,2023-02-27,477.0,485.0,461.6,475.0,65210,-0.42,30705319.4
UPPER,2023-02-28,475.0,492.0,475.0,483.0,70508,1.68,34197465.7
UPPER,2023-03-01,492.6,500.0,475.0,475.0,179230,-1.66,87237085.8
UPPER,2023-03-02,484.5,484.5,465.0,465.0,47653,-2.11,22328931.3
UPPER,2023-03-05,469.0,470.0,451.1,451.1,33239,-2.99,15151151.3
UPPER,2023-03-07,451.0,472.0,451.0,465.1,51740,3.1,24022588.0
UPPER,2023-03-09,474.4,479.0,468.0,475.0,51117,2.13,24214216.7
UPPER,2023-03-12,484.5,484.5,463.6,470.0,66572,-1.05,31440101.3
UPPER,2023-03-13,461.2,471.5,461.0,463.6,25217,-1.36,11750595.9
UPPER,2023-03-14,456.0,470.0,456.0,465.0,21609,0.3,10082545.6
UPPER,2023-03-15,463.0,468.9,459.0,462.0,22786,-0.65,10533500.0
UPPER,2023-03-16,457.0,468.0,457.0,459.2,27805,-0.61,12786735.4
UPPER,2023-03-19,458.0,467.0,458.0,460.0,21991,0.17,10152940.3
UPPER,2023-03-20,460.1,481.0,460.1,480.0,46399,4.35,21894321.9
UPPER,2023-03-22,480.0,489.6,473.2,473.2,47982,-1.42,23075147.9
UPPER,2023-03-23,474.0,474.0,465.0,465.6,18844,-1.61,8812066.0
UPPER,2023-03-26,465.0,469.0,459.1,462.7,34454,-0.62,15889142.8
UPPER,2023-03-27,462.0,469.0,457.0,467.8,26033,1.1,12031934.8
UPPER,2023-03-28,473.0,478.0,465.2,472.0,30694,0.9,14492156.7
UPPER,2023-03-29,472.0,472.0,466.0,470.0,7247,-0.42,3400100.1
UPPER,2023-03-30,467.0,474.8,465.0,466.0,14786,-0.85,6928747.1
UPPER,2023-04-02,466.0,475.0,456.0,460.0,42500,-1.29,19687234.7
UPPER,2023-04-03,451.2,463.0,451.2,454.0,22321,-1.3,10181108.5
UPPER,2023-04-04,456.1,461.3,448.6,451.0,17494,-0.66,7924834.0
UPPER,2023-04-05,450.0,455.0,448.5,450.0,13711,-0.22,6188705.7
UPPER,2023-04-06,450.0,458.0,445.0,447.0,30691,-0.67,13801789.9
UPPER,2023-04-09,450.6,455.0,438.1,438.3,29368,-1.95,12981990.8
UPPER,2023-04-10,440.0,445.0,435.0,438.0,19893,-0.07,8727739.8
UPPER,2023-04-11,440.0,447.0,437.0,445.0,17365,1.6,7691906.1
UPPER,2023-04-12,447.0,468.0,447.0,466.8,40188,4.9,18498430.6
UPPER,2023-04-13,466.8,475.0,457.0,460.0,33170,-1.46,15314372.3
UPPER,2023-04-16,452.5,463.0,452.5,460.8,18246,0.17,8362577.8
UPPER,2023-04-17,452.3,460.0,449.0,450.1,17971,-2.32,8124931.4
UPPER,2023-04-18,455.0,455.0,442.0,446.8,19715,-0.73,8782944.9
UPPER,2023-04-19,453.0,458.0,446.0,448.0,14891,0.27,6676945.3
UPPER,2023-04-20,450.0,450.0,441.1,442.0,15004,-1.34,6661184.5
UPPER,2023-04-23,443.0,449.0,438.0,438.0,19861,-0.9,8739960.9
UPPER,2023-04-24,436.1,442.0,436.0,440.0,11801,0.46,5186621.4
UPPER,2023-04-25,436.2,446.7,436.2,441.0,17385,0.23,7688649.5
UPPER,2023-04-26,445.0,448.0,439.2,439.2,14543,-0.41,6414583.2
UPPER,2023-04-27,439.0,445.0,438.0,445.0,18402,1.32,8107048.1
UPPER,2023-04-30,440.0,440.0,435.0,435.4,13996,-2.16,6113713.0
UPPER,2023-05-02,430.6,438.0,430.5,434.9,12913,-0.11,5590468.8
UPPER,2023-05-03,433.0,433.0,428.0,428.0,11298,-1.59,4849729.4
UPPER,2023-05-04,421.0,436.0,421.0,434.9,17729,1.61,7631459.9
UPPER,2023-05-07,430.0,430.0,422.0,422.0,10358,-2.97,4401684.6
UPPER,2023-05-08,417.6,423.0,407.7,412.0,27548,-2.37,11357060.4
UPPER,2023-05-09,408.0,418.9,405.0,412.0,23668,0.0,9748612.7
UPPER,2023-05-10,407.3,413.0,407.3,409.0,9281,-0.73,3800577.8
UPPER,2023-05-11,400.9,413.0,400.9,408.0,14765,-0.24,6007888.5
UPPER,2023-05-14,408.0,415.0,398.0,400.0,29254,-1.96,11744935.7
UPPER,2023-05-15,395.0,400.0,388.0,395.0,29404,-1.25,11580733.8
UPPER,2023-05-16,396.0,398.0,391.1,397.0,16051,0.51,6331241.1
UPPER,2023-05-17,397.0,410.0,396.0,409.9,21913,3.25,8850462.3
UPPER,2023-05-18,409.0,420.0,404.0,417.9,26739,1.95,11080093.8
UPPER,2023-05-21,419.0,442.6,416.0,426.1,51598,1.96,21945818.5
UPPER,2023-05-22,430.0,444.0,422.0,437.1,41375,2.58,17964411.0
UPPER,2023-05-23,437.0,451.8,435.0,446.0,44078,2.04,19735611.8
UPPER,2023-05-24,450.0,455.9,440.1,454.0,57304,1.79,25719037.3
UPPER,2023-05-28,463.0,463.0,448.0,448.0,101783,-1.32,45839642.8
UPPER,2023-05-30,445.0,445.0,426.5,428.0,59321,-4.46,25797321.3
UPPER,2023-05-31,425.0,430.0,413.0,420.0,43286,-1.87,18212781.2
UPPER,2023-06-01,425.0,436.5,415.5,428.5,50374,2.02,21546992.9
UPPER,2023-06-04,420.0,447.0,420.0,438.0,37932,2.22,16589032.6
UPPER,2023-06-05,441.0,445.9,430.2,431.5,41166,-1.48,18017775.5
UPPER,2023-06-06,435.0,459.0,426.1,449.0,194237,4.06,85676229.7
UPPER,2023-06-07,457.9,462.9,447.0,449.0,76280,0.0,34739074.1
UPPER,2023-06-08,445.0,454.0,442.0,444.0,31956,-1.11,14268801.4
UPPER,2023-06-11,436.0,455.0,436.0,450.0,62431,1.35,28101107.9
UPPER,2023-06-12,451.0,476.0,446.0,454.1,89722,0.91,40942936.6
UPPER,2023-06-13,445.1,469.0,445.1,454.0,93832,-0.02,43164782.4
UPPER,2023-06-14,454.0,472.2,454.0,462.9,180233,1.96,83759857.1
UPPER,2023-06-15,465.0,480.0,463.0,472.5,126822,2.07,60101262.6
UPPER,2023-06-18,480.0,507.5,474.0,499.0,223473,5.61,110078581.0
UPPER,2023-06-19,499.0,508.0,486.1,493.0,114284,-1.2,56419857.3
UPPER,2023-06-20,493.0,514.0,470.0,475.8,120782,-3.49,59142440.3
UPPER,2023-06-21,482.5,486.0,465.2,468.0,87882,-1.64,41623670.6
UPPER,2023-06-22,475.5,475.5,454.0,455.0,79858,-2.78,36794837.6
UPPER,2023-06-25,455.1,477.0,455.0,477.0,81162,4.84,37673119.7
UPPER,2023-06-26,484.0,487.5,475.0,479.9,75401,0.61,36219161.2
UPPER,2023-06-27,489.4,489.4,470.0,479.0,84566,-0.19,40379008.1
UPPER,2023-06-28,479.1,483.0,462.4,462.4,96339,-3.47,45142168.1
UPPER,2023-07-02,462.0,462.0,446.0,446.0,67111,-3.55,30487259.0
UPPER,2023-07-03,450.0,458.9,441.1,446.0,69233,0.0,31075360.2
UPPER,2023-07-04,454.9,454.9,441.1,446.0,37180,0.0,16582476.7
UPPER,2023-07-05,453.9,453.9,431.0,431.5,58989,-3.25,25797148.6
UPPER,2023-07-06,426.0,474.0,425.0,474.0,86729,9.85,38169795.0
UPPER,2023-07-09,483.4,483.4,439.1,442.5,236023,-6.65,106268438.5
UPPER,2023-07-10,450.0,450.0,425.0,427.0,153128,-3.5,65767570.1
UPPER,2023-07-11,421.5,432.0,420.0,426.2,36401,-0.19,15571234.5
UPPER,2023-07-12,420.0,450.0,417.5,430.1,55912,0.92,24277643.7
UPPER,2023-07-13,438.7,445.0,424.0,429.0,78050,-0.26,33591960.3
UPPER,2023-07-16,437.5,437.5,423.1,426.8,38936,-0.51,16581372.9
UPPER,2023-07-17,425.0,429.9,421.1,427.0,26648,0.05,11363131.6
UPPER,2023-07-18,435.5,435.5,424.0,424.9,43545,-0.49,18608706.8
UPPER,2023-07-19,417.0,431.0,417.0,422.8,40559,-0.49,17237361.4
UPPER,2023-07-20,429.5,429.5,421.1,425.0,34022,0.52,14446425.6
UPPER,2023-07-23,426.0,434.9,421.5,430.0,48251,1.18,20750741.0
UPPER,2023-07-24,430.0,434.9,423.6,426.0,43972,-0.93,18825794.4
UPPER,2023-07-25,423.3,430.6,420.1,420.7,37334,-1.24,15771571.3
UPPER,2023-07-26,423.5,426.0,417.5,418.0,36288,-0.64,15254084.6
UPPER,2023-07-27,417.1,425.0,414.0,414.5,48649,-0.84,20311206.8
UPPER,2023-07-30,415.0,421.0,409.0,409.0,54051,-1.33,22218137.6
UPPER,2023-07-31,410.0,413.0,404.0,405.0,52905,-0.98,21526357.6
UPPER,2023-08-01,405.0,429.0,405.0,410.0,210181,1.23,87403885.2
UPPER,2023-08-02,418.0,418.0,400.0,406.9,145237,-0.76,59180925.2
UPPER,2023-08-03,415.0,415.0,399.9,400.0,113790,-1.7,45871639.7
UPPER,2023-08-06,406.0,406.0,388.0,388.5,119314,-2.88,46779647.1
UPPER,2023-08-07,386.0,393.0,380.0,381.0,121621,-1.93,46733984.1
UPPER,2023-08-08,374.0,386.0,374.0,378.7,90774,-0.6,34687365.0
UPPER,2023-08-09,372.0,379.8,372.0,379.0,118203,0.08,44446729.9
UPPER,2023-08-10,386.0,388.7,379.0,386.1,291790,1.87,112551058.9
UPPER,2023-08-13,247.9,267.3,247.9,255.6,182028,5.16,46373424.0
UPPER,2023-08-14,255.6,259.0,246.0,246.9,102633,-3.4,25631417.3
UPPER,2023-08-15,249.0,251.0,242.0,242.2,41303,-1.9,10080083.4
UPPER,2023-08-16,237.4,237.4,231.0,233.0,68347,-3.8,15953671.8
UPPER,2023-08-17,236.0,239.0,233.0,234.0,32877,0.43,7752151.1
UPPER,2023-08-20,236.0,236.0,223.0,224.0,54309,-4.27,12300524.6
UPPER,2023-08-21,224.0,226.0,217.8,218.0,63401,-2.68,14018775.3
UPPER,2023-08-22,218.0,222.0,215.0,221.0,37222,1.38,8145791.2
UPPER,2023-08-23,221.0,230.0,218.0,229.9,39779,4.03,8978106.7
UPPER,2023-08-24,232.0,240.0,226.4,226.5,49345,-1.48,11541342.0
UPPER,2023-08-27,228.0,231.0,220.0,223.1,23135,-1.5,5206902.4
UPPER,2023-08-28,222.0,228.5,222.0,225.1,25519,0.9,5759841.3
UPPER,2023-08-29,226.0,227.1,221.1,222.0,20034,-1.38,4471815.0
UPPER,2023-08-30,222.0,224.0,221.2,222.5,24252,0.23,5398524.6
UPPER,2023-09-03,226.0,226.0,217.0,218.0,40336,-2.02,8855294.4
UPPER,2023-09-04,221.0,221.9,217.0,218.5,24267,0.23,5304818.3
UPPER,2023-09-05,218.0,220.0,214.5,216.5,32220,-0.92,6976896.8
UPPER,2023-09-07,220.0,220.0,207.8,208.1,51336,-3.88,10810544.0
UPPER,2023-09-10,210.0,210.0,198.0,201.0,68349,-3.41,13767192.3
UPPER,2023-09-11,202.0,204.0,197.1,203.6,60757,1.29,12221846.7
UPPER,2023-09-12,205.9,206.0,201.0,201.0,20696,-1.28,4185449.8
UPPER,2023-09-13,202.0,204.7,199.5,204.7,50817,1.84,10248902.9
UPPER,2023-09-17,204.0,207.0,199.3,200.1,58906,-2.25,11856783.6
UPPER,2023-09-18,200.0,201.0,199.0,200.0,35090,-0.05,7019174.5
UPPER,2023-09-19,203.0,205.5,200.0,204.0,44385,2.0,8977883.5
UPPER,2023-09-21,208.0,219.7,208.0,216.0,101891,5.88,21984748.3
UPPER,2023-09-24,220.0,220.3,212.0,216.5,67657,0.23,14706314.0
UPPER,2023-09-25,220.0,220.0,215.0,216.5,22745,0.0,4941525.7
UPPER,2023-09-26,216.0,223.0,216.0,220.4,44222,1.8,9744064.3
UPPER,2023-09-27,222.0,222.0,215.6,217.4,32979,-1.36,7191195.5
UPPER,2023-10-01,217.0,217.0,210.0,211.0,28259,-2.94,6017284.1
UPPER,2023-10-02,206.8,215.0,202.0,212.0,36861,0.47,7756370.4
UPPER,2023-10-03,213.5,216.0,209.0,210.6,28007,-0.66,5944132.5
UPPER,2023-10-04,207.2,214.8,207.2,211.2,27097,0.28,5767158.5
UPPER,2023-10-05,210.0,213.3,208.0,209.9,31788,-0.62,6690520.7
UPPER,2023-10-08,214.0,219.0,203.0,206.8,33473,-1.48,6927130.8
UPPER,2023-10-09,202.7,208.0,202.7,207.0,28118,0.1,5782817.6
UPPER,2023-10-10,210.0,210.0,200.0,200.0,45648,-3.38,9224548.2
UPPER,2023-10-11,201.0,204.0,200.0,203.5,35452,1.75,7154815.3
UPPER,2023-10-12,204.4,204.4,200.0,200.0,27263,-1.72,5466118.1
UPPER,2023-10-16,200.0,200.0,195.5,195.5,37519,-2.25,7418125.6
UPPER,2023-10-17,198.0,203.0,196.0,196.0,30636,0.26,6078575.8
UPPER,2023-10-18,198.0,204.0,197.0,204.0,19067,4.08,3818529.3
UPPER,2023-10-19,208.0,208.0,200.0,201.0,18019,-1.47,3635050.5
UPPER,2023-10-29,201.0,201.0,197.0,201.0,16328,0.0,3261289.9
UPPER,2023-10-30,203.0,203.0,198.0,199.0,13848,-1.0,2755729.3
UPPER,2023-10-31,199.0,201.0,196.0,199.0,18575,0.0,3704892.1
UPPER,2023-11-01,199.0,201.0,197.0,197.5,18371,-0.75,3650162.5
UPPER,2023-11-02,199.0,200.0,195.0,196.2,14227,-0.66,2790797.4
UPPER,2023-11-05,199.0,199.0,190.0,192.0,18566,-2.14,3548694.5
UPPER,2023-11-06,194.8,195.0,191.0,192.8,15805,0.42,3046155.3
UPPER,2023-11-07,195.0,195.0,191.5,193.9,16156,0.57,3122954.9
UPPER,2023-11-08,193.9,195.9,192.0,193.9,9598,0.0,1856003.3
UPPER,2023-11-09,193.9,196.7,191.2,193.9,22602,0.0,4377624.5
UPPER,2023-11-20,196.0,200.0,195.0,196.6,26776,1.39,5283270.5
UPPER,2023-11-21,192.7,198.9,191.0,193.0,28559,-1.83,5530739.1
UPPER,2023-11-22,196.5,196.5,190.0,195.0,12436,1.04,2411063.9
UPPER,2023-11-23,195.0,197.0,193.0,196.2,18340,0.62,3590895.1
UPPER,2023-11-26,199.0,200.0,197.0,199.0,27614,1.43,5501183.5
UPPER,2023-11-27,202.9,205.0,201.1,203.7,30263,2.36,6138878.1
UPPER,2023-11-28,200.0,204.0,200.0,202.5,13046,-0.59,2641365.7
UPPER,2023-11-29,202.0,206.0,200.0,201.0,13245,-0.74,2674860.1
UPPER,2023-11-30,198.1,201.0,197.0,198.0,16349,-1.49,3245017.2
UPPER,2023-12-03,198.1,199.9,196.0,197.7,12636,-0.15,2491271.2
UPPER,2023-12-04,196.0,198.8,196.0,196.2,11648,-0.76,2296134.3
UPPER,2023-12-05,198.0,198.0,195.0,196.8,11815,0.31,2321795.9
UPPER,2023-12-06,197.0,197.8,193.0,194.0,19659,-1.42,3842851.3
UPPER,2023-12-07,196.0,197.0,193.0,195.0,13955,0.52,2731337.5
UPPER,2023-12-10,198.9,214.0,197.0,214.0,4086,9.74,848512.0
UPPER,2023-12-11,218.2,222.5,205.5,212.0,92991,-0.93,19890866.3
UPPER,2023-12-12,210.0,216.0,208.0,212.0,37891,0.0,8074858.8
UPPER,2023-12-13,212.0,215.0,209.0,211.0,40464,-0.47,8584636.1
UPPER,2023-12-14,215.0,215.0,206.0,206.0,40520,-2.37,8427291.5
UPPER,2023-12-17,205.0,214.9,199.0,214.5,96457,4.13,20187193.5
UPPER,2023-12-18,216.0,227.0,216.0,221.0,126634,3.03,28243279.2
UPPER,2023-12-19,222.5,225.4,217.7,221.9,59592,0.41,13190530.0
UPPER,2023-12-20,226.3,226.3,215.3,221.5,96871,-0.18,21446255.0
UPPER,2023-12-21,225.9,225.9,216.1,217.9,66689,-1.63,14603662.4
UPPER,2023-12-24,218.5,218.5,211.0,214.0,64646,-1.79,13922601.3
UPPER,2023-12-27,215.0,218.0,208.0,209.0,70808,-2.34,15026721.8
UPPER,2023-12-28,212.0,212.0,203.0,204.5,54351,-2.15,11132592.8
UPPER,2024-01-01,208.5,208.5,196.9,199.0,106482,-2.69,21302597.7
UPPER,2024-01-02,199.1,202.0,194.5,195.9,72141,-1.56,14152925.9
UPPER,2024-01-03,193.0,200.0,193.0,199.9,50836,2.04,10021363.1
UPPER,2024-01-04,200.0,203.5,198.0,199.5,94739,-0.2,18970866.1
UPPER,2024-01-07,203.4,205.0,200.0,201.9,95328,1.2,19302089.2
UPPER,2024-01-08,202.9,204.0,198.7,200.0,68569,-0.94,13701775.1
UPPER,2024-01-09,204.0,205.0,197.2,198.0,110148,-1.0,22039281.0
UPPER,2024-01-10,201.9,201.9,195.5,196.8,72012,-0.61,14223199.7
UPPER,2024-01-11,197.0,197.9,193.6,197.9,84363,0.56,16520952.7
UPPER,2024-01-14,197.9,213.1,196.0,211.5,233902,6.87,47498002.5
UPPER,2024-01-16,212.0,232.6,211.5,232.6,303258,9.98,68865884.3
UPPER,2024-01-17,237.2,255.8,232.6,248.0,342686,6.62,87075826.9
UPPER,2024-01-18,250.0,251.0,226.0,236.0,352991,-4.84,83745895.5
UPPER,2024-01-21,240.7,252.0,227.0,240.0,301208,1.69,72387060.0
UPPER,2024-01-22,244.8,244.8,221.0,226.5,205531,-5.63,47271184.9
UPPER,2024-01-23,223.5,231.0,220.6,224.8,89288,-0.75,20022140.9
UPPER,2024-01-24,229.2,229.2,218.0,220.0,119674,-2.14,26460542.2
UPPER,2024-01-25,216.0,223.0,216.0,217.0,73150,-1.36,15969348.6
UPPER,2024-01-28,220.0,220.8,215.0,218.0,68484,0.46,14906781.7
UPPER,2024-01-29,219.0,222.0,215.0,216.0,68169,-0.92,14871752.3
UPPER,2024-01-30,216.0,220.3,214.0,217.0,73954,0.46,16127175.3
UPPER,2024-01-31,212.7,222.0,212.7,215.0,78593,-0.92,16979309.1
UPPER,2024-02-01,219.3,219.3,209.7,210.0,89528,-2.33,18955417.1
UPPER,2024-02-04,211.0,213.0,206.0,207.0,53560,-1.43,11151925.2
UPPER,2024-02-05,209.0,210.0,205.0,208.0,37775,0.48,7844566.5
UPPER,2024-02-06,210.0,210.0,205.0,209.0,45363,0.48,9410073.7
UPPER,2024-02-07,211.0,213.1,209.1,210.7,40580,0.81,8600063.9
UPPER,2024-02-08,213.8,216.0,212.0,215.0,50475,2.04,10826876.1
UPPER,2024-02-11,218.0,221.4,215.0,215.0,70251,0.0,15370003.3
UPPER,2024-02-12,219.0,219.3,215.0,216.0,44449,0.47,9636984.8
UPPER,2024-02-13,220.0,220.0,211.1,212.0,40821,-1.85,8705088.1
UPPER,2024-02-14,210.0,213.0,208.0,210.0,28204,-0.94,5936649.8
UPPER,2024-02-15,207.1,210.3,207.0,208.0,40166,-0.95,8370348.9
UPPER,2024-02-18,205.0,210.0,205.0,205.1,38265,-1.39,7904031.9
UPPER,2024-02-20,208.0,208.0,203.0,204.5,37843,-0.29,7766253.5
UPPER,2024-02-21,207.0,207.0,202.0,203.0,52209,-0.73,10640756.4
UPPER,2024-02-22,205.9,205.9,198.9,198.9,64079,-2.02,12825839.9
UPPER,2024-02-25,196.1,199.9,195.0,195.3,49339,-1.81,9679694.8
UPPER,2024-02-26,193.7,207.8,193.6,204.0,42511,4.45,8509411.5
UPPER,2024-02-27,206.0,207.0,200.3,202.0,15458,-0.98,3131147.3
UPPER,2024-02-28,202.0,202.0,198.2,200.0,23984,-0.99,4806184.1
UPPER,2024-02-29,203.9,203.9,197.0,197.0,44968,-1.5,8910624.3
UPPER,2024-03-03,200.0,200.9,196.0,196.0,27471,-0.51,5438848.9
UPPER,2024-03-04,199.9,214.2,199.9,214.2,1886,9.29,400018.0
UPPER,2024-03-05,218.0,218.0,205.0,205.0,81268,-4.3,17085050.6
UPPER,2024-03-06,205.0,210.0,201.9,205.0,35524,0.0,7307368.9
UPPER,2024-03-07,209.0,209.1,204.0,206.8,28301,0.88,5845924.9
UPPER,2024-03-10,210.1,210.1,205.0,205.0,26708,-0.87,5514401.4
UPPER,2024-03-12,200.9,205.0,196.9,204.0,108916,-0.49,22062199.4
UPPER,2024-03-13,200.0,200.0,183.6,183.6,846146,-10.0,155448625.8
UPPER,2024-03-14,180.0,190.7,170.0,187.9,2768765,2.34,508908099.6
UPPER,2024-03-17,190.0,190.0,182.5,182.8,747877,-2.71,137881654.3
UPPER,2024-03-18,183.0,183.1,178.0,181.6,642591,-0.66,116415550.6
UPPER,2024-03-19,183.0,183.7,180.0,180.8,384979,-0.44,69891976.3
UPPER,2024-03-20,184.4,184.4,180.0,180.1,390479,-0.39,70568967.3
UPPER,2024-03-21,180.1,181.9,178.3,179.5,306491,-0.33,54972079.9
UPPER,2024-03-25,180.0,181.0,175.5,176.0,256039,-1.95,45256173.8
UPPER,2024-03-26,176.0,178.8,175.5,176.9,219433,0.51,38776697.9
UPPER,2024-03-27,179.0,179.0,175.1,175.4,160825,-0.85,28365811.9
UPPER,2024-03-28,175.0,176.9,174.0,175.0,212852,-0.23,37280054.6
UPPER,2024-03-31,175.0,178.2,173.2,173.6,192663,-0.8,33640478.4
UPPER,2024-04-01,174.5,174.5,171.0,171.5,226187,-1.21,38911143.6
UPPER,2024-04-02,169.0,173.0,169.0,170.2,190566,-0.76,32500790.1
UPPER,2024-04-03,173.6,173.6,168.1,169.6,169746,-0.35,28802651.9
UPPER,2024-04-04,172.9,172.9,168.0,169.0,160768,-0.35,27157494.9
UPPER,2024-04-07,170.0,171.0,168.3,170.9,174686,1.12,29621554.2
UPPER,2024-04-09,170.0,174.6,170.0,172.8,184830,1.11,31923118.1
UPPER,2024-04-10,173.0,175.9,170.5,171.6,124431,-0.69,21478123.1
UPPER,2024-04-14,173.8,173.8,169.0,169.2,136000,-1.4,23214489.0
UPPER,2024-04-15,171.9,171.9,168.3,168.3,135711,-0.53,22975117.1
UPPER,2024-04-16,168.3,169.0,166.0,166.1,139073,-1.31,23264521.3
UPPER,2024-04-18,168.0,168.0,164.1,164.9,133857,-0.72,22099046.6
UPPER,2024-04-21,167.0,167.1,163.1,167.1,123408,1.33,20318303.2
UPPER,2024-04-22,170.0,170.4,165.0,165.5,128956,-0.96,21560571.1
UPPER,2024-04-24,168.0,168.0,165.1,166.5,55505,0.6,9248976.5
UPPER,2024-04-25,168.0,168.0,165.0,165.6,72792,-0.54,12076452.8
UPPER,2024-04-28,166.0,168.0,164.5,165.5,90858,-0.06,15018831.5
UPPER,2024-04-29,166.0,168.0,163.7,163.7,90940,-1.09,15010365.0
UPPER,2024-04-30,165.9,170.2,163.5,167.4,111266,2.26,18539733.8
UPPER,2024-05-02,170.7,170.7,164.4,164.7,101638,-1.61,16925612.1
UPPER,2024-05-05,164.7,167.9,162.2,162.5,114827,-1.34,18778235.7
UPPER,2024-05-06,162.5,164.0,161.6,162.8,81349,0.18,13200271.8
UPPER,2024-05-07,165.0,165.0,160.3,161.0,64964,-1.11,10492407.6
UPPER,2024-05-08,162.0,162.5,160.0,160.6,76669,-0.25,12322024.6
UPPER,2024-05-09,163.8,163.8,160.0,160.9,98917,0.19,15869118.7
UPPER,2024-05-12,162.0,164.0,161.9,162.5,91692,0.99,14934492.7
UPPER,2024-05-13,165.0,165.0,162.5,164.7,67578,1.35,11089328.0
UPPER,2024-05-14,165.0,168.0,165.0,167.8,77611,1.88,12949508.6
UPPER,2024-05-15,171.0,171.0,165.9,166.0,95754,-1.07,16055572.2
UPPER,2024-05-16,169.0,169.0,164.0,164.0,82467,-1.2,13625269.8
UPPER,2024-05-19,167.2,167.2,164.0,164.5,167550,0.3,27650387.0
UPPER,2024-05-20,167.6,168.4,165.0,165.4,152138,0.55,25272071.3
UPPER,2024-05-21,164.0,170.5,164.0,166.5,114143,0.67,18993372.0
UPPER,2024-05-22,166.7,168.0,165.0,166.0,153432,-0.3,25572272.7
UPPER,2024-05-26,168.4,168.4,165.0,165.7,106966,-0.18,17736716.5
UPPER,2024-05-27,165.0,167.0,165.0,165.9,91780,0.12,15203969.3
UPPER,2024-05-29,169.2,169.2,164.5,164.5,108999,-0.84,18058140.5
UPPER,2024-05-30,166.0,166.0,162.6,162.7,86543,-1.09,14142450.6
UPPER,2024-06-02,162.1,165.0,160.3,162.5,101185,-0.12,16429211.2
UPPER,2024-06-03,160.1,164.8,160.1,161.7,82106,-0.49,13314547.1
UPPER,2024-06-04,162.0,163.5,161.1,162.7,79666,0.62,12906875.1
UPPER,2024-06-05,163.0,164.0,161.0,161.9,51164,-0.49,8263314.9
UPPER,2024-06-06,161.0,162.0,160.6,160.9,94749,-0.62,15261216.6
UPPER,2024-06-09,160.0,162.9,159.3,160.0,129965,-0.56,20815549.5
UPPER,2024-06-10,159.0,162.0,159.0,159.9,124855,-0.06,19966125.9
UPPER,2024-06-11,163.0,163.3,159.9,162.9,143675,1.88,23310759.9
UPPER,2024-06-12,164.5,166.0,162.0,162.2,113045,-0.43,18446814.7
UPPER,2024-06-13,164.6,164.6,160.0,160.0,111082,-1.36,17900325.8
UPPER,2024-06-16,160.0,162.0,159.8,161.0,108900,0.63,17525652.5
UPPER,2024-06-18,161.0,161.5,159.6,159.8,98279,-0.75,15749643.0
UPPER,2024-06-19,161.0,161.7,159.0,159.0,111590,-0.5,17806114.7
UPPER,2024-06-20,162.1,162.1,157.0,158.2,138421,-0.5,21901338.9
UPPER,2024-06-23,157.5,160.0,156.0,157.0,110350,-0.76,17366939.2
UPPER,2024-06-24,156.0,158.0,155.7,156.0,93277,-0.64,14605719.4
UPPER,2024-06-25,152.9,158.0,152.9,156.0,88047,0.0,13752809.9
UPPER,2024-06-26,156.1,158.0,155.0,155.0,73370,-0.64,11407598.7
UPPER,2024-06-27,156.0,156.9,154.0,154.3,83573,-0.45,12942534.1
UPPER,2024-06-30,154.3,154.9,152.6,153.1,90311,-0.78,13882702.6
UPPER,2024-07-01,152.5,155.0,152.1,154.0,48510,0.59,7464154.0
UPPER,2024-07-02,157.0,166.5,156.0,158.8,207867,3.12,33185407.0
UPPER,2024-07-03,160.9,160.9,156.0,157.9,51616,-0.57,8127405.8
UPPER,2024-07-04,159.89,159.89,156.8,157.0,70761,-0.57,11155073.0
UPPER,2024-07-07,157.0,158.7,154.5,158.1,106373,0.7,16692444.8
UPPER,2024-07-08,158.0,160.0,156.5,157.0,60491,-0.7,9536707.86
UPPER,2024-07-09,157.0,158.5,155.1,158.0,75388,0.64,11862588.1
UPPER,2024-07-10,161.1,161.1,157.4,158.7,122433,0.44,19411977.3
UPPER,2024-07-11,161.7,161.7,159.1,160.5,187354,1.13,29985566.8
UPPER,2024-07-14,163.7,171.6,162.0,171.0,429727,6.54,71623604.1
UPPER,2024-07-15,174.4,180.0,168.0,176.7,2174728,3.33,370872589.6
UPPER,2024-07-16,180.2,187.0,175.0,186.7,677700,5.66,123509966.2
UPPER,2024-07-17,190.4,194.9,184.6,189.6,821773,1.55,156375652.2
UPPER,2024-07-18,193.3,193.3,184.3,188.6,2082349,-0.53,389101841.8
UPPER,2024-07-21,190.0,191.0,184.1,189.3,605821,0.37,114344709.7
UPPER,2024-07-22,193.0,193.8,185.0,191.5,932595,1.16,176211167.6
UPPER,2024-07-23,191.5,204.9,190.0,203.6,967741,6.32,191870202.1
UPPER,2024-07-24,205.0,222.0,204.0,213.9,1376794,5.06,294733265.8
UPPER,2024-07-25,218.1,218.1,206.0,211.3,766187,-1.22,162459128.5
UPPER,2024-07-28,215.5,230.0,211.0,217.0,628104,2.7,135788430.0
UPPER,2024-07-29,220.0,221.0,210.7,213.0,635579,-1.84,136983245.8
UPPER,2024-07-30,213.0,216.0,203.9,211.0,613554,-0.94,129016890.5
UPPER,2024-07-31,213.0,218.9,211.0,215.7,986904,2.23,212899475.6
UPPER,2024-08-01,219.0,219.8,213.0,215.0,928895,-0.32,199866501.1
UPPER,2024-08-05,216.0,218.9,212.1,215.1,762161,0.05,164085509.4
UPPER,2024-08-06,210.9,217.0,199.9,200.0,956826,-7.02,198202584.4
UPPER,2024-08-07,200.0,209.9,197.0,209.1,592838,4.55,121562369.7
UPPER,2024-08-08,213.2,219.0,210.0,213.0,888517,1.87,190493016.7
UPPER,2024-08-11,217.2,234.3,215.0,234.3,2451686,10.0,552535001.6
UPPER,2024-08-12,238.9,257.0,238.9,254.9,1958240,8.79,491391767.9
UPPER,2024-08-13,259.0,263.0,248.5,256.8,1419070,0.75,363817342.2
UPPER,2024-08-14,256.0,274.0,245.0,270.5,1839917,5.33,469903863.7
UPPER,2024-08-15,273.0,295.0,273.0,286.0,1718044,5.73,490596457.8
UPPER,2024-08-18,286.0,292.0,272.0,276.0,1540050,-3.5,431899932.0
UPPER,2024-08-21,281.0,286.0,265.4,266.1,1001536,-3.59,271328071.6
UPPER,2024-08-22,266.1,274.0,260.0,267.0,860860,0.34,229469648.5
UPPER,2024-08-25,270.0,270.0,253.5,254.2,975373,-4.79,252521182.6
UPPER,2024-08-27,259.2,259.2,235.5,238.0,1309527,-6.37,316960947.0
UPPER,2024-08-28,242.0,250.8,238.0,240.3,746701,0.97,182607676.6
UPPER,2024-08-29,239.0,243.7,232.0,235.8,557633,-1.87,132032958.2
UPPER,2024-09-01,236.0,241.0,224.0,228.0,573541,-3.31,132502904.8
UPPER,2024-09-02,228.0,249.5,224.0,248.5,827308,8.99,197205763.4
UPPER,2024-09-03,253.4,258.0,248.0,248.8,686357,0.12,173045431.9
UPPER,2024-09-04,253.7,253.7,236.3,238.0,511755,-4.34,123065507.7
UPPER,2024-09-05,235.0,239.9,229.5,233.0,405923,-2.1,94789255.4
UPPER,2024-09-08,237.0,241.0,229.4,229.8,309045,-1.37,72382400.0
UPPER,2024-09-09,232.1,234.3,223.5,224.0,381321,-2.52,86058578.2
UPPER,2024-09-10,225.0,231.0,220.0,222.0,308371,-0.89,69190323.9
UPPER,2024-09-11,226.4,226.4,216.0,217.9,263653,-1.85,57862135.2
UPPER,2024-09-12,219.9,233.0,216.2,230.0,444479,5.55,99800182.1
UPPER,2024-09-15,234.0,237.0,224.0,225.0,426514,-2.17,98993579.7
UPPER,2024-09-16,225.0,225.0,218.0,219.0,327638,-2.67,72123260.4
UPPER,2024-09-18,219.0,221.7,215.1,217.5,239553,-0.68,52198744.1
UPPER,2024-09-22,217.0,233.0,217.0,219.0,218619,0.69,48445956.2
UPPER,2024-09-23,219.0,220.0,211.8,212.8,227912,-2.83,48877987.8
UPPER,2024-09-24,213.0,215.0,203.4,205.1,275125,-3.62,57002674.5
UPPER,2024-09-25,205.1,212.5,201.0,210.5,320637,2.63,66569033.7
UPPER,2024-09-26,213.7,216.0,202.7,205.0,243148,-2.61,50674055.3
UPPER,2024-09-29,200.9,202.0,192.0,198.0,360489,-3.41,71332932.1
UPPER,2024-09-30,201.5,201.5,194.2,199.0,213030,0.51,42171445.0
UPPER,2024-10-01,201.0,215.0,198.0,214.9,491877,7.99,103016367.2
UPPER,2024-10-02,217.0,218.0,208.0,212.0,345320,-1.35,73493673.7
UPPER,2024-10-06,212.0,216.0,207.8,214.5,251740,1.18,53470712.9
UPPER,2024-10-07,218.0,224.0,218.0,221.0,225307,3.03,49877223.8
UPPER,2024-10-08,221.0,223.0,216.0,217.0,167610,-1.81,36660872.5
UPPER,2024-10-09,218.8,221.0,214.1,216.0,141693,-0.46,30808474.6
UPPER,2024-10-15,216.0,219.9,216.0,219.0,70676,1.39,15451522.5
UPPER,2024-10-16,222.0,228.0,220.0,227.5,261822,3.88,59098457.5
UPPER,2024-10-17,229.0,231.9,226.0,227.0,242241,-0.22,55391721.3
UPPER,2024-10-20,222.5,225.5,215.7,220.3,284470,-2.95,63119868.1
UPPER,2024-10-21,219.6,222.0,213.7,214.0,317069,-2.86,68560036.6
UPPER,2024-10-22,211.0,218.5,211.0,216.0,159786,0.93,34499229.7
UPPER,2024-10-23,211.8,220.4,211.8,214.2,114634,-0.83,24848581.3
UPPER,2024-10-24,214.0,216.0,212.0,213.0,182723,-0.56,39042164.3
UPPER,2024-10-27,215.0,216.0,210.1,214.0,112319,0.47,23959263.2
UPPER,2024-10-28,211.0,217.0,211.0,215.8,103866,0.84,22373617.9
UPPER,2024-10-29,215.0,224.0,215.0,221.0,281509,2.41,62353930.9
UPPER,2024-10-30,221.2,224.0,216.2,218.5,132061,-1.13,28976061.1
UPPER,2024-11-05,221.0,222.0,218.0,219.0,81837,0.23,18010409.9
UPPER,2024-11-06,219.0,219.0,214.3,215.9,131888,-1.42,28452552.5
UPPER,2024-11-10,217.0,226.0,217.0,226.0,374370,4.68,83720172.3
UPPER,2024-11-11,221.5,230.0,221.5,224.0,297707,-0.88,67444419.2
UPPER,2024-11-12,225.0,226.5,219.0,220.0,182586,-1.79,40654660.1
UPPER,2024-11-13,218.1,221.0,216.0,217.8,191047,-1.0,41589981.3
UPPER,2024-11-14,222.1,222.1,216.1,218.5,192485,0.32,42089060.2
UPPER,2024-11-17,222.8,226.9,217.9,218.5,233876,0.0,51637045.0
UPPER,2024-11-19,217.1,222.0,216.0,216.4,197248,-0.96,42891338.6
UPPER,2024-11-20,216.4,218.0,213.6,216.8,143638,0.18,31065412.3
UPPER,2024-11-21,217.0,219.0,213.0,213.6,194136,-1.48,41675097.8
UPPER,2024-11-24,213.6,217.8,212.0,212.3,162743,-0.61,34799341.2
UPPER,2024-11-25,216.5,216.5,211.0,212.7,137690,0.19,29228923.7
UPPER,2024-11-26,216.9,217.9,213.0,216.2,155981,1.65,33599181.6
UPPER,2024-11-27,220.0,220.0,216.0,217.9,235371,0.79,51266431.0
UPPER,2024-11-28,219.0,219.1,213.8,216.0,204316,-0.87,44064870.0
UPPER,2024-12-01,215.0,215.0,211.0,214.0,158794,-0.93,33916245.6
UPPER,2024-12-02,214.0,221.0,213.0,213.9,201769,-0.05,43692063.9
UPPER,2024-12-03,218.0,218.0,213.2,214.1,144716,0.09,31139859.4
UPPER,2024-12-04,218.3,223.5,215.0,217.2,497963,1.45,109444271.8
UPPER,2024-12-05,221.5,222.0,214.0,215.6,234261,-0.74,50857677.5
UPPER,2024-12-08,213.0,216.9,211.8,212.0,163105,-1.67,34735408.1
UPPER,2024-12-09,211.5,214.9,211.5,212.0,154830,0.0,32869465.0
UPPER,2024-12-10,214.0,214.0,211.0,212.8,91668,0.38,19429807.8
UPPER,2024-12-11,210.1,214.0,210.1,213.4,113431,0.28,24105718.1
UPPER,2024-12-12,217.6,217.6,210.0,210.5,149444,-1.36,31654017.0
UPPER,2024-12-16,210.0,211.3,207.0,208.0,181095,-1.19,37798765.7
UPPER,2024-12-17,206.0,210.0,204.0,206.5,110632,-0.72,22875084.1
UPPER,2024-12-18,208.0,210.0,205.0,205.0,105160,-0.73,21701728.6
UPPER,2024-12-19,204.1,206.9,203.7,204.0,128590,-0.49,26308190.9
UPPER,2024-12-22,208.0,208.0,201.2,202.0,189799,-0.98,38501834.3
UPPER,2024-12-23,202.1,207.0,201.0,206.9,159275,2.43,32600599.3
UPPER,2024-12-24,206.1,208.5,205.0,205.5,105007,-0.68,21705204.5
UPPER,2024-12-26,206.0,209.5,204.0,207.6,142022,1.02,29510113.5
UPPER,2024-12-29,204.0,208.8,203.0,204.0,115693,-1.73,23707307.0
UPPER,2024-12-31,204.0,206.0,201.0,201.3,143276,-1.32,28939233.2
UPPER,2025-01-01,202.0,205.0,201.3,202.5,52355,0.6,10621054.0
UPPER,2025-01-02,206.5,206.5,202.0,202.6,79342,0.05,16096291.7
UPPER,2025-01-05,204.5,204.5,201.1,202.3,96088,-0.15,19455522.7
UPPER,2025-01-06,206.3,207.3,203.0,206.9,138215,2.27,28372702.2
UPPER,2025-01-07,211.0,211.0,205.5,206.9,108035,0.0,22430180.0
UPPER,2025-01-08,206.0,208.9,205.0,205.9,82895,-0.48,17095060.1
UPPER,2025-01-09,205.0,205.0,200.0,204.2,265316,-0.83,53594634.4
UPPER,2025-01-12,208.2,208.2,201.0,201.5,102171,-1.32,20678677.0
UPPER,2025-01-13,203.0,203.8,199.6,200.0,149241,-0.74,29894719.1
UPPER,2025-01-15,203.0,203.0,199.0,200.0,111416,0.0,22337512.7
UPPER,2025-01-16,200.0,202.9,198.5,199.1,103179,-0.45,20601219.7
UPPER,2025-01-19,199.0,201.5,198.5,200.1,103176,0.5,20643663.8
UPPER,2025-01-20,200.1,202.5,199.2,200.6,94842,0.25,19046923.6
UPPER,2025-01-21,199.0,202.6,199.0,200.4,77141,-0.1,15518938.0
UPPER,2025-01-22,202.4,206.0,200.2,204.9,187815,2.25,38234949.2
UPPER,2025-01-23,205.0,206.9,201.0,201.7,136197,-1.56,27682070.0
UPPER,2025-01-26,200.0,205.0,200.0,203.1,141642,0.69,28694604.4
UPPER,2025-01-27,199.1,206.0,199.1,201.5,100050,-0.79,20244449.9
UPPER,2025-01-28,204.9,204.9,200.0,201.7,183431,0.1,36957928.8
UPPER,2025-02-02,202.0,210.9,201.0,210.5,356333,4.36,74142186.3
UPPER,2025-02-03,210.0,215.0,207.9,209.5,288109,-0.48,60689959.4
UPPER,2025-02-04,209.5,210.0,205.1,206.1,138696,-1.62,28740670.4
UPPER,2025-02-05,207.6,209.3,205.0,206.0,126921,-0.05,26213445.9
UPPER,2025-02-06,201.9,210.0,201.9,204.0,138900,-0.97,28498742.4
UPPER,2025-02-09,207.0,208.0,203.0,203.2,101420,-0.39,20710710.4
UPPER,2025-02-10,205.4,206.0,202.0,203.0,99784,-0.1,20261202.7
UPPER,2025-02-11,203.2,205.0,202.0,202.6,99861,-0.2,20248080.2
UPPER,2025-02-12,202.6,204.5,202.0,202.9,110871,0.15,22466938.5
UPPER,2025-02-13,202.9,203.0,200.1,201.5,164617,-0.69,33095082.0
UPPER,2025-02-16,202.0,205.0,200.0,202.9,168157,0.69,33991618.8
UPPER,2025-02-17,206.9,206.9,203.0,204.0,158218,0.54,32261970.0
UPPER,2025-02-18,208.0,208.0,202.7,202.7,124707,-0.64,25472249.0
UPPER,2025-02-20,202.0,203.0,201.0,201.2,143743,-0.74,29002660.4
UPPER,2025-02-23,200.0,203.0,197.2,201.4,180909,0.1,36343291.0
UPPER,2025-02-24,201.4,204.0,200.5,202.0,148976,0.3,30165704.4
UPPER,2025-02-25,198.0,206.4,198.0,201.0,126436,-0.5,25506065.9
UPPER,2025-02-27,197.5,214.0,197.5,209.7,432430,4.33,89886991.4
UPPER,2025-03-02,213.0,221.9,211.0,221.5,751668,5.63,162928184.5
UPPER,2025-03-03,221.0,228.0,217.0,217.3,453870,-1.9,100247653.6
UPPER,2025-03-04,218.0,226.0,215.0,216.8,494473,-0.23,108607831.3
UPPER,2025-03-05,216.1,222.0,215.0,215.0,405685,-0.83,88592496.3
UPPER,2025-03-06,210.7,218.0,210.7,213.0,159707,-0.93,34247111.1
UPPER,2025-03-09,213.0,214.5,207.0,207.8,265336,-2.44,55667031.5
UPPER,2025-03-10,206.1,211.6,205.1,206.0,182212,-0.87,37854558.5
UPPER,2025-03-11,205.2,208.5,203.1,204.0,176221,-0.97,36164718.7
UPPER,2025-03-12,204.0,208.0,204.0,206.7,129470,1.32,26688641.0
UPPER,2025-03-16,206.0,207.9,203.0,204.0,173071,-1.31,35337496.0
UPPER,2025-03-17,203.0,206.0,203.0,203.8,100460,-0.1,20532828.1
UPPER,2025-03-18,206.0,206.6,203.0,204.0,99683,0.1,20321098.8
UPPER,2025-03-19,204.0,205.5,201.0,202.7,168927,-0.64,34234714.1
UPPER,2025-03-20,200.0,204.0,200.0,201.46,97397,-0.61,19660789.9
UPPER,2025-03-23,203.3,203.3,198.1,198.6,230974,-1.42,46128494.2
UPPER,2025-03-24,194.7,203.0,194.7,201.84,162850,1.63,32673132.8
UPPER,2025-03-25,198.2,201.0,198.0,198.17,139815,-1.82,27804718.7
UPPER,2025-03-26,198.17,200.9,197.1,200.15,120059,1.0,23929412.9
UPPER,2025-03-27,201.9,202.0,199.0,200.8,132528,0.32,26606672.9
UPPER,2025-03-30,200.0,206.0,199.0,202.52,173435,0.86,35309435.4
UPPER,2025-04-01,202.8,204.0,200.4,200.76,106887,-0.87,21533820.5
UPPER,2025-04-02,204.5,204.5,198.1,200.13,133156,-0.31,26613542.6
UPPER,2025-04-03,204.1,204.1,200.0,200.77,188896,0.32,37959488.9
UPPER,2025-04-07,200.0,203.0,198.0,198.74,102070,-1.01,20335541.8
UPPER,2025-04-08,199.1,199.1,196.5,198.63,97348,-0.06,19223750.8
UPPER,2025-04-09,202.6,202.6,197.3,199.1,65944,0.24,13142472.7
UPPER,2025-04-10,202.0,202.0,197.0,198.78,82690,-0.16,16444039.7
UPPER,2025-04-13,200.0,200.0,195.0,197.11,163931,-0.84,32242679.5
UPPER,2025-04-15,201.0,201.4,197.0,200.13,137051,1.53,27407413.8
UPPER,2025-04-16,199.0,202.0,198.0,201.22,98621,0.54,19710260.5
UPPER,2025-04-17,205.0,207.0,201.1,204.31,240087,1.54,49120483.0
UPPER,2025-04-20,200.3,208.0,200.0,200.58,147677,-1.83,29700844.0
UPPER,2025-04-21,204.5,204.5,199.8,200.75,166506,0.08,33610335.5
UPPER,2025-04-22,200.2,202.4,199.0,199.73,144020,-0.51,28809857.6
UPPER,2025-04-23,201.7,201.7,197.0,197.51,140211,-1.11,27766853.3
UPPER,2025-04-24,197.0,199.0,196.2,197.18,117888,-0.17,23262601.4
UPPER,2025-04-27,201.0,201.9,198.5,199.53,167345,1.19,33461144.3
UPPER,2025-04-28,200.0,206.9,199.0,200.71,279271,0.59,56686238.8
UPPER,2025-04-29,204.7,204.7,198.1,198.51,117466,-1.1,23407751.4
UPPER,2025-04-30,199.8,201.0,198.0,198.88,194611,0.19,38823918.0
UPPER,2025-05-04,202.0,203.0,199.7,199.95,204631,0.54,41162672.4
UPPER,2025-05-05,196.4,200.1,196.4,197.67,115565,-1.14,22883520.7
UPPER,2025-05-06,198.0,201.9,197.0,198.68,198432,0.51,39496993.1
UPPER,2025-05-07,201.0,216.0,200.0,212.5,1003936,6.96,211260155.1
UPPER,2025-05-08,215.0,216.5,209.2,210.66,469196,-0.87,99629772.4
UPPER,2025-05-11,214.0,214.0,203.1,204.09,390202,-3.12,80474023.2
UPPER,2025-05-13,200.7,206.0,200.2,201.03,291850,-1.5,59008783.2
UPPER,2025-05-14,200.6,202.5,199.2,199.9,215886,-0.56,43270171.6
UPPER,2025-05-15,200.0,201.0,198.6,199.59,168695,-0.16,33622369.7
UPPER,2025-05-18,199.7,202.0,197.5,198.02,193692,-0.79,38517951.8
UPPER,2025-05-19,200.0,200.9,198.0,199.75,162329,0.87,32375823.1
UPPER,2025-05-20,199.0,205.0,198.0,203.18,143922,1.72,28920355.6
UPPER,2025-05-21,207.2,215.5,201.5,202.16,265269,-0.5,54669080.3
UPPER,2025-05-22,204.0,204.9,201.1,201.77,169204,-0.19,34266588.9
UPPER,2025-05-25,205.0,205.0,200.3,201.08,122433,-0.34,24704714.2
UPPER,2025-05-26,205.1,212.9,201.0,201.63,171240,0.27,34950613.1
UPPER,2025-05-27,205.6,205.6,200.0,200.59,102077,-0.52,20498421.1
UPPER,2025-05-28,203.0,203.0,199.8,201.54,113211,0.47,22749835.9
UPPER,2025-06-02,205.0,205.5,200.2,201.56,140069,0.01,28356838.0
UPPER,2025-06-03,200.4,202.5,199.8,199.99,157374,-0.78,31505555.1
UPPER,2025-06-04,200.0,202.0,199.0,199.65,87162,-0.17,17386699.0
UPPER,2025-06-05,202.6,202.6,198.1,198.96,122061,-0.35,24313437.8
UPPER,2025-06-08,200.0,200.0,197.3,198.28,118862,-0.34,23619666.8
UPPER,2025-06-09,202.2,202.2,198.4,199.75,125781,0.74,25077886.7
UPPER,2025-06-10,200.0,201.0,198.7,199.69,135006,-0.03,27041366.9
UPPER,2025-06-11,199.0,201.0,198.7,199.63,139557,-0.03,27855561.3
UPPER,2025-06-12,199.5,203.6,199.0,199.16,272942,-0.24,54830010.2
UPPER,2025-06-15,199.0,201.4,198.4,198.77,159263,-0.2,31771894.1
UPPER,2025-06-16,202.7,203.0,198.0,198.55,257289,-0.11,51520119.8
UPPER,2025-06-17,199.0,201.9,197.6,197.89,106940,-0.33,21200780.2
UPPER,2025-06-18,198.0,199.9,197.0,197.35,155823,-0.27,30800922.8
UPPER,2025-06-19,198.0,200.0,197.1,197.43,252400,0.04,50053485.2
UPPER,2025-06-22,193.7,198.8,193.7,196.01,155536,-0.72,30619092.5
UPPER,2025-06-23,196.6,196.6,195.0,195.83,140896,-0.09,27583602.6
UPPER,2025-06-24,195.0,197.9,194.0,194.35,191311,-0.76,37436241.6
UPPER,2025-06-25,194.0,196.5,193.6,194.1,136897,-0.13,26608859.7
UPPER,2025-06-26,193.0,195.8,193.0,193.22,119813,-0.45,23224316.1
UPPER,2025-06-29,195.0,197.5,194.0,195.07,191848,0.96,37475918.7
UPPER,2025-06-30,195.0,196.8,194.6,195.11,85575,0.02,16712260.1
UPPER,2025-07-01,199.0,199.0,195.2,197.17,105822,1.06,20789180.1
UPPER,2025-07-02,193.3,199.9,193.3,197.48,173876,0.16,34465142.4
UPPER,2025-07-03,200.0,200.0,197.1,197.79,140941,0.16,27887416.8
UPPER,2025-07-06,199.0,199.5,197.0,197.37,123499,-0.21,24418185.8
UPPER,2025-07-07,198.0,198.0,195.1,195.43,107808,-0.98,21157295.6
UPPER,2025-07-08,195.0,197.0,194.0,194.9,108544,-0.27,21169064.5
UPPER,2025-07-09,196.0,196.4,193.0,195.69,129094,0.41,25197575.7
UPPER,2025-07-10,196.4,197.5,195.0,196.95,140312,0.64,27589289.7
UPPER,2025-07-13,200.8,207.0,196.9,197.87,361924,0.47,72082085.7
UPPER,2025-07-14,198.0,199.7,195.1,197.5,133519,-0.19,26328038.0
UPPER,2025-07-15,197.0,198.5,197.0,197.88,121599,0.19,24028676.8
UPPER,2025-07-16,198.8,201.0,195.0,198.56,301223,0.34,59527956.1
UPPER,2025-07-17,199.0,208.0,198.0,206.18,896797,3.84,182366297.1
UPPER,2025-07-20,208.0,214.2,206.0,207.8,848914,0.79,178917287.9
UPPER,2025-07-21,208.1,210.9,204.0,205.79,394812,-0.97,81347451.4
UPPER,2025-07-22,207.9,211.0,206.5,210.01,771447,2.05,161070519.3
UPPER,2025-07-23,214.2,217.8,210.1,214.6,953263,2.19,204487482.7
UPPER,2025-07-24,216.0,218.4,212.0,213.07,548780,-0.71,117607031.9
UPPER,2025-07-27,215.0,215.7,208.2,209.06,664937,-1.88,140709692.8
UPPER,2025-07-28,210.0,210.0,205.0,208.42,353662,-0.31,73262359.1
UPPER,2025-07-29,210.0,212.0,207.3,208.48,365107,0.03,76602962.0
UPPER,2025-07-30,204.4,213.0,204.4,206.64,264944,-0.88,55228659.0
UPPER,2025-07-31,207.0,207.0,205.0,205.07,254449,-0.76,52359856.0
UPPER,2025-08-03,203.1,205.0,202.1,202.42,253126,-1.29,51489420.8
UPPER,2025-08-04,206.4,206.4,200.2,201.95,246539,-0.23,49842153.0
UPPER,2025-08-05,201.0,204.8,200.1,200.57,170677,-0.68,34371425.2
UPPER,2025-08-06,202.0,202.0,198.0,200.12,194040,-0.22,38811212.4
UPPER,2025-08-07,204.1,204.1,199.5,199.75,219141,-0.18,43835131.4
UPPER,2025-08-11,201.0,202.0,198.0,198.1,220979,-0.83,44033768.2
UPPER,2025-08-12,198.1,200.0,196.3,196.51,194389,-0.8,38300695.9
UPPER,2025-08-13,198.9,198.9,196.3,196.56,121812,0.03,24016387.2
UPPER,2025-08-14,197.0,198.8,196.0,196.19,196622,-0.19,38603923.9
UPPER,2025-08-17,196.0,197.5,195.0,195.08,179120,-0.57,35016823.4
UPPER,2025-08-18,194.1,196.0,194.1,195.49,151066,0.21,29473204.4
UPPER,2025-08-19,197.0,197.0,195.1,195.75,99855,0.13,19590893.8
UPPER,2025-08-20,199.6,199.6,194.0,194.64,121649,-0.57,23710263.5
UPPER,2025-08-21,194.1,195.0,194.0,194.49,140543,-0.08,27323786.8
UPPER,2025-08-24,194.0,195.3,193.0,193.12,136217,-0.7,26370828.8
UPPER,2025-08-25,194.0,194.0,192.4,193.38,101462,0.13,19592964.2
UPPER,2025-08-26,192.4,195.0,192.4,193.29,99620,-0.05,19232965.0
UPPER,2025-08-27,197.1,197.1,193.0,195.37,96114,1.08,18676974.2
UPPER,2025-08-28,199.2,199.2,193.0,193.09,113914,-1.17,22091093.2
UPPER,2025-08-31,195.5,195.5,192.0,192.12,135154,-0.5,26000562.5
UPPER,2025-09-01,190.0,198.9,190.0,191.61,104747,-0.27,20045892.5
UPPER,2025-09-02,195.4,195.4,190.8,191.04,91111,-0.3,17420653.4
UPPER,2025-09-03,192.0,192.0,190.0,190.07,120350,-0.51,22898031.4
UPPER,2025-09-04,190.0,191.8,187.1,187.78,140070,-1.2,26371455.8
UPPER,2025-09-07,188.0,189.7,185.2,185.86,77624,-1.02,14495450.8
UPPER,2025-09-08,186.0,187.0,183.0,183.24,89359,-1.41,16456028.8
UPPER,2025-09-18,180.0,182.7,169.0,169.1,31896,-7.72,5555802.0
UPPER,2025-09-21,166.0,186.0,166.0,185.99,360644,9.99,65651780.7
UPPER,2025-09-23,184.0,195.0,184.0,192.4,145187,3.45,27868650.4
UPPER,2025-09-24,194.0,194.0,187.0,188.4,73886,-2.08,13982068.4
UPPER,2025-09-25,189.0,189.9,186.0,187.1,44954,-0.69,8442154.1
UPPER,2025-09-28,187.0,191.7,187.0,189.0,59047,1.02,11149481.4
UPPER,2025-10-07,189.0,189.0,185.1,185.1,76249,-2.06,14218432.2
UPPER,2025-10-08,185.5,186.3,180.4,182.3,111802,-1.51,20394044.3
UPPER,2025-10-09,185.9,195.9,184.0,185.0,119714,1.48,22434958.1
UPPER,2025-10-12,182.5,186.0,180.2,181.0,83441,-2.16,15167893.5
UPPER,2025-10-13,184.0,184.0,177.6,182.0,67720,0.55,12206374.8
UPPER,2025-10-14,184.0,185.0,179.0,179.9,44192,-1.15,7958300.3
UPPER,2025-10-15,179.9,181.0,178.0,178.0,54726,-1.06,9784408.2
UPPER,2025-10-16,178.0,180.0,175.8,176.0,77825,-1.12,13756713.6
UPPER,2025-10-19,175.0,177.5,173.0,175.0,70943,-0.57,12435581.1
UPPER,2025-10-26,175.0,175.9,173.5,175.5,42706,0.29,7451832.1
UPPER,2025-10-28,175.6,181.3,175.0,181.3,87761,3.3,15711478.3
UPPER,2025-10-29,178.0,183.0,178.0,179.5,52552,-0.99,9518342.2
UPPER,2025-10-30,177.2,182.0,177.1,180.1,55787,0.33,10028896.0
UPPER,2025-11-02,179.0,184.6,179.0,182.5,68734,1.33,12564872.1
UPPER,2025-11-03,182.9,184.2,180.1,181.0,57523,-0.82,10488096.9
UPPER,2025-11-04,181.0,181.9,178.0,178.0,53866,-1.66,9708017.9
UPPER,2025-11-05,179.0,180.0,177.5,179.0,36679,0.56,6567233.3
UPPER,2025-11-06,179.5,180.5,178.0,178.2,52908,-0.45,9451865.5
UPPER,2025-11-09,178.2,178.9,175.4,175.6,69409,-1.46,12246851.5
UPPER,2025-11-10,177.0,178.0,174.8,175.0,81317,-0.34,14277192.4
UPPER,2025-11-11,175.1,177.4,175.0,175.5,30983,0.29,5444973.9
UPPER,2025-11-12,177.0,177.0,174.0,174.5,52869,-0.57,9239225.9
UPPER,2025-11-13,175.0,176.8,174.0,174.0,57993,-0.29,10132505.0
UPPER,2025-11-16,176.0,176.0,171.6,174.0,56278,0.0,9761258.5
UPPER,2025-11-17,175.9,176.5,172.0,174.4,39637,0.23,6890663.2
UPPER,2025-11-18,174.0,177.0,174.0,176.9,78002,1.43,13731595.5
UPPER,2025-11-19,177.9,178.0,174.8,175.1,52125,-1.02,9173552.6
UPPER,2025-11-20,171.7,178.0,171.7,176.0,67379,0.51,11884181.6
UPPER,2025-11-23,176.9,179.5,176.5,179.0,88499,1.7,15760812.1
UPPER,2025-11-24,179.0,181.0,179.0,180.0,73348,0.56,13204297.4
UPPER,2025-11-25,181.9,186.6,180.5,181.9,100112,1.06,18232532.7
UPPER,2025-11-26,185.0,185.0,180.0,182.0,69461,0.05,12565538.4
UPPER,2025-11-27,182.0,183.0,180.0,183.0,58588,0.55,10674023.6
UPPER,2025-11-30,183.9,184.8,181.0,181.0,121856,-1.09,22280388.9
UPPER,2025-12-01,181.0,181.5,179.0,179.4,48204,-0.88,8688598.1
UPPER,2025-12-02,179.0,180.0,178.0,179.0,41117,-0.22,7350447.3
UPPER,2025-12-03,179.0,180.8,178.0,178.4,33653,-0.34,6030083.7
UPPER,2025-12-07,179.0,179.0,175.0,175.6,105861,-1.57,18605455.3
UPPER,2025-12-08,175.0,176.7,174.5,174.7,74595,-0.51,13064772.1
UPPER,2025-12-09,174.0,176.6,173.4,176.6,46902,1.09,8219656.9
UPPER,2025-12-10,176.0,177.5,174.0,175.0,50637,-0.91,8857779.1
UPPER,2025-12-11,176.0,177.0,174.1,175.8,53726,0.46,9432662.2
UPPER,2025-12-14,174.0,176.0,174.0,174.0,61444,-1.02,10725655.1
UPPER,2025-12-15,174.0,176.5,174.0,174.4,73233,0.23,12805803.3
UPPER,2025-12-16,173.0,176.5,173.0,175.9,33599,0.86,5886595.6
UPPER,2025-12-17,176.0,177.0,175.0,175.2,72877,-0.4,12796679.2
UPPER,2025-12-18,178.0,178.0,174.1,174.8,38732,-0.23,6772514.2
UPPER,2025-12-21,174.2,176.0,174.1,174.1,56818,-0.4,9920707.4
UPPER,2025-12-22,174.1,174.1,173.1,173.4,45460,-0.4,7887836.9
UPPER,2025-12-23,173.0,175.0,172.1,174.0,46208,0.35,7994592.5
UPPER,2025-12-24,174.0,174.0,172.4,172.8,40204,-0.69,6952627.6
UPPER,2025-12-28,174.0,176.2,173.5,175.5,74151,1.56,12950328.8
UPPER,2025-12-29,176.0,177.0,173.0,174.0,80230,-0.85,14009583.0
UPPER,2025-12-31,174.1,176.0,173.6,173.6,76181,-0.23,13293217.0
UPPER,2026-01-01,173.6,175.0,173.0,173.9,56448,0.17,9824470.6
UPPER,2026-01-04,170.5,175.0,170.5,174.0,68037,0.06,11808309.5
UPPER,2026-01-05,172.5,175.6,172.0,174.0,58281,0.0,10118945.0
UPPER,2026-01-06,173.0,175.0,172.7,174.0,77345,0.0,13450877.0
UPPER,2026-01-07,173.2,175.5,172.6,173.9,70354,-0.06,12194761.9
UPPER,2026-01-08,173.0,175.0,173.0,175.0,73734,0.63,12824389.2
UPPER,2026-01-12,175.0,176.0,173.5,173.7,73988,-0.74,12905376.8
UPPER,2026-01-13,173.0,174.9,172.1,174.0,38737,0.17,6717617.8
UPPER,2026-01-14,177.0,177.0,173.0,174.0,69499,0.0,12071404.1
UPPER,2026-01-18,174.0,175.0,173.5,174.9,112088,0.52,19546848.3
UPPER,2026-01-20,176.0,183.6,176.0,181.9,281865,4.0,50897361.3
UPPER,2026-01-21,182.0,184.8,180.0,180.2,152385,-0.93,27593042.5
UPPER,2026-01-22,183.8,186.2,179.5,185.1,225861,2.72,41294299.4
UPPER,2026-01-25,188.8,195.0,186.0,194.4,390453,5.02,74833286.4
UPPER,2026-01-26,194.0,198.0,189.0,193.0,301541,-0.72,57835009.6
UPPER,2026-01-27,192.0,194.8,186.0,186.9,220724,-3.16,41710119.1
UPPER,2026-01-28,190.6,190.6,182.0,184.7,156674,-1.18,28842607.4
UPPER,2026-01-29,183.0,195.0,183.0,191.5,622010,3.68,120054568.0
UPPER,2026-02-01,194.0,194.0,188.0,189.0,146801,-1.31,27846384.3
UPPER,2026-02-02,185.3,191.9,185.3,187.0,119509,-1.06,22496730.0
UPPER,2026-02-03,190.7,190.7,182.7,183.4,174094,-1.93,32113566.4
UPPER,2026-02-04,179.8,188.0,179.8,184.7,104336,0.71,19210264.6
UPPER,2026-02-05,185.0,190.5,183.5,188.1,247695,1.84,46569169.6
UPPER,2026-02-08,190.0,191.6,186.1,186.3,185555,-0.96,35073895.7
UPPER,2026-02-09,187.0,193.0,185.2,189.0,281626,1.45,53363003.8
UPPER,2026-02-10,191.0,194.8,189.3,190.2,342214,0.63,65786617.8
UPPER,2026-02-11,192.0,194.0,189.0,190.0,148781,-0.11,28392739.9
UPPER,2026-02-12,190.0,195.0,189.1,192.9,374165,1.53,72139902.2
UPPER,2026-02-16,193.0,195.0,189.0,189.8,182329,-1.61,34934367.9
UPPER,2026-02-17,193.5,193.5,185.0,185.3,200779,-2.37,37355620.5
UPPER,2026-02-22,186.0,186.0,181.1,182.0,112000,-1.78,20474024.8
UPPER,2026-02-23,182.0,183.9,179.1,182.0,99553,0.0,18113576.6
UPPER,2026-02-24,182.0,184.5,182.0,183.8,49031,0.99,8976625.4
UPPER,2026-02-25,184.0,185.0,183.0,184.4,65458,0.33,12054667.6
UPPER,2026-02-26,188.0,188.0,184.0,184.9,96838,0.27,17899124.7
UPPER,2026-03-01,188.5,188.5,180.0,185.7,120196,0.43,22078113.2
UPPER,2026-03-03,189.4,189.8,185.0,189.7,159485,2.15,30097530.6
UPPER,2026-03-09,193.4,208.6,193.4,208.6,23326,9.96,4848167.7
UPPER,2026-03-10,212.7,217.0,204.9,216.0,2114315,3.55,447848503.5
UPPER,2026-03-11,220.0,225.0,213.0,215.5,989655,-0.23,217060814.8
UPPER,2026-03-12,219.0,224.0,212.0,218.0,1087302,1.16,239322919.2
UPPER,2026-03-15,218.0,221.0,215.0,218.9,725559,0.41,158094286.0
UPPER,2026-03-16,220.0,221.0,211.0,213.0,643694,-2.7,137787296.3
UPPER,2026-03-17,215.0,219.9,209.1,219.1,915030,2.86,197904365.1
UPPER,2026-03-19,222.0,239.5,222.0,235.6,2548271,7.53,593305735.0
UPPER,2026-03-22,236.0,242.0,231.0,238.0,1552477,1.02,368005634.6
UPPER,2026-03-23,237.1,239.9,231.0,236.0,741234,-0.84,173859901.3
UPPER,2026-03-24,240.7,242.6,234.1,236.9,778425,0.38,185366974.3
UPPER,2026-03-25,237.0,238.0,229.0,230.0,664956,-2.91,154152052.0
UPPER,2026-03-26,230.0,234.0,226.0,233.9,481909,1.7,110781957.5
UPPER,2026-03-29,234.0,237.0,220.1,223.0,924493,-4.66,208815022.2
UPPER,2026-03-30,227.4,227.4,215.0,216.0,698666,-3.14,153422285.0
UPPER,2026-03-31,220.3,220.3,210.0,218.5,659335,1.16,141718650.9
UPPER,2026-04-01,219.0,221.0,206.5,208.1,594242,-4.76,125503704.0
UPPER,2026-04-02,207.5,213.5,199.0,208.0,563584,-0.05,117256398.7
UPPER,2026-04-05,208.0,209.0,198.0,198.6,528921,-4.52,106524742.5
UPPER,2026-04-06,194.7,215.9,194.7,213.0,550177,7.25,114681922.9
UPPER,2026-04-07,217.2,220.0,210.1,211.5,328607,-0.7,70605864.3
UPPER,2026-04-08,215.7,216.7,213.0,214.0,250714,1.18,53770409.1
UPPER,2026-04-09,218.2,218.2,214.0,216.5,302238,1.17,65414555.9
UPPER,2026-04-10,217.9,217.9,212.2,213.0,314264,-1.62,67271383.1
UPPER,2026-04-13,213.0,217.2,209.5,217.0,362753,1.88,78143198.1
UPPER,2026-04-15,221.0,227.0,217.0,224.5,771030,3.46,172627694.8
UPPER,2026-04-16,224.5,225.0,216.1,216.9,375273,-3.39,82118151.3
UPPER,2026-04-17,216.9,219.0,213.1,217.0,247624,0.05,53437456.4
UPPER,2026-04-20,217.0,218.0,212.0,214.6,249935,-1.11,53638824.0
UPPER,2026-04-21,215.0,215.0,208.1,210.0,257415,-2.14,54365450.6
UPPER,2026-04-22,210.0,215.0,204.0,207.0,408969,-1.43,85171893.7
UPPER,2026-04-23,210.0,212.9,206.0,208.5,135500,0.72,28253230.9
UPPER,2026-04-24,208.5,211.8,205.0,207.5,163426,-0.48,33941564.8
UPPER,2026-04-27,217.8,217.8,207.0,207.2,170051,-0.14,35509059.2
UPPER,2026-04-28,211.0,211.0,205.0,205.6,155644,-0.77,32139536.2
UPPER,2026-04-29,205.6,208.0,203.0,203.4,181063,-1.07,36925767.0
UPPER,2026-04-30,205.0,206.0,200.0,203.8,241756,0.2,49071024.9
UPPER,2026-05-04,203.8,207.0,200.5,201.4,133836,-1.18,27014917.2
UPPER,2026-05-05,202.0,204.9,199.1,202.0,132582,0.3,26770960.1
UPPER,2026-05-06,202.0,204.9,200.0,202.9,88623,0.45,17909858.7
UPPER,2026-05-07,203.0,204.8,200.0,202.5,89557,-0.2,18151685.1
UPPER,2026-05-08,193.0,206.9,193.0,205.4,126149,1.43,25855481.4
UPPER,2026-05-11,215.6,215.6,206.2,209.5,145500,2.0,30352618.3
UPPER,2026-05-12,205.0,212.9,205.0,206.0,162133,-1.67,33819855.7
UPPER,2026-05-13,206.0,207.0,203.0,205.3,94809,-0.34,19473725.5
UPPER,2026-05-14,215.0,215.0,200.0,205.9,61305,0.29,12538989.4
UPPER,2026-05-15,205.0,207.0,203.0,204.0,78897,-0.92,16141085.1
UPPER,2026-05-18,204.0,206.5,203.0,204.0,71512,0.0,14596296.2
UPPER,2026-05-19,194.0,205.0,194.0,204.0,75102,0.0,15327226.8
UPPER,2026-05-20,202.0,207.7,202.0,207.0,99306,1.47,20425498.6
UPPER,2026-05-21,207.1,208.0,204.0,204.5,95933,-1.21,19694651.9
UPPER,2026-05-22,204.0,208.0,203.0,207.5,144802,1.47,29859574.1
UPPER,2026-05-25,197.5,211.9,197.5,209.9,186381,1.16,39180846.4
UPPER,2026-05-26,212.0,212.0,207.1,207.7,105888,-1.05,22071529.9
UPPER,2026-05-27,199.0,211.0,199.0,207.7,173321,0.0,36006305.1
UPPER,2026-06-01,210.0,210.0,203.8,204.5,111220,-1.54,22881526.9
UPPER,2026-06-02,204.0,206.0,203.0,205.5,89472,0.49,18315421.3
UPPER,2026-06-03,204.0,207.1,204.0,204.1,95060,-0.68,19499932.4
UPPER,2026-06-04,203.0,206.9,200.0,203.0,111818,-0.54,22750980.6
UPPER,2026-06-05,203.1,205.0,202.1,203.0,71513,0.0,14528207.3
UPPER,2026-06-08,203.0,204.0,202.0,202.0,55579,-0.49,11245391.6
UPPER,2026-06-09,202.0,202.5,200.0,201.4,133876,-0.3,26891878.4
UPPER,2026-06-10,200.7,205.0,200.0,201.9,76917,0.25,15514074.6
UPPER,2026-06-11,201.0,202.5,199.1,201.9,49837,0.0,10027850.3
UPPER,2026-06-12,200.0,203.0,200.0,201.0,91701,-0.45,18474017.7
UPPER,2026-06-15,201.0,203.0,200.0,200.2,83915,-0.4,16831173.8
UPPER,2026-06-16,203.0,203.0,199.3,199.7,93985,-0.25,18829473.5
UPPER,2026-06-17,209.6,209.6,199.1,200.0,62687,0.15,12541518.6
UPPER,2026-06-18,210.0,210.0,199.3,199.7,56890,-0.15,11380654.8
UPPER,2026-06-19,198.0,202.0,198.0,199.2,54529,-0.25,10886006.4
UPPER,2026-06-22,209.1,209.1,197.6,198.0,64536,-0.6,12840100.4
UPPER,2026-06-23,197.0,199.9,195.8,196.0,88087,-1.01,17305948.5
UPPER,2026-06-24,187.0,199.0,187.0,194.1,75504,-0.97,14732387.6
UPPER,2026-06-25,194.1,195.9,191.0,194.0,56067,-0.05,10864757.5
UPPER,2026-06-26,195.0,196.0,193.0,194.0,66357,0.0,12844921.0
UPPER,2026-06-29,192.0,194.0,191.2,191.4,63640,-1.34,12232184.9
UPPER,2026-06-30,192.0,193.9,190.0,190.5,81395,-0.47,15536119.7
UPPER,2026-07-01,181.0,196.0,181.0,194.5,66171,2.1,12855815.0
UPPER,2026-07-02,194.5,196.0,192.2,194.0,41920,-0.26,8120890.2
UPPER,2026-07-03,194.0,195.9,193.0,194.0,57257,0.0,11110340.0
UPPER,2026-07-06,192.2,194.0,190.1,190.2,61064,-1.96,11728649.2
UPPER,2026-07-07,190.2,194.0,190.2,194.0,74050,2.0,14234767.4
UPPER,2026-07-08,199.0,199.0,191.0,192.9,66987,-0.57,12867433.2
UPPER,2026-07-09,192.0,193.0,190.0,191.7,58806,-0.62,11228859.6
UPPER,2026-07-10,192.0,194.0,190.3,190.9,55084,-0.42,10549446.3
UPPER,2026-07-13,191.0,192.0,189.0,189.1,104329,-0.94,19771582.3
UPPER,2026-07-14,189.1,191.9,187.6,191.3,130297,1.16,24716798.1
UPPER,2026-07-15,198.0,198.0,191.9,192.0,47635,0.37,9169625.4
UPPER,2026-07-16,192.0,194.0,190.0,191.3,44003,-0.36,8448320.7
UPPER,2026-07-17,200.8,200.8,193.5,199.0,130802,4.03,25828650.7
UPPER,2026-07-20,200.0,203.0,197.1,202.5,158748,1.76,31962120.6
UPPER,2026-07-21,202.5,203.9,200.2,200.5,101133,-0.99,20444032.6
UPPER,2026-07-22,190.5,202.0,190.5,199.0,110414,-0.75,22004045.0
UPPER,2026-07-23,200.0,200.5,198.0,200.1,54695,0.55,10899658.3
UPPER,2026-07-24,200.0,201.0,199.3,200.2,85269,0.05,17071128.0
UPPER,2026-07-27,200.0,201.6,196.3,197.0,106500,-1.6,21223075.6
UPPER,2026-07-28,198.9,198.9,195.1,195.5,56333,-0.76,11063432.7
UPPER,2026-07-29,197.7,198.0,195.1,195.4,48699,-0.05,9552666.4
UPPER,2026-07-30,196.0,197.8,193.5,194.0,48682,-0.72,9488543.5
UPPER,2026-07-31,194.0,196.0,193.0,195.5,73985,0.77,14379602.7
UPPER,2026-08-03,199.0,200.0,195.0,195.1,52674,-0.2,10319337.6
UPPER,2026-08-04,200.0,200.0,194.0,194.1,39751,-0.51,7747702.4
UPPER,2026-08-05,194.0,195.5,192.3,195.0,54697,0.46,10642740.5
UPPER,2026-08-06,197.0,197.0,194.0,194.1,47333,-0.46,9217479.7
UPPER,2026-08-07,194.0,196.0,190.1,192.0,96273,-1.08,18529334.1
UPPER,2026-08-10,192.0,194.9,190.9,191.8,43154,-0.1,8277450.7
UPPER,2026-08-11,191.8,193.9,191.0,192.0,64653,0.1,12406244.0
UPPER,2026-08-12,192.0,193.0,190.1,191.5,47254,-0.26,9052925.9
UPPER,2026-08-13,191.5,196.0,190.4,193.5,74115,1.04,14305593.5
UPPER,2026-08-14,193.5,195.0,193.0,193.5,45764,0.0,8858372.0
UPPER,2026-08-17,192.0,194.0,192.0,192.5,66450,-0.52,12797625.3
UPPER,2026-08-18,187.0,196.0,187.0,190.5,51486,-1.04,9833591.0
UPPER,2026-08-19,190.1,193.0,189.6,191.5,62354,0.52,11879256.2
UPPER,2026-08-20,201.0,201.0,190.0,191.0,53394,-0.26,10179588.0
UPPER,2026-08-21,192.0,192.0,190.1,190.2,90573,-0.42,17266334.6
UPPER,2026-08-24,192.0,192.0,189.4,189.4,88944,-0.42,16891712.8
UPPER,2026-08-25,190.0,192.0,188.0,189.0,52504,-0.21,9940418.9
UPPER,2026-08-26,185.0,190.8,183.1,184.5,176491,-2.38,32702441.6
UPPER,2026-08-27,184.5,189.0,180.1,184.0,129011,-0.27,23712457.9
VLBS,2021-08-31,1760.0,1760.0,1710.0,1713.0,5087,-4.3,8783742.9
VLBS,2021-09-01,1704.0,1740.0,1701.0,1725.0,2659,0.7,4581342.9
VLBS,2021-09-02,1691.2,1731.0,1691.2,1723.0,2581,-0.12,4410110.6
VLBS,2021-09-05,1705.0,1723.0,1632.0,1667.0,3406,-3.25,5632826.6
VLBS,2021-09-06,1650.0,1732.0,1650.0,1730.0,5401,3.78,9058925.4
VLBS,2021-09-07,1700.0,1745.0,1662.0,1691.0,1985,-2.25,3342006.0
VLBS,2021-09-08,1700.0,1700.0,1650.0,1660.0,1783,-1.83,2955440.6
VLBS,2021-09-09,1693.0,1693.0,1650.0,1678.0,2501,1.08,4193180.0
VLBS,2021-09-12,1666.0,1745.0,1666.0,1725.0,2756,2.8,4695422.0
VLBS,2021-09-13,1700.0,1706.0,1685.0,1685.0,1676,-2.32,2838032.2
VLBS,2021-09-14,1700.0,1700.0,1662.0,1690.0,1645,0.3,2754651.0
VLBS,2021-09-15,1680.0,1680.0,1657.0,1674.5,3441,-0.92,5718926.0
VLBS,2021-09-16,1674.0,1674.0,1600.0,1600.0,4894,-4.45,7941020.3
VLBS,2021-09-20,1600.0,1610.0,1515.0,1575.0,5713,-1.56,8880664.3
VLBS,2021-09-21,1550.0,1612.3,1520.0,1596.0,2595,1.33,4118036.5
VLBS,2021-09-22,1627.0,1649.0,1610.0,1630.0,659,2.13,1068240.7
VLBS,2021-09-23,1630.0,1655.0,1625.0,1625.0,3206,-0.31,5250061.0
VLBS,2021-09-26,1593.0,1622.0,1560.0,1566.3,862,-3.61,1357473.0
VLBS,2021-09-27,1550.0,1566.0,1515.0,1516.0,2424,-3.21,3703300.1
VLBS,2021-09-28,1516.0,1546.3,1487.0,1529.0,3539,0.86,5324800.4
VLBS,2021-09-29,1535.0,1560.0,1505.0,1560.0,1379,2.03,2110383.4
VLBS,2021-09-30,1589.9,1591.0,1499.0,1568.9,2738,0.57,4152230.0
VLBS,2021-10-03,1599.0,1599.0,1515.0,1520.0,1714,-3.12,2628333.0
VLBS,2021-10-04,1520.0,1555.0,1505.0,1540.0,839,1.32,1287419.0
VLBS,2021-10-05,1570.0,1630.9,1561.0,1613.6,1378,4.78,2197757.3
VLBS,2021-10-06,1645.0,1740.0,1645.0,1720.0,7953,6.59,13606040.0
VLBS,2021-10-10,1754.1,1789.0,1675.0,1690.0,1895,-1.74,3311157.0
VLBS,2021-10-11,1660.0,1660.0,1630.0,1640.0,1225,-2.96,2010937.0
VLBS,2021-10-17,1671.9,1671.9,1610.0,1669.9,1016,1.82,1650720.6
VLBS,2021-10-18,1636.7,1666.9,1548.0,1580.0,1749,-5.38,2744250.0
VLBS,2021-10-19,1550.0,1560.0,1442.0,1521.0,4325,-3.73,6493771.0
VLBS,2021-10-20,1525.0,1565.7,1522.0,1559.0,1370,2.5,2116978.0
VLBS,2021-10-21,1590.0,1590.0,1529.0,1546.0,460,-0.83,717811.3
VLBS,2021-10-24,1560.0,1560.0,1532.0,1541.0,2241,-0.32,3452425.7
VLBS,2021-10-25,1543.0,1613.6,1543.0,1590.0,3553,3.18,5548634.0
VLBS,2021-10-26,1605.0,1628.0,1605.0,1610.0,1808,1.26,2926493.0
VLBS,2021-10-27,1624.9,1665.0,1610.0,1610.0,3077,0.0,5063239.5
VLBS,2021-10-28,1610.0,1699.9,1600.0,1675.0,2867,4.04,4723417.7
VLBS,2021-10-31,1653.2,1750.0,1653.1,1703.2,4790,1.68,8196213.0
VLBS,2021-11-01,1737.2,1737.2,1670.0,1680.0,1799,-1.36,3081163.4
VLBS,2021-11-02,1650.5,1699.0,1648.0,1680.0,964,0.0,1626010.0
VLBS,2021-11-03,1713.0,1750.0,1690.0,1750.0,5306,4.17,9158523.5
VLBS,2021-11-08,1716.0,1716.0,1684.0,1685.0,665,-3.71,1127485.5
VLBS,2021-11-09,1667.0,1668.0,1602.0,1621.0,5599,-3.8,9124097.8
VLBS,2021-11-11,1590.0,1672.0,1589.0,1626.0,4620,0.31,7555660.0
VLBS,2021-11-14,1630.0,1691.6,1625.0,1650.0,1687,1.48,2765368.0
VLBS,2021-11-15,1682.0,1701.0,1655.0,1690.0,3879,2.42,6500077.2
VLBS,2021-11-16,1690.0,1690.0,1616.0,1650.0,7194,-2.37,11812950.4
VLBS,2021-11-17,1650.0,1749.0,1650.0,1675.0,5415,1.52,9168440.2
VLBS,2021-11-18,1680.0,1680.0,1630.0,1630.0,597,-2.69,985568.7
VLBS,2021-11-21,1613.0,1613.0,1603.0,1603.0,580,-1.66,931424.0
VLBS,2021-11-22,1591.0,1610.0,1590.0,1595.3,922,-0.48,1473764.0
VLBS,2021-11-23,1578.3,1582.1,1546.8,1546.8,3589,-3.04,5578048.7
VLBS,2021-11-24,1521.0,1570.0,1517.0,1559.5,780,0.82,1191484.5
VLBS,2021-11-25,1559.0,1559.0,1541.0,1541.0,742,-1.19,1149614.5
VLBS,2021-11-28,1511.0,1511.0,1470.0,1472.0,3271,-4.48,4854526.7
VLBS,2021-11-29,1448.0,1530.0,1448.0,1484.0,1344,0.82,1982148.8
VLBS,2021-11-30,1458.1,1508.8,1454.5,1508.8,1085,1.67,1612946.6
VLBS,2021-12-01,1480.0,1499.0,1479.0,1490.0,313,-1.25,464910.0
VLBS,2021-12-02,1470.0,1480.0,1460.3,1460.3,909,-1.99,1331295.3
VLBS,2021-12-05,1459.9,1460.0,1400.0,1404.1,1540,-3.85,2182870.9
VLBS,2021-12-06,1432.0,1432.0,1324.0,1398.0,2451,-0.43,3396098.3
VLBS,2021-12-07,1425.9,1452.9,1398.0,1410.0,425,0.86,606852.9
VLBS,2021-12-08,1430.0,1430.0,1355.0,1370.0,845,-2.84,1170400.0
VLBS,2021-12-09,1343.0,1395.0,1341.0,1395.0,778,1.82,1062205.2
VLBS,2021-12-12,1400.0,1400.0,1339.8,1339.8,467,-3.96,630194.3
VLBS,2021-12-13,1314.0,1314.0,1262.0,1275.0,2765,-4.84,3530646.9
VLBS,2021-12-14,1300.0,1379.5,1300.0,1356.0,778,6.35,1041297.1
VLBS,2021-12-15,1350.0,1399.3,1345.0,1370.0,1541,1.03,2107312.0
VLBS,2021-12-16,1350.0,1350.0,1320.0,1320.0,451,-3.65,599505.3
VLBS,2021-12-20,1320.0,1330.0,1315.0,1330.0,688,0.76,911545.8
VLBS,2021-12-21,1356.0,1382.0,1354.0,1380.0,1644,3.76,2257312.2
VLBS,2021-12-22,1407.6,1473.0,1407.6,1442.0,1894,4.49,2714562.6
VLBS,2021-12-23,1450.0,1480.0,1450.0,1476.0,881,2.36,1286268.0
VLBS,2021-12-26,1505.0,1540.0,1505.0,1527.0,4954,3.46,7538253.4
VLBS,2021-12-27,1297.6,1323.0,1266.0,1270.0,1599,-0.17,2067590.0
VLBS,2021-12-28,1270.0,1270.0,1247.0,1248.0,307,-1.73,384779.0
VLBS,2021-12-29,1248.0,1255.0,1240.0,1242.0,968,-0.48,1208122.0
VLBS,2022-01-02,1266.8,1347.0,1260.0,1270.0,1429,2.25,1825143.1
VLBS,2022-01-03,1290.0,1346.0,1290.0,1330.0,5810,4.72,7677097.3
VLBS,2022-01-04,1355.0,1400.0,1327.9,1385.0,4111,4.14,5646055.0
VLBS,2022-01-05,1399.0,1399.0,1322.0,1322.0,2333,-4.55,3109266.8
VLBS,2022-01-06,1330.0,1348.0,1330.0,1336.0,463,1.06,619090.0
VLBS,2022-01-09,1362.0,1389.2,1336.0,1351.0,2898,1.12,3936597.0
VLBS,2022-01-10,1350.0,1360.0,1336.0,1360.0,992,0.67,1335079.0
VLBS,2022-01-11,1360.0,1436.0,1350.0,1430.0,5970,5.15,8338865.0
VLBS,2022-01-12,1401.5,1487.7,1392.0,1392.0,6632,-2.66,9457836.4
VLBS,2022-01-13,1419.0,1455.0,1391.0,1455.0,2682,4.53,3831675.0
VLBS,2022-01-16,1484.0,1500.0,1468.1,1494.0,5080,2.68,7499111.4
VLBS,2022-01-17,1485.3,1499.0,1445.1,1480.0,3463,-0.94,5056459.5
VLBS,2022-01-18,1475.0,1475.0,1426.0,1459.0,2572,-1.42,3726387.0
VLBS,2022-01-19,1484.0,1484.0,1421.0,1427.0,1232,-2.19,1761928.0
VLBS,2022-01-20,1454.0,1454.0,1401.5,1447.0,1044,1.4,1482545.5
VLBS,2022-01-23,1453.5,1475.0,1421.2,1430.0,206,-1.17,295424.2
VLBS,2022-01-24,1410.0,1411.6,1381.0,1384.0,1750,-3.22,2427645.5
VLBS,2022-01-25,1357.0,1400.0,1357.0,1389.0,495,0.36,686197.0
VLBS,2022-01-26,1390.0,1390.0,1340.0,1355.2,725,-2.43,987458.7
VLBS,2022-01-27,1346.0,1359.0,1331.0,1331.0,755,-1.79,1015301.0
VLBS,2022-01-30,1357.6,1384.0,1357.6,1375.0,1388,3.31,1913047.0
VLBS,2022-01-31,1390.0,1402.0,1372.0,1400.0,376,1.82,520037.0
VLBS,2022-02-01,1400.0,1423.0,1375.0,1423.0,1681,1.64,2354652.4
VLBS,2022-02-03,1400.0,1445.0,1361.1,1395.0,1535,-1.97,2136157.0
VLBS,2022-02-06,1371.0,1375.0,1337.0,1360.0,2320,-2.51,3123766.2
VLBS,2022-02-07,1335.0,1375.0,1335.0,1375.0,338,1.1,458314.0
VLBS,2022-02-08,1398.5,1405.0,1350.0,1377.0,907,0.15,1242696.0
VLBS,2022-02-09,1350.0,1353.3,1349.6,1349.7,163,-1.98,220047.8
VLBS,2022-02-10,1350.0,1364.0,1331.0,1332.0,617,-1.31,829671.0
VLBS,2022-02-13,1329.0,1329.0,1260.0,1280.0,2048,-3.9,2606527.0
VLBS,2022-02-14,1280.0,1280.0,1255.0,1280.0,1495,0.0,1888590.0
VLBS,2022-02-15,1285.4,1370.0,1277.0,1360.0,1543,6.25,2052893.6
VLBS,2022-02-16,1387.0,1387.0,1320.0,1321.0,220,-2.87,292931.0
VLBS,2022-02-17,1294.6,1320.0,1294.6,1305.0,382,-1.21,496847.0
VLBS,2022-02-20,1282.0,1282.0,1267.0,1267.0,564,-2.91,721915.0
VLBS,2022-02-21,1255.0,1280.0,1255.0,1261.3,483,-0.45,613035.3
VLBS,2022-02-22,1260.0,1300.0,1260.0,1280.1,304,1.49,390450.0
VLBS,2022-02-23,1281.0,1295.4,1270.0,1272.0,220,-0.63,281431.0
VLBS,2022-02-24,1248.0,1260.0,1241.0,1260.0,820,-0.94,1025872.1
VLBS,2022-02-27,1236.0,1255.0,1227.0,1240.0,297,-1.59,368929.0
VLBS,2022-02-28,1241.0,1260.0,1236.0,1248.0,645,0.65,806004.0
VLBS,2022-03-02,1225.0,1230.0,1223.0,1225.2,392,-1.83,480622.3
VLBS,2022-03-06,1245.0,1245.0,1201.0,1201.0,843,-1.98,1020705.0
VLBS,2022-03-07,1225.0,1225.0,1190.0,1190.0,2151,-0.92,2568537.5
VLBS,2022-03-09,1180.0,1183.0,1161.0,1161.0,232,-2.44,272704.0
VLBS,2022-03-10,1140.1,1252.0,1140.1,1252.0,1236,7.84,1456515.0
VLBS,2022-03-13,1271.0,1275.0,1245.0,1275.0,1906,1.84,2412064.5
VLBS,2022-03-14,1275.0,1294.0,1250.0,1255.0,264,-1.57,333080.0
VLBS,2022-03-15,1278.0,1278.0,1240.0,1240.0,1043,-1.2,1304316.8
VLBS,2022-03-16,1232.0,1240.0,1221.0,1240.0,936,0.0,1147036.0
VLBS,2022-03-20,1240.0,1244.0,1193.7,1244.0,765,0.32,926775.4
VLBS,2022-03-21,1242.0,1248.0,1242.0,1248.0,213,0.32,264846.0
VLBS,2022-03-22,1248.0,1248.0,1231.0,1240.0,176,-0.64,218068.2
VLBS,2022-03-23,1240.0,1254.0,1240.0,1240.0,207,0.0,257232.0
VLBS,2022-03-24,1240.0,1250.0,1240.0,1242.0,224,0.16,278785.0
VLBS,2022-03-27,1218.0,1220.0,1218.0,1220.0,169,-1.77,206160.0
VLBS,2022-03-28,1225.0,1225.0,1181.0,1195.0,565,-2.05,677721.0
VLBS,2022-03-29,1179.0,1183.0,1179.0,1181.0,635,-1.17,749957.0
VLBS,2022-03-30,1198.0,1220.0,1195.0,1214.0,696,2.79,834650.0
VLBS,2022-03-31,1190.0,1210.0,1190.0,1208.0,393,-0.49,471880.0
VLBS,2022-04-03,1186.5,1186.5,1185.0,1185.0,264,-1.9,313022.0
VLBS,2022-04-04,1185.0,1185.0,1185.0,1185.0,1,0.0,1163.0
VLBS,2022-04-05,1161.3,1161.3,1119.2,1141.0,1724,-3.71,1956109.2
VLBS,2022-04-06,1130.0,1138.0,1119.0,1130.0,260,-0.96,293860.0
VLBS,2022-04-07,1113.1,1147.0,1113.0,1147.0,346,1.5,391966.5
VLBS,2022-04-11,1130.0,1152.0,1110.0,1112.4,655,-3.02,736955.5
VLBS,2022-04-12,1094.0,1132.0,1056.0,1132.0,1634,1.76,1754589.6
VLBS,2022-04-13,1132.0,1139.3,1115.0,1118.0,564,-1.24,633327.3
VLBS,2022-04-17,1118.0,1140.3,1100.0,1100.0,343,-1.61,383550.9
VLBS,2022-04-18,1100.0,1100.0,1078.0,1080.0,133,-1.82,143730.0
VLBS,2022-04-19,1080.0,1112.0,1050.0,1090.0,1514,0.93,1614879.0
VLBS,2022-04-20,1110.0,1110.0,1047.7,1090.3,2661,0.03,2862557.6
VLBS,2022-04-21,1080.0,1089.0,1060.0,1075.0,420,-1.4,449738.3
VLBS,2022-04-24,1070.0,1131.0,1070.0,1131.0,942,5.21,1036871.1
VLBS,2022-04-25,1150.0,1150.0,1111.0,1111.0,350,-1.77,391370.0
VLBS,2022-04-26,1120.9,1131.0,1096.0,1096.0,229,-1.35,255462.0
VLBS,2022-04-27,1085.0,1096.0,1076.0,1086.0,281,-0.91,305872.0
VLBS,2022-04-28,1080.0,1090.0,1054.0,1055.0,2424,-2.85,2585726.1
VLBS,2022-05-02,1076.0,1076.1,1030.0,1031.0,604,-2.27,626437.2
VLBS,2022-05-04,1050.0,1071.0,1048.9,1049.0,175,1.75,184597.3
VLBS,2022-05-05,1031.0,1035.0,1028.1,1034.9,251,-1.34,258623.9
VLBS,2022-05-08,1015.0,1028.0,1000.0,1025.0,396,-0.96,403696.3
VLBS,2022-05-09,1025.0,1070.0,1025.0,1066.0,345,4.0,363988.6
VLBS,2022-05-10,1080.0,1087.0,1052.0,1087.0,489,1.97,520516.5
VLBS,2022-05-11,1108.0,1165.0,1065.3,1108.0,700,1.93,765722.8
VLBS,2022-05-12,1090.0,1094.4,1073.0,1076.0,331,-2.89,357597.0
VLBS,2022-05-17,1054.7,1054.7,1034.0,1034.0,93,-3.9,97218.2
VLBS,2022-05-18,1016.2,1034.2,1010.0,1034.2,186,0.02,189142.0
VLBS,2022-05-19,1054.0,1070.0,1009.0,1025.0,345,-0.89,357930.0
VLBS,2022-05-20,1015.0,1025.0,1015.0,1025.0,55,0.0,56245.0
VLBS,2022-05-23,1018.0,1018.0,970.5,982.0,834,-4.2,821328.3
VLBS,2022-05-24,1001.0,1025.0,1000.6,1025.0,332,4.38,337706.0
VLBS,2022-05-25,1030.0,1037.0,1010.0,1037.0,214,1.17,219150.0
VLBS,2022-05-26,1016.3,1016.3,1005.0,1010.0,1088,-2.6,1097823.8
VLBS,2022-05-27,1005.0,1005.0,999.0,1001.0,536,-0.89,536833.0
VLBS,2022-05-30,991.0,1000.0,970.0,987.0,1494,-1.4,1465202.0
VLBS,2022-05-31,987.0,1006.0,967.0,988.0,399,0.1,392023.1
VLBS,2022-06-01,990.0,990.0,955.0,955.0,804,-3.34,777553.5
VLBS,2022-06-02,965.0,965.0,950.0,957.0,120,0.21,114895.0
VLBS,2022-06-03,955.0,955.0,919.0,947.0,1554,-1.04,1451724.2
VLBS,2022-06-06,960.0,960.0,958.0,958.0,20,1.16,19180.0
VLBS,2022-06-07,942.0,950.0,925.0,926.0,1120,-3.34,1049173.0
VLBS,2022-06-08,940.0,955.0,930.0,950.0,396,2.59,373292.0
VLBS,2022-06-09,969.0,988.0,962.0,965.0,1011,1.58,983242.0
VLBS,2022-06-10,949.0,984.0,949.0,954.0,193,-1.14,185697.2
VLBS,2022-06-13,945.0,959.8,941.0,958.0,100,0.42,95590.0
VLBS,2022-06-14,955.0,955.0,921.0,950.0,372,-0.84,345260.0
VLBS,2022-06-15,931.1,945.0,920.0,920.0,426,-3.16,396315.9
VLBS,2022-06-16,902.0,969.0,902.0,948.0,207,3.04,193774.0
VLBS,2022-06-17,948.0,956.0,930.0,940.0,212,-0.84,200236.0
VLBS,2022-06-19,922.0,940.0,922.0,922.1,547,-1.9,506700.2
VLBS,2022-06-20,921.0,921.0,867.3,877.0,717,-4.89,631113.9
VLBS,2022-06-21,894.5,910.0,892.0,902.9,756,2.95,680419.6
VLBS,2022-06-22,891.0,891.0,879.0,880.0,414,-2.54,366598.2
VLBS,2022-06-23,865.0,865.0,836.0,847.0,1068,-3.75,909159.0
VLBS,2022-06-24,832.0,875.0,832.0,875.0,203,3.31,173192.0
VLBS,2022-06-26,892.5,946.0,892.5,939.0,966,7.31,893201.4
VLBS,2022-06-27,950.0,957.0,920.3,923.0,708,-1.7,662433.0
VLBS,2022-06-28,912.0,920.0,890.0,900.0,711,-2.49,643402.2
VLBS,2022-06-29,905.0,964.0,905.0,945.0,1072,5.0,1003013.0
VLBS,2022-06-30,940.0,1009.0,940.0,1009.0,2318,6.77,2256058.0
VLBS,2022-07-01,1010.0,1024.0,995.0,995.0,489,-1.39,490511.0
VLBS,2022-07-03,1014.9,1054.0,981.0,1035.0,767,4.02,784405.0
VLBS,2022-07-04,1050.0,1050.0,995.0,995.0,3398,-3.86,3496242.2
VLBS,2022-07-05,1010.0,1015.0,962.1,978.0,1969,-1.71,1931333.5
VLBS,2022-07-06,960.0,988.0,941.1,988.0,450,1.02,432428.0
VLBS,2022-07-07,988.0,1007.0,960.0,984.0,1665,-0.4,1620158.0
VLBS,2022-07-08,966.0,966.0,928.0,949.0,814,-3.56,764183.9
VLBS,2022-07-11,940.0,940.0,882.0,882.0,1778,-7.06,1595804.6
VLBS,2022-07-12,866.0,917.8,865.0,887.0,690,0.57,611001.2
VLBS,2022-07-13,903.0,930.0,900.0,930.0,618,4.85,564348.7
VLBS,2022-07-14,944.0,948.0,930.0,943.0,1940,1.4,1820259.0
VLBS,2022-07-15,943.0,954.9,925.1,940.0,1419,-0.32,1321730.0
VLBS,2022-07-17,958.8,975.0,954.7,970.0,164,3.19,157922.0
VLBS,2022-07-18,950.6,985.0,950.6,984.0,625,1.44,611067.0
VLBS,2022-07-19,1000.0,1005.0,986.0,991.0,1696,0.71,1689882.4
VLBS,2022-07-20,1000.0,1059.0,990.0,1005.0,1482,1.41,1508118.3
VLBS,2022-07-21,1000.0,1024.0,991.0,1019.0,531,1.39,537461.0
VLBS,2022-07-22,1000.0,1020.0,980.0,999.6,542,-1.9,536914.5
VLBS,2022-07-24,1010.0,1060.0,1000.0,1050.0,1623,5.04,1661781.7
VLBS,2022-07-25,1070.0,1095.1,1050.0,1090.0,3373,3.81,3618077.0
VLBS,2022-07-26,1089.0,1099.0,1038.0,1058.0,1362,-2.94,1445371.4
VLBS,2022-07-27,1060.0,1110.0,1035.0,1095.0,2078,3.5,2231736.4
VLBS,2022-07-28,1085.0,1140.0,1076.1,1085.0,3224,-0.91,3580581.0
VLBS,2022-07-29,1080.0,1104.0,1080.0,1094.0,499,0.83,543296.0
VLBS,2022-07-31,1094.0,1114.0,1075.0,1082.0,1573,-1.1,1716852.0
VLBS,2022-08-01,1082.0,1103.6,1075.0,1075.0,1287,-0.65,1399090.0
VLBS,2022-08-02,1075.0,1075.0,1053.5,1074.9,549,-0.01,582558.0
VLBS,2022-08-03,1094.9,1116.2,1056.0,1103.0,2797,2.61,3056019.2
VLBS,2022-08-04,1095.0,1100.0,1079.0,1079.0,782,-2.18,849369.0
VLBS,2022-08-05,1069.0,1070.0,1040.0,1045.0,704,-3.15,737193.0
VLBS,2022-08-07,1065.9,1070.0,1033.3,1043.0,1083,-0.19,1140560.0
VLBS,2022-08-08,1050.0,1063.0,1032.0,1063.0,773,1.92,808646.0
VLBS,2022-08-09,1042.0,1062.0,1026.0,1030.0,597,-3.1,622885.8
VLBS,2022-08-10,1011.0,1028.0,1010.0,1026.0,638,-0.39,651576.4
VLBS,2022-08-11,1008.0,1018.0,990.0,990.0,2592,-3.51,2590822.7
VLBS,2022-08-14,985.0,990.0,960.0,960.0,725,-3.03,704571.0
VLBS,2022-08-15,960.0,1010.0,958.0,1010.0,908,5.21,885230.2
VLBS,2022-08-16,1008.0,1008.0,985.0,986.0,414,-2.38,411055.0
VLBS,2022-08-17,970.0,999.0,966.4,979.0,1522,-0.71,1479607.2
VLBS,2022-08-18,997.5,998.0,983.5,990.2,556,1.14,551637.0
VLBS,2022-08-21,990.0,990.0,983.2,986.0,358,-0.42,353278.8
VLBS,2022-08-22,971.0,987.8,970.0,970.0,542,-1.62,526486.3
VLBS,2022-08-23,987.5,988.0,970.0,986.9,475,1.74,465633.0
VLBS,2022-08-24,990.0,990.0,970.2,971.3,264,-1.58,259540.2
VLBS,2022-08-25,990.0,998.5,965.0,965.0,660,-0.65,638851.3
VLBS,2022-08-26,960.0,978.0,960.0,977.0,136,1.24,131030.0
VLBS,2022-08-28,960.0,960.0,940.0,948.0,785,-2.97,741951.3
VLBS,2022-08-29,930.0,948.0,930.0,946.0,727,-0.21,678579.7
VLBS,2022-08-30,964.0,964.0,925.0,937.9,476,-0.86,446738.0
VLBS,2022-08-31,921.2,940.0,921.2,940.0,99,0.22,91825.6
VLBS,2022-09-01,930.0,931.0,912.0,931.0,462,-0.96,425439.0
VLBS,2022-09-02,931.0,945.0,912.4,945.0,919,1.5,840956.8
VLBS,2022-09-04,931.0,934.6,900.0,929.0,1230,-1.69,1128300.1
VLBS,2022-09-05,930.0,930.0,910.0,928.0,1002,-0.11,914857.4
VLBS,2022-09-06,913.0,917.9,900.0,917.9,343,-1.09,311069.0
VLBS,2022-09-07,902.1,916.0,902.0,916.0,134,-0.21,121106.0
VLBS,2022-09-08,910.0,918.0,892.0,892.0,601,-2.62,541263.0
VLBS,2022-09-11,892.0,892.0,877.1,877.1,347,-1.67,304867.7
VLBS,2022-09-12,865.5,865.5,850.1,860.0,1425,-1.95,1225830.2
VLBS,2022-09-13,876.0,880.0,870.0,880.0,875,2.33,768890.0
VLBS,2022-09-14,897.6,907.9,890.0,907.9,382,3.17,344415.0
VLBS,2022-09-15,925.0,925.0,872.1,889.0,904,-2.08,811591.9
VLBS,2022-09-16,871.3,904.0,843.0,888.0,435,-0.11,375725.8
VLBS,2022-09-18,872.0,872.0,840.0,856.8,251,-3.51,214887.6
VLBS,2022-09-20,845.0,861.0,814.0,820.0,2196,-4.3,1801273.0
VLBS,2022-09-21,836.4,850.0,820.0,820.0,309,0.0,255247.3
VLBS,2022-09-22,817.0,820.0,808.0,811.0,882,-1.1,717123.0
VLBS,2022-09-25,810.0,810.0,795.1,795.1,1724,-1.96,1381956.0
VLBS,2022-09-27,811.0,815.0,799.0,815.0,2146,2.5,1729308.0
VLBS,2022-09-28,831.3,861.0,830.5,849.2,153,4.2,128894.5
VLBS,2022-09-29,866.0,866.0,838.0,838.0,348,-1.32,294025.3
VLBS,2022-10-09,850.0,882.3,849.7,882.3,121,5.29,103988.6
VLBS,2022-10-10,880.0,880.0,855.0,871.0,945,-1.28,811891.5
VLBS,2022-10-11,860.0,873.0,843.0,843.0,387,-3.21,330011.0
VLBS,2022-10-12,840.0,858.0,840.0,858.0,1050,1.78,884350.0
VLBS,2022-10-13,847.0,850.0,843.0,843.0,480,-1.75,406130.0
VLBS,2022-10-16,849.0,849.0,842.0,842.0,117,-0.12,98753.0
VLBS,2022-10-17,831.0,831.0,831.0,831.0,11,-1.31,9141.0
VLBS,2022-10-19,840.0,859.9,827.0,838.0,273,0.84,227921.0
VLBS,2022-10-20,822.1,840.0,821.0,840.0,385,0.24,317464.4
VLBS,2022-10-23,824.0,824.0,824.0,824.0,12,-1.9,9888.0
VLBS,2022-10-31,828.0,846.0,820.0,830.0,222,0.73,183666.0
VLBS,2022-11-01,845.0,859.9,845.0,859.9,125,3.6,105774.0
VLBS,2022-11-02,865.0,870.0,842.0,862.0,659,0.24,560441.0
VLBS,2022-11-03,850.0,850.0,840.0,845.0,226,-1.97,190656.0
VLBS,2022-11-06,850.0,895.0,850.0,890.0,1234,5.33,1078991.2
VLBS,2022-11-07,894.0,895.0,880.0,881.0,753,-1.01,666069.0
VLBS,2022-11-08,870.0,870.0,855.0,857.0,407,-2.72,350947.5
VLBS,2022-11-09,840.1,844.0,828.1,832.0,713,-2.92,597320.0
VLBS,2022-11-10,832.0,832.0,822.0,830.0,403,-0.24,333188.0
VLBS,2022-11-14,820.0,830.0,790.0,830.0,581,0.0,467489.0
VLBS,2022-11-15,821.0,827.0,809.0,815.0,1036,-1.81,846734.0
VLBS,2022-11-16,824.0,831.0,806.0,806.0,1263,-1.1,1044024.8
VLBS,2022-11-17,822.0,834.0,810.0,834.0,1689,3.47,1378301.0
VLBS,2022-11-22,850.0,850.0,820.0,820.0,233,-1.68,193790.0
VLBS,2022-11-23,818.0,820.0,810.0,810.0,180,-1.22,146020.0
VLBS,2022-11-24,810.0,826.0,802.0,826.0,825,1.98,667618.0
VLBS,2022-11-27,810.1,855.0,810.1,854.0,273,3.39,229375.5
VLBS,2022-11-28,837.0,865.0,825.0,850.0,1765,-0.47,1478049.1
VLBS,2022-11-29,865.0,865.0,849.0,849.0,230,-0.12,195942.0
VLBS,2022-11-30,834.0,850.0,833.0,849.0,285,0.0,239045.0
VLBS,2022-12-01,845.0,845.0,834.0,834.0,267,-1.77,223715.0
VLBS,2022-12-04,850.0,850.0,820.0,848.0,2748,1.68,2264433.0
VLBS,2022-12-05,833.1,835.0,820.0,820.0,188,-3.3,155607.4
VLBS,2022-12-06,810.0,835.0,810.0,820.0,53,0.0,43405.0
VLBS,2022-12-07,815.0,836.0,815.0,835.0,1024,1.83,851517.0
VLBS,2022-12-11,840.0,845.0,805.0,829.2,725,-0.69,594662.0
VLBS,2022-12-12,821.0,821.0,821.0,821.0,13,-0.99,10673.0
VLBS,2022-12-13,821.0,828.0,821.0,825.0,71,0.49,58564.0
VLBS,2022-12-14,820.0,825.0,813.0,813.0,84,-1.45,68911.0
VLBS,2022-12-15,819.0,821.0,801.0,810.0,501,-0.37,404111.0
VLBS,2022-12-18,800.0,805.0,775.0,788.0,1724,-2.72,1362292.8
VLBS,2022-12-19,789.0,831.0,777.0,814.4,1184,3.35,933155.9
VLBS,2022-12-20,811.0,811.0,798.2,798.2,919,-1.99,738884.2
VLBS,2022-12-21,782.3,810.9,782.3,797.0,236,-0.15,187972.8
VLBS,2022-12-22,796.0,800.0,796.0,800.0,534,0.38,426424.0
VLBS,2022-12-26,815.0,831.0,815.0,831.0,658,3.88,539027.0
VLBS,2022-12-27,847.0,847.0,826.0,832.0,1054,0.12,880917.0
VLBS,2022-12-28,830.0,834.0,810.5,834.0,1005,0.24,827833.6
VLBS,2022-12-29,839.8,857.0,839.8,857.0,1295,2.76,1102452.2
VLBS,2023-01-01,859.0,872.0,840.0,850.0,2551,-0.82,2191536.9
VLBS,2023-01-02,850.0,865.0,835.0,865.0,2639,1.76,2236065.0
VLBS,2023-01-03,865.0,909.8,864.5,893.0,1583,3.24,1390861.8
VLBS,2023-01-04,909.0,930.0,875.5,927.1,6050,3.82,5446953.6
VLBS,2023-01-05,908.6,960.0,908.6,930.0,3201,0.31,2986358.6
VLBS,2023-01-08,914.0,960.0,912.1,933.7,2448,0.4,2306103.5
VLBS,2023-01-09,931.0,999.0,925.0,964.0,1583,3.25,1507150.5
VLBS,2023-01-10,962.1,1010.0,956.2,970.0,3285,0.62,3218662.6
VLBS,2023-01-12,989.0,989.0,922.3,939.0,2272,-3.2,2135508.4
VLBS,2023-01-17,921.1,1014.3,921.1,994.1,4926,5.87,4699239.1
VLBS,2023-01-18,976.0,990.0,962.0,990.0,1132,-0.41,1106472.4
VLBS,2023-01-19,971.0,985.0,970.0,981.0,1271,-0.91,1241284.0
VLBS,2023-01-23,961.4,985.0,950.0,965.0,1178,-1.63,1137458.2
VLBS,2023-01-24,946.0,964.9,940.0,964.9,2860,-0.01,2699732.2
VLBS,2023-01-25,964.5,984.0,964.5,979.0,1197,1.46,1167500.6
VLBS,2023-01-26,992.0,992.0,980.0,980.0,80,0.1,78630.0
VLBS,2023-01-29,961.0,978.0,949.5,953.1,956,-2.74,916383.3
VLBS,2023-01-30,943.0,944.1,900.1,900.1,2310,-5.56,2153162.3
VLBS,2023-01-31,886.0,912.0,885.1,912.0,1306,1.32,1166711.2
VLBS,2023-02-01,899.0,909.0,896.0,900.0,1470,-1.32,1325339.1
VLBS,2023-02-02,916.0,916.0,885.1,897.0,722,-0.33,649441.2
VLBS,2023-02-05,885.0,915.0,885.0,901.1,1460,0.46,1318509.8
VLBS,2023-02-06,888.1,901.0,888.1,899.0,196,-0.23,175711.1
VLBS,2023-02-07,900.0,935.0,900.0,935.0,1019,4.0,936034.6
VLBS,2023-02-08,935.0,935.0,897.1,912.0,7187,-2.46,6518430.4
VLBS,2023-02-09,930.2,967.0,930.2,966.0,532,5.92,510562.4
VLBS,2023-02-15,946.7,946.7,911.0,920.0,4812,-4.76,4418410.7
VLBS,2023-02-16,903.0,921.0,903.0,904.0,1795,-1.74,1632449.1
VLBS,2023-02-20,904.0,904.0,885.0,890.0,479,-1.55,427302.4
VLBS,2023-02-22,907.0,924.0,856.4,875.0,1274,-1.69,1114552.5
VLBS,2023-02-23,858.0,866.0,787.5,787.5,8951,-10.0,7297472.9
VLBS,2023-02-26,772.0,850.0,753.1,850.0,3297,7.94,2658723.5
VLBS,2023-02-27,840.0,848.0,803.0,831.0,2577,-2.24,2113561.0
VLBS,2023-02-28,815.0,843.0,810.0,834.0,933,0.36,768811.2
VLBS,2023-03-01,818.1,829.0,802.8,829.0,370,-0.6,300405.1
VLBS,2023-03-02,812.6,818.0,793.0,800.0,1029,-3.5,827607.4
VLBS,2023-03-05,800.0,800.0,754.0,765.0,1089,-4.38,834178.0
VLBS,2023-03-07,775.3,780.3,760.0,773.0,269,1.05,206312.7
VLBS,2023-03-09,766.0,786.0,766.0,786.0,271,1.68,211889.0
VLBS,2023-03-12,780.0,800.0,780.0,780.0,200,-0.76,156846.0
VLBS,2023-03-13,771.0,785.0,770.0,785.0,495,0.64,381900.0
VLBS,2023-03-14,780.0,780.0,769.3,780.0,750,-0.64,578428.5
VLBS,2023-03-15,765.0,775.0,749.7,775.0,549,-0.64,416555.8
VLBS,2023-03-16,760.0,770.0,751.0,751.0,663,-3.1,501425.4
VLBS,2023-03-19,762.9,762.9,740.1,750.0,331,-0.13,248720.0
VLBS,2023-03-20,751.0,784.0,751.0,758.1,1829,1.08,1396193.8
VLBS,2023-03-22,744.0,770.0,744.0,770.0,1071,1.57,812326.5
VLBS,2023-03-23,770.0,770.0,754.6,760.0,530,-1.3,404380.0
VLBS,2023-03-26,765.0,765.0,745.0,754.0,671,-0.79,502414.0
VLBS,2023-03-27,739.0,740.0,726.0,740.0,896,-1.86,659088.0
VLBS,2023-03-28,752.0,775.0,741.1,769.0,3194,3.92,2444489.2
VLBS,2023-03-29,780.0,795.6,770.0,790.0,11622,2.73,9024029.2
VLBS,2023-03-30,649.0,670.4,648.0,665.0,955,1.01,630446.4
VLBS,2023-04-02,660.0,660.0,610.0,620.5,688,-6.69,434026.0
VLBS,2023-04-03,610.1,620.0,584.3,620.0,2998,-0.08,1786477.7
VLBS,2023-04-04,619.0,629.0,607.6,618.0,495,-0.32,304263.0
VLBS,2023-04-05,606.0,617.0,606.0,616.9,716,-0.18,435920.0
VLBS,2023-04-06,627.4,627.4,610.0,622.0,976,0.83,601823.9
VLBS,2023-04-09,612.0,618.0,606.0,606.0,621,-2.57,378504.7
VLBS,2023-04-10,602.0,609.0,597.0,600.0,493,-0.99,296272.5
VLBS,2023-04-11,600.0,610.0,598.0,610.0,386,1.67,232146.0
VLBS,2023-04-12,610.0,665.0,610.0,665.0,2092,9.02,1345885.0
VLBS,2023-04-13,660.0,660.0,637.0,645.0,923,-3.01,597308.7
VLBS,2023-04-16,640.0,640.0,627.1,630.0,796,-2.33,501593.6
VLBS,2023-04-17,622.0,622.0,617.4,617.4,506,-2.0,313262.6
VLBS,2023-04-18,606.1,618.1,606.0,608.3,331,-1.47,201105.0
VLBS,2023-04-19,608.0,615.0,608.0,615.0,269,1.1,164583.0
VLBS,2023-04-20,620.0,620.0,600.0,615.0,1176,0.0,717942.5
VLBS,2023-04-23,615.0,627.0,603.0,615.0,426,0.0,262101.3
VLBS,2023-04-24,603.0,615.0,603.0,615.0,52,0.0,31523.2
VLBS,2023-04-25,626.9,627.0,605.0,605.0,388,-1.63,238704.0
VLBS,2023-04-26,610.0,614.0,602.1,602.1,171,-0.48,104456.0
VLBS,2023-04-27,591.1,613.0,591.1,595.5,610,-1.1,366851.0
VLBS,2023-04-30,604.0,605.0,596.0,596.0,450,0.08,270190.0
VLBS,2023-05-02,596.0,596.0,585.0,585.0,321,-1.85,188551.0
VLBS,2023-05-03,595.0,595.0,584.0,584.0,132,-0.17,77918.1
VLBS,2023-05-04,582.0,585.0,581.0,585.0,77,0.17,44969.0
VLBS,2023-05-07,575.0,575.7,575.0,575.0,627,-1.71,360594.5
VLBS,2023-05-08,571.0,571.0,565.0,565.0,80,-1.74,45450.0
VLBS,2023-05-09,562.0,565.5,562.0,565.5,126,0.09,71122.0
VLBS,2023-05-10,565.0,570.0,565.0,565.5,56,0.0,31749.0
VLBS,2023-05-11,575.9,575.9,565.0,573.9,288,1.49,164041.4
VLBS,2023-05-14,565.0,570.1,563.0,566.0,2463,-1.38,1401021.0
VLBS,2023-05-15,561.0,566.1,561.0,561.0,439,-0.88,247272.5
VLBS,2023-05-16,565.0,577.0,565.0,577.0,272,2.85,153924.0
VLBS,2023-05-17,565.5,580.0,565.5,573.0,625,-0.69,360277.0
VLBS,2023-05-18,584.4,596.0,563.0,587.8,307,2.58,175208.2
VLBS,2023-05-21,580.9,598.8,580.9,590.0,174,0.37,102632.8
VLBS,2023-05-22,591.0,591.0,568.0,590.0,331,0.0,192300.2
VLBS,2023-05-23,601.8,649.0,600.0,635.0,1154,7.63,726850.8
VLBS,2023-05-24,622.3,647.0,622.3,646.9,1014,1.87,654257.4
VLBS,2023-05-28,650.0,660.0,629.0,629.0,778,-2.77,503041.4
VLBS,2023-05-30,620.0,620.0,601.0,601.3,449,-4.4,270593.2
VLBS,2023-05-31,601.0,601.0,582.0,593.6,446,-1.28,262987.0
VLBS,2023-06-01,585.0,596.7,585.0,596.7,163,0.52,96686.7
VLBS,2023-06-04,608.0,613.1,598.0,613.1,114,2.75,68929.7
VLBS,2023-06-05,625.0,625.0,613.0,622.0,292,1.45,180110.0
VLBS,2023-06-06,610.0,627.0,597.8,627.0,126,0.8,76522.8
VLBS,2023-06-07,638.0,638.0,616.1,616.1,1725,-1.74,1073755.1
VLBS,2023-06-08,607.0,618.0,606.0,610.0,1143,-0.99,702603.0
VLBS,2023-06-11,621.0,632.0,621.0,629.0,509,3.11,319432.0
VLBS,2023-06-12,641.5,660.0,620.2,622.0,174,-1.11,110413.1
VLBS,2023-06-13,630.0,669.0,622.0,665.0,1743,6.91,1127043.5
VLBS,2023-06-14,675.0,682.0,661.6,662.1,899,-0.44,603715.0
VLBS,2023-06-15,675.3,675.3,655.0,666.0,2207,0.59,1468827.0
VLBS,2023-06-18,679.0,699.0,667.1,699.0,1495,4.95,1019164.5
VLBS,2023-06-19,712.0,712.0,680.0,680.0,1676,-2.72,1151777.4
VLBS,2023-06-20,693.0,720.0,660.2,660.2,2735,-2.91,1907708.4
VLBS,2023-06-21,670.0,673.4,635.0,647.0,1025,-2.0,662289.8
VLBS,2023-06-22,650.0,655.0,636.2,640.0,774,-1.08,499932.2
VLBS,2023-06-25,638.0,686.4,622.3,670.0,4493,4.69,2928197.6
VLBS,2023-06-26,683.4,694.5,670.0,691.0,1016,3.13,696777.0
VLBS,2023-06-27,704.0,760.1,704.0,760.1,9133,10.0,6799373.0
VLBS,2023-06-28,775.0,780.0,735.0,735.0,3845,-3.3,2879945.0
VLBS,2023-07-02,725.0,735.1,701.0,701.0,2181,-4.63,1563643.2
VLBS,2023-07-03,701.0,714.0,690.5,701.0,1426,0.0,1002033.0
VLBS,2023-07-04,715.0,728.0,690.1,702.0,465,0.14,324757.1
VLBS,2023-07-05,715.0,716.0,663.3,700.0,1011,-0.28,697859.6
VLBS,2023-07-06,686.0,688.0,674.0,674.0,784,-3.71,531497.6
VLBS,2023-07-09,665.0,692.0,665.0,692.0,1001,2.67,685412.9
VLBS,2023-07-10,705.8,719.9,700.0,700.0,2010,1.16,1424176.2
VLBS,2023-07-11,714.0,716.0,690.0,699.0,609,-0.14,425045.0
VLBS,2023-07-12,700.0,728.0,699.0,707.6,877,1.23,624644.6
VLBS,2023-07-13,721.0,723.0,712.0,713.0,1820,0.76,1301449.0
VLBS,2023-08-07,717.6,717.6,657.1,672.0,3119,-4.48,2083113.1
VLBS,2023-08-08,659.0,660.3,625.0,625.0,3580,-6.99,2285538.8
VLBS,2023-08-09,625.0,647.0,613.1,635.0,874,1.6,547772.2
VLBS,2023-08-10,623.0,645.0,616.0,635.0,479,0.0,303570.8
VLBS,2023-08-13,635.0,635.0,610.6,623.0,3645,-1.89,2242719.9
VLBS,2023-08-14,623.0,632.0,612.0,614.2,582,-1.41,359718.7
VLBS,2023-08-15,603.0,622.0,602.0,620.0,1679,0.94,1029977.5
VLBS,2023-08-16,609.0,619.9,591.0,611.9,2391,-1.31,1433983.5
VLBS,2023-08-17,600.1,618.5,600.1,618.5,367,1.08,224456.6
VLBS,2023-08-20,607.0,611.5,600.0,606.0,1162,-2.02,701237.4
VLBS,2023-08-21,600.0,607.0,600.0,607.0,351,0.17,210729.7
VLBS,2023-08-22,595.0,606.0,590.0,606.0,2772,-0.16,1647711.6
VLBS,2023-08-23,610.0,613.0,601.0,610.0,1086,0.66,661902.6
VLBS,2023-08-24,602.0,613.0,591.0,593.0,1417,-2.79,854873.6
VLBS,2023-08-27,598.9,598.9,570.0,578.0,1566,-2.53,906363.3
VLBS,2023-08-28,581.2,589.0,581.2,585.1,682,1.23,398073.3
VLBS,2023-08-29,581.0,593.6,580.0,593.6,308,1.45,178976.7
VLBS,2023-08-30,585.0,595.0,580.0,590.0,532,-0.61,310610.0
VLBS,2023-09-03,579.0,589.0,578.2,580.0,557,-1.69,323068.8
VLBS,2023-09-04,568.4,580.0,563.5,577.9,859,-0.36,490800.3
VLBS,2023-09-05,572.0,573.0,567.0,573.0,673,-0.85,382825.6
VLBS,2023-09-07,572.0,572.0,565.0,569.0,1871,-0.7,1062890.0
VLBS,2023-09-10,570.0,575.0,560.0,566.0,2873,-0.53,1625067.0
VLBS,2023-09-11,570.0,597.0,570.0,586.0,2713,3.53,1590901.4
VLBS,2023-09-12,580.0,580.0,570.0,570.0,491,-2.73,281666.0
VLBS,2023-09-13,575.0,585.0,566.2,585.0,4034,2.63,2346637.3
VLBS,2023-09-17,590.0,590.0,567.0,570.1,1618,-2.55,930657.6
VLBS,2023-09-18,570.0,570.0,568.0,570.0,319,-0.02,181285.0
VLBS,2023-09-19,581.4,581.4,574.1,574.1,536,0.72,310462.0
VLBS,2023-09-21,585.4,605.0,585.4,597.0,4127,3.99,2460951.1
VLBS,2023-09-24,590.0,616.0,590.0,609.0,1970,2.01,1190988.5
VLBS,2023-09-25,598.0,608.0,598.0,598.3,1152,-1.76,692943.6
VLBS,2023-09-26,608.0,621.9,600.1,620.9,1004,3.78,612025.2
VLBS,2023-09-27,612.0,621.0,602.1,616.9,937,-0.64,577550.6
VLBS,2023-10-01,605.0,605.0,586.5,598.0,1372,-3.06,813484.8
VLBS,2023-10-02,600.0,622.0,589.0,622.0,1719,4.01,1034045.1
VLBS,2023-10-03,632.9,632.9,603.6,603.6,690,-2.96,420256.2
VLBS,2023-10-04,615.6,634.4,611.0,612.1,1533,1.41,945544.5
VLBS,2023-10-05,618.0,618.0,600.2,610.0,875,-0.34,526203.9
VLBS,2023-10-08,597.9,600.0,596.0,596.0,902,-2.3,539252.8
VLBS,2023-10-09,591.0,595.0,590.2,592.0,1408,-0.67,832818.7
VLBS,2023-10-10,582.2,588.8,580.2,581.7,1349,-1.74,786133.8
VLBS,2023-10-11,581.7,595.0,581.7,595.0,3330,2.29,1947749.6
VLBS,2023-10-12,595.0,595.0,583.4,583.4,1002,-1.95,585721.6
VLBS,2023-10-16,574.0,579.0,557.0,579.0,3368,-0.75,1904683.5
VLBS,2023-10-17,590.5,597.0,578.8,597.0,1941,3.11,1142334.4
VLBS,2023-10-18,590.0,611.0,587.0,611.0,793,2.35,468402.5
VLBS,2023-10-19,598.8,608.9,587.0,605.0,1414,-0.98,837069.0
VLBS,2023-10-29,593.0,593.0,575.0,582.0,2291,-3.8,1326327.0
VLBS,2023-10-30,575.2,582.5,575.2,582.5,538,0.09,309686.0
VLBS,2023-10-31,575.0,575.0,553.0,569.0,3937,-2.32,2229640.5
VLBS,2023-11-01,562.0,580.0,561.0,561.0,484,-1.41,272192.6
VLBS,2023-11-02,557.2,557.2,556.0,556.0,111,-0.89,61768.0
VLBS,2023-11-05,546.1,567.0,546.1,567.0,941,1.98,523169.7
VLBS,2023-11-06,577.0,623.0,556.0,591.0,796,4.23,464738.8
VLBS,2023-11-07,602.0,602.0,575.0,585.0,1371,-1.02,801374.2
VLBS,2023-11-08,593.6,593.6,582.0,582.0,379,-0.51,220811.0
VLBS,2023-11-09,593.0,593.0,570.0,570.0,588,-2.06,336722.2
VLBS,2023-11-20,560.1,579.8,552.8,575.2,1461,0.91,824487.5
VLBS,2023-11-21,564.0,579.0,555.0,579.0,3042,0.66,1717886.0
VLBS,2023-11-22,570.0,589.9,570.0,585.0,526,1.04,302939.0
VLBS,2023-11-23,573.3,584.0,562.0,583.8,680,-0.21,384423.0
VLBS,2023-11-26,594.9,642.1,567.0,642.1,5069,9.99,2933179.1
VLBS,2023-11-27,640.0,640.0,627.2,627.2,113,-2.32,72153.6
VLBS,2023-11-28,614.7,614.7,568.1,597.9,6371,-4.67,3727265.8
VLBS,2023-11-29,609.8,657.0,576.5,657.0,1395,9.88,834843.7
VLBS,2023-11-30,643.9,643.9,591.3,591.3,3780,-10.0,2260530.0
VLBS,2023-12-03,590.0,590.0,580.0,589.0,363,-0.39,211579.0
VLBS,2023-12-04,577.3,600.0,566.5,599.9,908,1.85,526029.8
VLBS,2023-12-05,610.9,610.9,570.0,570.0,657,-4.98,386509.4
VLBS,2023-12-06,559.0,616.0,558.6,616.0,2288,8.07,1310916.6
VLBS,2023-12-07,617.0,617.0,570.0,584.0,1871,-5.19,1096407.2
VLBS,2023-12-10,595.6,607.5,595.6,607.5,20,4.02,12031.0
VLBS,2023-12-11,607.5,650.0,578.8,650.0,9547,7.0,5702422.1
VLBS,2023-12-12,663.0,663.0,595.0,630.0,2850,-3.08,1767967.1
VLBS,2023-12-13,617.4,666.0,609.0,625.0,6014,-0.79,3774969.6
VLBS,2023-12-14,612.5,661.0,602.2,620.0,7510,-0.8,4591315.1
VLBS,2023-12-17,625.0,631.9,603.0,610.0,2058,-1.61,1251962.0
VLBS,2023-12-18,622.1,654.7,615.0,638.2,10801,4.62,6911792.9
VLBS,2023-12-19,649.9,663.0,629.0,655.0,2423,2.63,1558288.0
VLBS,2023-12-20,662.9,668.0,650.0,660.0,7275,0.76,4785035.9
VLBS,2023-12-21,673.0,673.0,642.0,643.0,5493,-2.58,3569919.2
VLBS,2023-12-24,655.0,660.0,618.0,640.5,9065,-0.39,5862858.1
VLBS,2023-12-27,642.0,642.0,620.0,624.5,2968,-2.5,1868612.6
VLBS,2023-12-28,636.0,649.0,620.0,622.5,4740,-0.32,3008670.9
VLBS,2024-01-01,634.9,647.0,616.0,616.0,1884,-1.04,1182683.5
VLBS,2024-01-02,615.7,624.5,605.0,622.8,2258,1.1,1390220.5
VLBS,2024-01-03,634.0,634.6,598.0,634.6,2478,1.89,1523625.1
VLBS,2024-01-04,626.0,644.0,595.9,624.0,10898,-1.67,6587610.4
VLBS,2024-01-07,612.5,625.0,600.0,625.0,1443,0.16,880811.1
VLBS,2024-01-08,637.0,637.0,605.0,620.0,5222,-0.8,3180251.0
VLBS,2024-01-09,610.0,640.0,607.6,640.0,5574,3.23,3494406.8
VLBS,2024-01-10,650.0,665.0,637.0,652.0,5738,1.88,3736932.5
VLBS,2024-01-11,655.0,659.0,627.6,647.0,3279,-0.77,2094449.8
VLBS,2024-01-14,656.0,656.0,637.0,651.0,2998,0.62,1934628.2
VLBS,2024-01-16,641.1,683.0,641.1,680.0,12552,4.45,8436223.0
VLBS,2024-01-17,692.0,705.0,673.0,673.1,12796,-1.01,8818712.4
VLBS,2024-01-18,659.7,688.5,646.8,688.5,8886,2.29,5841525.9
VLBS,2024-01-21,674.8,675.5,648.0,653.1,5587,-5.14,3680296.1
VLBS,2024-01-22,660.0,660.0,636.2,636.2,2129,-2.59,1374019.2
VLBS,2024-01-23,636.0,647.9,633.1,646.6,1134,1.63,721976.5
VLBS,2024-01-24,659.5,659.5,633.7,650.0,1203,0.53,770552.4
VLBS,2024-01-25,640.0,646.0,635.0,636.1,1613,-2.14,1028028.5
VLBS,2024-01-28,626.0,648.0,620.0,648.0,887,1.87,558497.9
VLBS,2024-01-29,655.0,655.0,628.0,639.0,681,-1.39,432396.5
VLBS,2024-01-30,651.0,664.0,645.2,651.0,4720,1.88,3088617.3
VLBS,2024-01-31,648.0,648.0,636.0,636.0,2095,-2.3,1340633.0
VLBS,2024-02-01,628.0,639.0,623.3,623.3,1234,-2.0,774557.8
VLBS,2024-02-04,635.0,635.0,622.1,635.0,1748,1.88,1097823.1
VLBS,2024-02-05,636.0,642.0,623.4,627.2,305,-1.23,192734.1
VLBS,2024-02-06,638.0,645.9,637.5,640.0,2539,2.04,1626919.0
VLBS,2024-02-07,652.0,652.0,627.2,639.9,2119,-0.02,1349648.6
VLBS,2024-02-08,640.0,645.0,633.0,640.0,1961,0.02,1259342.9
VLBS,2024-02-11,630.0,640.0,630.0,631.1,1243,-1.39,790586.6
VLBS,2024-02-12,624.0,642.0,624.0,642.0,1898,1.73,1212960.9
VLBS,2024-02-13,652.0,652.0,617.0,636.0,1848,-0.93,1155319.5
VLBS,2024-02-14,630.0,636.1,624.0,636.0,2701,0.0,1698406.3
VLBS,2024-02-15,624.1,630.0,624.0,624.5,1474,-1.81,921452.7
VLBS,2024-02-18,636.0,636.0,606.0,607.0,2730,-2.8,1664749.3
VLBS,2024-02-20,610.0,613.0,600.0,600.0,6519,-1.15,3943551.5
VLBS,2024-02-21,605.0,639.8,605.0,617.0,2848,2.83,1775118.3
VLBS,2024-02-22,611.1,617.0,604.8,604.8,1832,-1.98,1122642.6
VLBS,2024-02-25,605.1,607.0,592.8,594.0,1777,-1.79,1059849.3
VLBS,2024-02-26,585.1,598.0,585.1,598.0,334,0.67,198403.2
VLBS,2024-02-27,608.0,608.0,590.0,598.0,1282,0.0,762358.0
VLBS,2024-02-28,587.0,603.0,587.0,591.2,2189,-1.14,1302949.8
VLBS,2024-02-29,585.0,600.0,580.3,588.0,1250,-0.54,737852.8
VLBS,2024-03-03,590.0,590.0,564.9,580.0,2861,-1.36,1646056.2
VLBS,2024-03-04,591.6,603.0,591.6,603.0,20,3.97,11946.0
VLBS,2024-03-05,605.0,613.8,582.0,592.4,1036,-1.76,613372.8
VLBS,2024-03-06,592.3,604.2,592.2,600.0,1636,1.28,975876.4
VLBS,2024-03-07,612.0,624.0,607.2,614.9,2454,2.48,1513086.3
VLBS,2024-03-10,612.0,650.0,612.0,641.0,5900,4.24,3760278.0
VLBS,2024-03-12,653.8,673.0,648.0,662.2,6502,3.31,4271474.5
VLBS,2024-03-13,667.0,673.0,657.0,667.9,5061,0.86,3372662.4
VLBS,2024-03-14,660.0,666.0,640.0,640.0,4414,-4.18,2874400.3
VLBS,2024-03-17,652.0,660.0,631.0,649.0,4220,1.41,2728356.5
VLBS,2024-03-18,641.1,657.0,641.1,656.0,3422,1.08,2231645.4
VLBS,2024-03-19,665.0,692.0,665.0,677.1,9830,3.22,6680668.9
VLBS,2024-03-20,690.0,719.8,674.0,700.1,50097,3.4,35386040.7
VLBS,2024-03-21,714.0,714.0,685.1,685.1,7974,-2.14,5557663.4
VLBS,2024-03-25,681.0,681.0,660.0,667.0,5898,-2.64,3932623.1
VLBS,2024-03-26,680.3,680.3,667.2,670.0,3305,0.45,2224653.2
VLBS,2024-03-27,682.9,684.8,668.5,670.1,6258,0.01,4225250.7
VLBS,2024-03-28,683.0,684.9,666.0,678.0,6623,1.18,4475909.9
VLBS,2024-03-31,690.0,690.0,661.0,667.0,3629,-1.62,2423372.8
VLBS,2024-04-01,680.3,692.8,653.7,681.5,3809,2.17,2583953.3
VLBS,2024-04-02,685.0,714.0,674.0,701.0,25905,2.86,18205045.0
VLBS,2024-04-03,700.2,759.0,700.2,742.0,36632,5.85,26932809.8
VLBS,2024-04-04,742.0,805.0,735.0,780.0,36394,5.12,27826397.3
VLBS,2024-04-07,780.0,794.0,756.4,770.0,17640,-1.28,13635456.4
VLBS,2024-04-09,755.0,785.0,739.9,742.0,10921,-3.64,8171439.4
VLBS,2024-04-10,750.0,756.0,719.0,728.5,8052,-1.82,5872267.9
VLBS,2024-04-14,728.5,767.0,716.4,747.0,8980,2.54,6690637.8
VLBS,2024-04-15,755.0,769.9,727.0,735.0,8129,-1.61,6028151.0
VLBS,2024-04-16,722.2,744.0,715.0,725.0,2666,-1.36,1923054.0
VLBS,2024-04-18,725.0,725.0,697.0,701.1,1823,-3.3,1291325.3
VLBS,2024-04-21,710.0,721.0,670.0,711.0,8519,1.41,5939056.3
VLBS,2024-04-22,711.0,715.0,691.0,691.0,7630,-2.81,5362735.6
VLBS,2024-04-24,691.0,733.1,691.0,705.0,2216,2.03,1545222.0
VLBS,2024-04-25,714.5,714.5,700.6,710.7,3356,0.81,2376802.0
VLBS,2024-04-28,715.0,718.0,700.0,713.9,5717,0.45,4053792.9
VLBS,2024-04-29,723.0,728.1,712.6,720.0,4406,0.85,3182040.0
VLBS,2024-04-30,721.0,744.0,721.0,729.2,4798,1.28,3518977.2
VLBS,2024-05-02,743.0,802.1,743.0,800.0,23266,9.71,18413717.7
VLBS,2024-05-05,816.0,857.0,800.0,816.9,36310,2.11,30156957.7
VLBS,2024-05-06,800.7,813.0,778.0,805.0,13666,-1.46,10816316.6
VLBS,2024-05-07,795.0,853.0,795.0,840.0,16739,4.35,13920055.0
VLBS,2024-05-08,853.8,864.9,826.0,861.0,14712,2.5,12528520.2
VLBS,2024-05-09,875.0,875.0,826.1,847.9,10412,-1.52,8737843.8
VLBS,2024-05-12,854.0,854.0,810.0,824.5,10252,-2.76,8438418.0
VLBS,2024-05-13,811.0,849.8,811.0,849.8,8333,3.07,6945543.4
VLBS,2024-05-14,853.0,900.0,836.1,885.0,25666,4.14,22593164.5
VLBS,2024-05-15,880.0,888.0,855.0,866.0,15354,-2.15,13421811.4
VLBS,2024-05-16,868.0,928.0,868.0,909.0,39636,4.97,35580931.1
VLBS,2024-05-19,920.0,950.0,885.0,948.0,17870,4.29,16602367.8
VLBS,2024-05-20,966.0,966.0,902.0,915.0,27190,-3.48,25099738.9
VLBS,2024-05-21,915.1,960.0,901.0,960.0,26826,4.92,25029660.1
VLBS,2024-05-22,978.9,978.9,924.0,928.0,8507,-3.33,7981627.7
VLBS,2024-05-26,946.0,956.5,901.1,956.5,24514,3.07,22315923.1
VLBS,2024-05-27,949.0,955.0,919.0,955.0,23318,-0.16,22099606.1
VLBS,2024-05-29,955.0,965.0,921.4,937.0,20057,-1.88,18660538.9
VLBS,2024-05-30,928.0,953.0,919.2,919.2,24696,-1.9,23155495.5
VLBS,2024-06-02,910.0,941.8,905.3,920.0,11330,0.09,10444849.6
VLBS,2024-06-03,907.3,955.0,907.3,953.0,24496,3.59,23077285.8
VLBS,2024-06-04,935.0,1031.9,935.0,1005.1,88773,5.47,88430949.7
VLBS,2024-06-05,985.0,1086.0,985.0,1084.5,55584,7.9,58540850.3
VLBS,2024-06-06,1062.9,1110.0,1050.0,1070.0,23776,-1.34,25442524.7
VLBS,2024-06-09,1089.0,1089.0,1022.0,1039.0,48481,-2.9,50232259.4
VLBS,2024-06-10,1036.0,1080.0,1022.1,1077.0,35389,3.66,37361666.7
VLBS,2024-06-11,1098.5,1098.5,1060.1,1085.0,23322,0.74,25086081.6
VLBS,2024-06-12,1076.5,1100.0,1067.0,1098.0,30283,1.2,32838552.4
VLBS,2024-06-13,1095.0,1095.0,1050.0,1054.0,27912,-4.01,29915224.9
VLBS,2024-06-16,1033.0,1069.9,1032.0,1045.0,28102,-0.85,29416592.1
VLBS,2024-06-18,1025.0,1045.0,1006.0,1045.0,14911,0.0,15321745.0
VLBS,2024-06-19,1061.0,1061.0,1025.0,1028.0,7217,-1.63,7430137.0
VLBS,2024-06-20,1010.3,1027.0,1006.0,1006.0,6032,-2.14,6110184.4
VLBS,2024-06-23,1007.1,1018.0,982.1,982.1,6471,-2.38,6441918.3
VLBS,2024-06-24,986.0,1037.0,986.0,1032.8,25483,5.16,26005667.4
VLBS,2024-06-25,1050.0,1050.0,1015.0,1026.0,9084,-0.66,9327799.6
VLBS,2024-06-26,1044.0,1060.0,1025.1,1037.9,21746,1.16,22705061.5
VLBS,2024-06-27,1018.0,1023.9,1010.1,1022.0,18338,-1.53,18646660.7
VLBS,2024-06-30,1012.0,1031.3,1010.0,1015.2,9623,-0.67,9830386.9
VLBS,2024-07-01,1000.0,1024.0,1000.0,1004.0,4889,-1.1,4933077.1
VLBS,2024-07-02,1024.0,1044.0,1005.1,1014.2,24000,1.02,24435888.0
VLBS,2024-07-03,1000.0,1034.0,986.0,1017.0,6642,0.28,6648164.2
VLBS,2024-07-04,1033.0,1033.0,1000.0,1008.0,4083,-0.88,4117445.4
VLBS,2024-07-07,1028.0,1030.0,1003.0,1029.0,10917,2.08,11123180.1
VLBS,2024-07-08,1048.0,1048.0,1017.0,1030.0,8612,0.1,8867564.6
VLBS,2024-07-09,1050.0,1070.0,1025.3,1050.0,26976,1.94,28172487.9
VLBS,2024-07-10,1060.0,1082.0,1050.0,1071.0,43270,2.0,46226663.6
VLBS,2024-07-11,1088.8,1088.9,1035.2,1074.0,14301,0.28,15029039.5
VLBS,2024-07-14,1095.4,1095.4,1029.0,1066.7,27552,-0.68,28695771.3
VLBS,2024-07-15,1088.0,1109.7,1023.9,1040.0,25211,-2.5,26363296.5
VLBS,2024-07-16,1050.0,1059.9,1029.2,1059.9,4199,1.91,4386035.1
VLBS,2024-07-17,1059.9,1080.0,1040.0,1049.9,7110,-0.94,7492010.6
VLBS,2024-07-18,1068.0,1154.0,1067.0,1120.0,73289,6.68,80929806.3
VLBS,2024-07-21,1122.0,1174.0,1102.0,1125.0,24371,0.45,27358212.8
VLBS,2024-07-22,1105.0,1128.9,1090.0,1093.0,17571,-2.84,19415395.9
VLBS,2024-07-23,1095.0,1109.5,1085.1,1090.0,11423,-0.27,12528709.3
VLBS,2024-07-24,1092.0,1111.0,1062.0,1062.5,19196,-2.52,20663469.4
VLBS,2024-07-25,1062.0,1149.5,1062.0,1128.0,26581,6.16,29709464.9
VLBS,2024-07-28,1150.5,1150.5,1046.7,1089.0,21285,-3.46,22948418.2
VLBS,2024-07-29,1089.0,1089.0,1029.0,1033.3,17961,-5.11,18857377.9
VLBS,2024-07-30,1025.0,1089.0,1014.3,1052.0,17718,1.81,18329851.1
VLBS,2024-07-31,1055.1,1083.0,1014.3,1080.0,23682,2.66,25074489.5
VLBS,2024-08-01,1080.0,1090.0,1010.0,1036.0,19009,-4.07,20040363.6
VLBS,2024-08-05,1040.0,1050.0,1019.5,1040.0,14804,0.39,15270955.0
VLBS,2024-08-06,1057.7,1057.7,990.0,1018.9,12690,-2.03,12786919.3
VLBS,2024-08-07,1000.0,1039.2,981.0,1037.0,19437,1.78,19475785.8
VLBS,2024-08-08,1035.0,1040.0,995.1,1005.1,9495,-3.08,9600808.5
VLBS,2024-08-11,1006.0,1039.6,1006.0,1035.0,10329,2.97,10651372.9
VLBS,2024-08-12,1049.8,1055.5,1015.0,1015.2,11899,-1.91,12232222.6
VLBS,2024-08-13,1034.0,1034.0,990.0,1009.0,11153,-0.61,11232311.2
VLBS,2024-08-14,1009.0,1009.0,975.0,999.0,10825,-0.99,10729845.4
VLBS,2024-08-15,999.0,999.0,981.0,984.1,11788,-1.49,11621382.1
VLBS,2024-08-18,984.2,985.0,962.0,972.0,15596,-1.23,15150321.5
VLBS,2024-08-21,987.9,990.0,946.0,950.0,13797,-2.26,13163979.4
VLBS,2024-08-22,950.0,966.8,937.0,942.0,7378,-0.84,6977852.5
VLBS,2024-08-25,935.0,999.0,916.5,960.0,16264,1.91,15544816.3
VLBS,2024-08-27,950.0,992.0,920.0,931.0,6047,-3.02,5718016.0
VLBS,2024-08-28,930.0,954.7,915.4,936.0,8400,0.54,7829928.4
VLBS,2024-08-29,921.0,938.0,910.0,913.0,6017,-2.46,5524859.7
VLBS,2024-09-01,925.0,931.2,898.0,899.0,5697,-1.53,5190691.5
VLBS,2024-09-02,899.0,929.9,899.0,922.0,23900,2.56,21878731.1
VLBS,2024-09-03,938.0,949.0,920.0,940.0,6504,1.95,6048540.4
VLBS,2024-09-04,957.6,975.0,908.0,920.0,9325,-2.13,8777534.5
VLBS,2024-09-05,920.0,978.0,902.0,960.0,9815,4.35,9265242.2
VLBS,2024-09-08,978.0,996.5,959.1,970.0,16805,1.04,16494586.9
VLBS,2024-09-09,989.3,1002.0,920.0,928.0,5362,-4.33,5029954.3
VLBS,2024-09-10,946.0,975.0,910.2,920.0,3050,-0.86,2818338.9
VLBS,2024-09-11,910.0,938.4,894.0,920.0,5156,0.0,4681701.2
VLBS,2024-09-12,903.0,929.0,902.2,920.0,3779,0.0,3460039.2
VLBS,2024-09-15,930.1,938.0,897.0,897.0,4221,-2.5,3843442.6
VLBS,2024-09-16,880.8,909.0,880.6,882.0,6339,-1.67,5607130.3
VLBS,2024-09-18,890.0,895.0,870.0,870.0,3109,-1.36,2732347.9
VLBS,2024-09-22,887.0,904.6,857.0,857.0,1224,-1.49,1060371.8
VLBS,2024-09-23,870.0,870.0,820.1,829.0,2773,-3.27,2300846.3
VLBS,2024-09-24,813.0,830.0,808.0,808.0,2861,-2.53,2333439.5
VLBS,2024-09-25,792.1,838.0,790.0,816.0,1718,0.99,1394991.5
VLBS,2024-09-26,816.0,820.0,785.1,789.0,2089,-3.31,1667931.6
VLBS,2024-09-29,781.0,836.8,775.0,820.0,5678,3.93,4541623.6
VLBS,2024-09-30,820.0,845.0,803.7,824.0,2086,0.49,1713167.7
VLBS,2024-10-01,840.0,860.0,835.2,852.0,2882,3.4,2448104.1
VLBS,2024-10-02,868.9,868.9,835.6,865.0,4313,1.53,3669699.2
VLBS,2024-10-06,870.0,899.0,870.0,880.0,2131,1.73,1867972.0
VLBS,2024-10-07,894.0,945.0,878.0,896.7,2610,1.9,2364719.3
VLBS,2024-10-08,902.0,914.6,860.1,862.1,2668,-3.86,2325482.2
VLBS,2024-10-09,865.0,874.0,843.0,850.0,2412,-1.4,2057555.0
VLBS,2024-10-15,867.0,867.0,850.0,856.1,327,0.72,279864.0
VLBS,2024-10-16,856.1,936.0,856.1,936.0,6286,9.33,5523452.0
VLBS,2024-10-17,917.3,919.0,890.0,919.0,9261,-1.82,8431881.5
VLBS,2024-10-20,900.7,936.0,871.3,936.0,8681,1.85,7794658.0
VLBS,2024-10-21,918.0,919.0,867.0,915.0,2441,-2.24,2208428.7
VLBS,2024-10-22,897.0,910.0,897.0,910.0,447,-0.55,402666.8
VLBS,2024-10-23,892.0,902.5,877.0,902.5,3324,-0.82,2937492.2
VLBS,2024-10-24,885.0,901.0,870.0,870.1,4058,-3.59,3561251.7
VLBS,2024-10-27,887.0,887.0,854.0,857.0,4675,-1.51,4016300.9
VLBS,2024-10-28,862.1,885.0,853.0,885.0,1450,3.27,1262741.4
VLBS,2024-10-29,895.0,900.0,882.1,882.1,1798,-0.33,1591866.4
VLBS,2024-10-30,884.0,898.0,875.0,898.0,3255,1.8,2894742.5
VLBS,2024-11-05,881.0,896.7,880.1,896.7,191,-0.14,168417.4
VLBS,2024-11-06,880.0,883.0,879.1,883.0,251,-1.53,221252.6
VLBS,2024-11-10,880.0,934.0,880.0,934.0,4987,5.78,4540081.8
VLBS,2024-11-11,933.9,990.0,920.0,958.8,20054,2.66,18971348.3
VLBS,2024-11-12,959.0,960.0,931.0,948.0,8675,-1.13,8228958.1
VLBS,2024-11-13,966.0,966.0,920.1,942.9,3094,-0.54,2873447.6
VLBS,2024-11-14,925.0,960.0,922.0,922.0,8800,-2.22,8201550.3
VLBS,2024-11-17,930.0,955.0,922.0,939.0,9356,1.84,8785278.0
VLBS,2024-11-19,942.8,943.0,910.0,919.9,6070,-2.03,5623856.8
VLBS,2024-11-20,915.0,929.0,912.0,929.0,3372,0.99,3084775.3
VLBS,2024-11-21,947.4,959.0,916.0,930.0,24598,0.11,23038212.8
VLBS,2024-11-24,930.0,960.0,930.0,949.6,12714,2.11,11992238.2
VLBS,2024-11-25,950.0,953.0,935.1,951.6,6764,0.21,6393355.9
VLBS,2024-11-26,969.0,974.9,940.0,959.9,5456,0.87,5217504.0
VLBS,2024-11-27,943.1,959.9,943.1,945.0,3541,-1.55,3354459.2
VLBS,2024-11-28,937.1,945.0,929.0,930.0,2654,-1.59,2473591.5
VLBS,2024-12-01,915.0,930.0,915.0,927.0,1078,-0.32,991589.6
VLBS,2024-12-02,925.0,930.0,908.6,908.6,4313,-1.98,3967887.7
VLBS,2024-12-03,910.5,925.0,909.1,909.1,2848,0.06,2606953.5
VLBS,2024-12-04,909.1,920.0,891.0,900.0,4910,-1.0,4443044.7
VLBS,2024-12-05,915.0,918.0,885.0,890.0,3644,-1.11,3288040.5
VLBS,2024-12-08,890.0,890.0,855.6,879.0,1968,-1.24,1707139.4
VLBS,2024-12-09,863.1,885.0,862.0,879.0,3172,0.0,2757708.5
VLBS,2024-12-10,863.0,909.4,863.0,892.0,708,1.48,627311.9
VLBS,2024-12-11,880.0,898.6,880.0,896.7,1117,0.53,986506.8
VLBS,2024-12-12,900.0,914.6,872.0,880.0,2008,-1.86,1771069.8
VLBS,2024-12-16,870.0,880.0,850.0,880.0,2018,0.0,1734281.0
VLBS,2024-12-17,863.0,890.0,853.0,879.0,1211,-0.11,1047929.0
VLBS,2024-12-18,875.0,889.0,856.0,875.0,1079,-0.46,930041.4
VLBS,2024-12-19,860.0,870.0,845.1,851.0,11109,-2.74,9645136.9
VLBS,2024-12-22,851.0,851.0,821.0,824.0,2248,-3.17,1870943.2
VLBS,2024-12-23,840.0,856.7,824.0,856.7,1665,3.97,1393965.4
VLBS,2024-12-24,867.9,870.0,845.0,868.0,2887,1.32,2481275.0
VLBS,2024-12-26,855.0,865.0,850.0,859.8,440,-0.94,374869.4
VLBS,2024-12-29,859.8,872.0,842.8,858.0,2324,-0.21,2005458.6
VLBS,2024-12-31,845.1,877.0,840.0,850.0,1375,-0.93,1172770.9
VLBS,2025-01-01,835.0,849.3,816.4,849.0,2274,-0.12,1871852.8
VLBS,2025-01-02,832.1,845.0,815.6,845.0,1805,-0.47,1485022.9
VLBS,2025-01-05,845.1,861.9,828.0,861.9,3430,2.0,2911933.6
VLBS,2025-01-06,861.9,875.0,847.0,863.9,959,0.23,824717.2
VLBS,2025-01-07,855.0,870.0,855.0,870.0,1578,0.71,1357739.8
VLBS,2025-01-08,870.0,887.0,865.0,878.0,2723,0.92,2377622.5
VLBS,2025-01-09,882.0,882.0,865.5,869.0,2009,-1.03,1746067.0
VLBS,2025-01-12,865.0,865.0,851.7,851.7,1735,-1.99,1498353.0
VLBS,2025-01-13,850.0,850.0,835.0,835.0,1578,-1.96,1321534.1
VLBS,2025-01-15,851.6,868.5,836.6,840.2,501,0.62,426337.1
VLBS,2025-01-16,824.1,835.0,824.0,835.0,1310,-0.62,1080564.5
VLBS,2025-01-19,850.0,850.0,822.3,822.5,259,-1.5,214479.7
VLBS,2025-01-20,825.0,835.0,810.1,810.1,1238,-1.51,1017577.0
VLBS,2025-01-21,795.1,825.0,795.1,812.0,1473,0.23,1203483.0
VLBS,2025-01-22,828.0,828.0,815.1,825.0,1544,1.6,1272411.0
VLBS,2025-01-23,831.4,835.0,815.1,820.1,955,-0.59,784792.3
VLBS,2025-01-26,836.0,852.7,812.0,839.0,2866,2.3,2388205.4
VLBS,2025-01-27,851.0,859.0,835.0,841.0,13495,0.24,11455114.3
VLBS,2025-01-28,857.0,874.0,839.1,839.1,6951,-0.23,5917536.6
VLBS,2025-02-02,855.0,923.0,841.7,923.0,13365,10.0,12087490.9
VLBS,2025-02-03,935.0,964.0,905.0,925.0,13305,0.22,12516304.5
VLBS,2025-02-04,943.5,943.5,901.0,903.0,5578,-2.38,5067997.5
VLBS,2025-02-05,915.0,938.0,892.0,909.8,10029,0.75,9177529.2
VLBS,2025-02-06,920.0,928.0,900.1,915.0,4037,0.57,3690947.2
VLBS,2025-02-09,931.0,931.0,897.0,905.0,1918,-1.09,1736882.4
VLBS,2025-02-10,921.7,922.0,897.1,897.4,5024,-0.84,4551382.7
VLBS,2025-02-11,915.3,930.5,900.0,913.0,3431,1.74,3124859.2
VLBS,2025-02-12,925.0,931.2,895.0,902.1,3100,-1.19,2832666.4
VLBS,2025-02-13,903.0,931.3,900.0,931.3,4402,3.24,4014251.9
VLBS,2025-02-16,931.0,956.0,931.0,946.0,13722,1.58,13018162.7
VLBS,2025-02-17,964.8,1003.6,964.8,979.0,11949,3.49,11777336.7
VLBS,2025-02-18,973.0,974.1,943.1,948.0,10386,-3.17,9954663.4
VLBS,2025-02-20,965.0,970.0,945.0,963.2,10400,1.6,9964011.3
VLBS,2025-02-23,955.0,978.0,941.0,978.0,13132,1.54,12593031.9
VLBS,2025-02-24,974.9,980.0,951.1,964.0,4602,-1.43,4434437.4
VLBS,2025-02-25,951.0,975.0,944.3,953.0,2752,-1.14,2622998.4
VLBS,2025-02-27,954.0,972.0,934.4,955.0,4281,0.21,4046136.7
VLBS,2025-03-02,968.0,968.0,952.0,960.0,2936,0.52,2828452.7
VLBS,2025-03-03,960.1,980.0,942.0,945.0,6193,-1.56,5966181.9
VLBS,2025-03-04,935.0,950.0,920.1,932.0,12310,-1.38,11515981.5
VLBS,2025-03-05,940.0,950.6,914.0,920.0,3864,-1.29,3589445.5
VLBS,2025-03-06,902.0,928.0,902.0,915.0,3056,-0.54,2787469.0
VLBS,2025-03-09,926.0,930.0,880.0,900.0,1874,-1.64,1684452.0
VLBS,2025-03-10,896.1,900.0,880.0,898.0,4375,-0.22,3886611.3
VLBS,2025-03-11,905.0,905.0,870.0,875.0,3261,-2.56,2862554.0
VLBS,2025-03-12,885.0,885.0,859.0,859.1,3684,-1.82,3195353.4
VLBS,2025-03-16,850.0,876.2,835.1,855.0,4711,-0.48,3994498.8
VLBS,2025-03-17,860.0,869.0,850.7,858.0,1359,0.35,1161576.9
VLBS,2025-03-18,841.0,886.9,841.0,865.0,2679,0.82,2301154.1
VLBS,2025-03-19,851.1,866.0,851.1,852.0,1563,-1.5,1336820.6
VLBS,2025-03-20,855.0,855.0,840.0,850.0,2153,-0.23,1811882.9
VLBS,2025-03-23,833.0,867.0,821.3,828.44,2341,-2.54,1945984.2
VLBS,2025-03-24,813.0,844.0,813.0,840.78,1571,1.49,1313363.5
VLBS,2025-03-25,825.0,825.0,800.0,821.29,1841,-2.32,1496008.1
VLBS,2025-03-26,807.0,845.0,807.0,840.72,1583,2.37,1316744.9
VLBS,2025-03-27,857.0,860.0,840.0,853.11,2706,1.47,2303075.4
VLBS,2025-03-30,862.9,870.0,851.1,864.91,2148,1.38,1859215.3
VLBS,2025-04-01,870.0,870.0,841.2,853.09,2120,-1.37,1808289.4
VLBS,2025-04-02,859.0,876.8,851.0,874.74,4526,2.54,3936261.6
VLBS,2025-04-03,874.0,885.0,863.5,870.44,1632,-0.49,1425424.0
VLBS,2025-04-07,861.0,870.0,855.1,862.16,2097,-0.95,1809936.8
VLBS,2025-04-08,851.0,874.0,833.1,867.83,2579,0.66,2198826.1
VLBS,2025-04-09,870.0,870.0,853.0,861.42,898,-0.74,770785.7
VLBS,2025-04-10,846.1,865.0,846.1,864.97,1459,0.41,1253723.0
VLBS,2025-04-13,851.0,881.0,848.5,868.98,1748,0.46,1508946.9
VLBS,2025-04-15,885.9,885.9,868.0,875.0,534,0.69,465703.9
VLBS,2025-04-16,858.1,874.6,853.0,867.33,808,-0.88,694323.4
VLBS,2025-04-17,878.0,878.0,854.0,864.01,1041,-0.38,900604.5
VLBS,2025-04-20,851.0,855.0,842.1,849.0,931,-1.74,788318.5
VLBS,2025-04-21,837.0,851.0,836.6,838.14,1233,-1.28,1033339.2
VLBS,2025-04-22,850.0,850.0,820.0,829.75,14192,-1.0,11682460.4
VLBS,2025-04-23,846.3,863.2,814.7,818.0,13046,-1.42,10636689.2
VLBS,2025-04-24,818.0,827.0,813.0,816.06,2509,-0.24,2051156.1
VLBS,2025-04-27,819.0,830.0,797.0,804.0,6022,-1.48,4847679.2
VLBS,2025-04-28,805.0,805.0,783.3,787.55,7737,-2.05,6108844.0
VLBS,2025-04-29,803.3,803.3,777.0,785.61,1212,-0.25,959298.8
VLBS,2025-04-30,788.0,798.0,771.5,776.36,1689,-1.18,1333243.1
VLBS,2025-05-04,791.7,791.7,770.0,784.0,2246,0.98,1749621.8
VLBS,2025-05-05,799.0,799.0,783.0,789.79,1078,0.74,847258.0
VLBS,2025-05-06,782.1,805.5,782.0,791.26,2468,0.19,1955275.5
VLBS,2025-05-07,805.5,870.0,803.6,834.03,6991,5.41,5772968.8
VLBS,2025-05-08,850.0,850.0,818.0,821.29,2452,-1.53,2026613.2
VLBS,2025-05-11,806.0,820.0,805.3,816.46,937,-0.59,756456.0
VLBS,2025-05-13,816.46,817.0,790.0,797.2,3230,-2.36,2575376.0
VLBS,2025-05-14,811.0,811.0,797.0,799.87,1651,0.33,1320929.2
VLBS,2025-05-15,799.0,816.0,788.0,796.43,4075,-0.43,3245408.8
VLBS,2025-05-18,786.1,829.0,786.1,802.82,2205,0.8,1789680.5
VLBS,2025-05-19,818.8,818.8,798.7,813.5,1168,1.33,938773.7
VLBS,2025-05-20,828.8,829.0,806.6,824.41,1508,1.34,1235254.9
VLBS,2025-05-21,840.8,875.0,815.2,815.63,2108,-1.07,1756315.1
VLBS,2025-05-22,831.9,859.9,818.3,832.0,4526,2.01,3832353.8
VLBS,2025-05-25,847.9,869.9,835.0,857.82,15302,3.1,13096327.5
VLBS,2025-05-26,874.9,892.0,832.0,840.69,3684,-2.0,3138265.8
VLBS,2025-05-27,828.0,850.0,828.0,840.68,1648,0.0,1380626.5
VLBS,2025-05-28,857.0,857.0,824.0,836.7,1187,-0.47,990114.0
VLBS,2025-06-02,840.0,840.0,824.0,833.82,2521,-0.34,2091257.7
VLBS,2025-06-03,825.0,833.0,817.2,820.02,330,-1.66,270228.4
VLBS,2025-06-04,805.0,828.9,805.0,808.02,1661,-1.46,1346341.0
VLBS,2025-06-05,801.0,814.0,801.0,807.16,1893,-0.11,1526386.1
VLBS,2025-06-08,800.0,809.5,795.0,797.86,2629,-1.15,2099642.7
VLBS,2025-06-09,798.0,807.0,791.4,798.67,3358,0.1,2685650.5
VLBS,2025-06-10,814.5,814.5,800.0,807.49,3162,1.1,2536044.5
VLBS,2025-06-11,823.5,823.5,794.1,797.59,2594,-1.23,2076999.0
VLBS,2025-06-12,800.0,816.0,792.1,794.29,1787,-0.41,1425240.1
VLBS,2025-06-15,781.0,810.0,781.0,790.81,1196,-0.44,953475.2
VLBS,2025-06-16,806.6,820.0,791.1,804.12,1657,1.68,1331633.1
VLBS,2025-06-17,793.0,825.0,793.0,814.43,3098,1.28,2535207.1
VLBS,2025-06-18,815.7,830.7,800.0,801.61,1824,-1.57,1465518.7
VLBS,2025-06-19,790.2,805.0,790.2,794.18,2715,-0.93,2155869.2
VLBS,2025-06-22,781.0,810.0,780.0,785.64,8413,-1.08,6581918.0
VLBS,2025-06-23,801.3,801.3,780.0,792.0,305,0.81,240683.9
VLBS,2025-06-24,807.8,807.8,783.2,789.94,1037,-0.26,821973.2
VLBS,2025-06-25,805.0,805.7,780.3,785.63,1062,-0.55,836268.6
VLBS,2025-06-26,800.9,812.8,787.0,789.97,1143,0.55,908862.2
VLBS,2025-06-29,804.0,808.0,785.0,806.58,1915,2.1,1535505.4
VLBS,2025-06-30,815.0,821.5,810.0,813.11,5699,0.81,4670036.5
VLBS,2025-07-01,817.9,843.0,803.5,834.19,3805,2.59,3158612.3
VLBS,2025-07-02,850.8,850.8,823.3,828.11,3495,-0.73,2902216.2
VLBS,2025-07-03,844.6,844.6,814.0,827.38,3087,-0.09,2554249.3
VLBS,2025-07-06,835.0,868.7,815.0,843.86,8700,1.99,7235793.4
VLBS,2025-07-07,860.7,860.7,815.0,845.34,9826,0.18,8176525.4
VLBS,2025-07-08,862.2,862.2,830.0,846.43,4196,0.13,3534358.6
VLBS,2025-07-09,829.6,865.9,829.6,860.23,4568,1.63,3898608.5
VLBS,2025-07-10,873.0,875.0,840.0,865.49,10496,0.61,9016928.5
VLBS,2025-07-13,882.7,900.0,865.0,878.6,9723,1.51,8540940.2
VLBS,2025-07-14,863.0,880.0,851.1,856.29,3174,-2.54,2731038.7
VLBS,2025-07-15,858.0,869.0,851.0,867.35,1968,1.29,1700801.3
VLBS,2025-07-16,884.0,898.0,866.4,886.19,7519,2.17,6628674.7
VLBS,2025-07-17,901.0,917.0,887.3,906.4,15037,2.28,13548895.5
VLBS,2025-07-20,924.5,938.0,885.0,894.25,14500,-1.34,13147292.0
VLBS,2025-07-21,882.0,912.0,882.0,910.62,14726,1.83,13302499.3
VLBS,2025-07-22,926.7,962.0,926.7,947.12,16636,4.01,15730117.6
VLBS,2025-07-23,947.0,947.0,915.0,934.56,10061,-1.33,9361020.6
VLBS,2025-07-24,925.0,940.0,920.0,925.97,6514,-0.92,6050524.4
VLBS,2025-07-27,908.0,963.0,908.0,935.38,21517,1.02,20378285.3
VLBS,2025-07-28,935.38,952.0,905.1,932.59,13926,-0.3,12859888.6
VLBS,2025-07-29,950.0,1008.0,945.0,979.89,17372,5.07,16991266.4
VLBS,2025-07-30,980.0,989.0,930.0,933.59,13018,-4.73,12380412.6
VLBS,2025-07-31,932.0,950.0,921.0,926.6,7606,-0.75,7113150.8
VLBS,2025-08-03,925.0,925.0,889.0,892.26,12129,-3.71,10939808.4
VLBS,2025-08-04,909.9,920.0,890.1,893.74,6535,0.17,5866263.2
VLBS,2025-08-05,911.6,915.0,877.2,893.38,10042,-0.04,9032529.6
VLBS,2025-08-06,879.0,927.0,877.0,919.63,7299,2.94,6671126.5
VLBS,2025-08-07,937.0,938.0,923.0,925.52,10698,0.64,9945138.4
VLBS,2025-08-11,925.0,926.0,895.1,896.94,9073,-3.09,8238191.9
VLBS,2025-08-12,896.94,896.94,875.0,888.0,3214,-1.0,2830805.5
VLBS,2025-08-13,881.0,905.0,873.1,875.3,2767,-1.43,2436721.5
VLBS,2025-08-14,890.0,890.0,855.0,859.01,4903,-1.86,4231091.5
VLBS,2025-08-17,874.0,890.0,835.1,836.83,3693,-2.58,3120576.1
VLBS,2025-08-18,853.5,853.5,840.0,845.27,1173,1.01,988773.9
VLBS,2025-08-19,860.0,860.0,833.0,834.91,2880,-1.23,2417790.5
VLBS,2025-08-20,822.0,839.5,821.0,839.13,559,0.51,464010.5
VLBS,2025-08-21,826.0,835.0,825.0,826.09,1598,-1.55,1324299.5
VLBS,2025-08-24,842.0,842.0,820.0,820.64,2524,-0.66,2080966.3
VLBS,2025-08-25,837.0,848.9,827.0,837.23,2201,2.02,1835532.9
VLBS,2025-08-26,850.0,850.0,800.0,816.79,6428,-2.44,5231250.5
VLBS,2025-08-27,806.0,830.0,806.0,825.45,3978,1.06,3273384.0
VLBS,2025-08-28,830.1,830.1,803.1,806.31,3270,-2.32,2651458.8
VLBS,2025-08-31,808.0,816.1,791.0,791.7,9260,-1.81,7393568.9
VLBS,2025-09-01,807.5,819.0,793.2,816.23,5490,3.1,4428003.5
VLBS,2025-09-02,829.0,829.0,805.0,807.68,1241,-1.05,1011361.5
VLBS,2025-09-03,805.0,811.0,797.0,805.9,1142,-0.22,914408.3
VLBS,2025-09-04,792.1,806.0,792.0,806.0,1631,0.01,1295246.6
VLBS,2025-09-07,790.6,822.0,790.6,794.0,793,-1.49,640315.2
VLBS,2025-09-08,793.0,800.0,782.0,797.28,3158,0.41,2499206.2
VLBS,2025-09-21,781.4,815.0,773.0,811.36,6855,1.77,5407986.4
VLBS,2025-09-23,815.0,823.0,802.1,822.0,3177,1.31,2590733.9
VLBS,2025-09-24,806.0,811.0,800.0,805.0,2950,-2.07,2384892.1
VLBS,2025-09-25,801.0,807.0,800.0,807.0,1629,0.25,1303735.8
VLBS,2025-09-28,817.0,825.0,805.0,825.0,1134,2.23,918798.0
VLBS,2025-10-07,812.0,815.0,790.0,800.0,1984,-3.03,1587502.0
VLBS,2025-10-08,784.4,803.0,784.0,803.0,2066,0.38,1644885.2
VLBS,2025-10-09,819.0,819.0,795.0,795.0,3141,-1.0,2523939.0
VLBS,2025-10-12,795.0,795.0,755.0,768.9,3865,-3.28,2969546.0
VLBS,2025-10-13,754.0,795.6,739.1,768.0,2128,-0.12,1610054.9
VLBS,2025-10-14,783.3,783.3,755.0,756.0,1643,-1.56,1249333.0
VLBS,2025-10-15,755.0,771.0,745.0,765.0,1077,1.19,810709.0
VLBS,2025-10-16,751.4,757.0,744.0,750.0,1759,-1.96,1315891.5
VLBS,2025-10-19,743.0,753.0,740.0,753.0,647,0.4,480561.7
VLBS,2025-10-26,738.2,750.0,737.0,740.2,1174,-1.7,867904.0
VLBS,2025-10-28,755.0,770.1,745.0,765.2,1524,3.38,1169124.5
VLBS,2025-10-29,772.9,779.0,760.0,772.0,1498,0.89,1148643.6
VLBS,2025-10-30,756.6,790.0,755.0,788.4,1090,2.12,838679.0
VLBS,2025-11-02,773.0,795.0,772.7,785.2,1448,-0.41,1144316.0
VLBS,2025-11-03,800.0,800.9,771.5,785.0,1148,-0.03,906030.5
VLBS,2025-11-04,778.0,790.0,770.0,770.0,2644,-1.91,2053418.0
VLBS,2025-11-05,785.0,799.0,763.0,799.0,3925,3.77,3072082.0
VLBS,2025-11-06,813.0,813.0,783.5,796.0,1772,-0.38,1391477.3
VLBS,2025-11-09,785.1,785.1,768.0,780.0,1400,-2.01,1082536.8
VLBS,2025-11-10,789.9,811.5,764.4,788.0,3528,1.03,2784228.4
VLBS,2025-11-11,772.3,790.0,766.1,790.0,415,0.25,322686.9
VLBS,2025-11-12,774.2,785.0,767.0,779.9,1508,-1.28,1164828.0
VLBS,2025-11-13,790.0,790.0,750.0,780.0,2465,0.01,1886570.4
VLBS,2025-11-16,788.0,788.0,765.0,770.0,265,-1.28,203960.5
VLBS,2025-11-17,770.0,770.0,762.0,766.0,727,-0.52,556626.5
VLBS,2025-11-18,781.0,785.0,760.0,784.0,3023,2.35,2330042.0
VLBS,2025-11-19,770.0,775.0,760.0,775.0,5239,-1.15,3990877.3
VLBS,2025-11-20,761.2,785.0,761.2,785.0,1171,1.29,902189.8
VLBS,2025-11-23,790.0,807.0,780.0,797.7,4261,1.62,3397145.0
VLBS,2025-11-24,811.0,812.0,790.9,800.0,2019,0.29,1611867.5
VLBS,2025-11-25,796.0,800.0,793.2,800.0,1231,0.0,980549.4
VLBS,2025-11-26,810.0,817.0,801.0,801.0,8304,0.13,6709042.9
VLBS,2025-11-27,815.0,816.9,803.1,814.8,2058,1.72,1673005.7
VLBS,2025-11-30,805.0,805.0,784.0,784.0,5891,-3.78,4688250.0
VLBS,2025-12-01,798.9,798.9,774.2,780.1,5792,-0.5,4550313.9
VLBS,2025-12-02,770.0,790.9,766.1,790.9,1984,1.38,1553334.2
VLBS,2025-12-03,778.0,789.0,778.0,784.0,3174,-0.87,2486146.2
VLBS,2025-12-07,785.0,812.9,779.1,779.1,3059,-0.63,2443021.5
VLBS,2025-12-08,779.0,789.9,765.1,770.1,1227,-1.16,951789.8
VLBS,2025-12-09,785.0,799.0,773.0,775.5,889,0.7,694712.0
VLBS,2025-12-10,790.0,794.0,776.0,776.0,491,0.06,382513.2
VLBS,2025-12-11,765.0,790.0,765.0,775.2,1912,-0.1,1490583.7
VLBS,2025-12-14,790.0,790.0,764.0,765.1,1027,-1.3,789942.8
VLBS,2025-12-15,760.2,766.0,760.1,762.0,1806,-0.41,1376192.7
VLBS,2025-12-16,775.0,789.0,763.5,765.0,759,0.39,586992.6
VLBS,2025-12-17,778.0,784.0,769.0,780.0,3931,1.96,3039169.2
VLBS,2025-12-18,770.3,780.0,765.1,765.3,3582,-1.88,2755499.6
VLBS,2025-12-21,756.0,769.0,756.0,767.0,581,0.22,444305.4
VLBS,2025-12-22,774.9,795.4,765.0,765.6,6217,-0.18,4891259.5
VLBS,2025-12-23,765.6,778.0,765.0,778.0,381,1.62,293583.6
VLBS,2025-12-24,765.0,777.0,762.0,774.9,3082,-0.4,2352226.1
VLBS,2025-12-28,779.0,779.0,760.3,769.0,1241,-0.76,951492.5
VLBS,2025-12-29,781.0,781.0,760.0,765.0,1754,-0.52,1344170.4
VLBS,2025-12-31,780.2,780.2,761.0,767.0,1168,0.26,894491.6
VLBS,2026-01-01,752.0,767.0,752.0,757.0,2232,-1.3,1695126.7
VLBS,2026-01-04,760.0,767.0,750.0,765.0,902,1.06,688875.7
VLBS,2026-01-05,765.0,780.0,758.0,770.0,3668,0.65,2818046.3
VLBS,2026-01-06,785.0,785.0,754.0,769.0,4175,-0.13,3192033.1
VLBS,2026-01-07,765.0,784.9,765.0,765.0,2394,-0.52,1853285.6
VLBS,2026-01-08,760.1,777.0,760.1,762.1,1544,-0.38,1188823.0
VLBS,2026-01-12,777.3,787.0,750.0,751.0,4786,-1.46,3626500.3
VLBS,2026-01-13,765.0,777.9,758.0,758.0,2368,0.93,1808311.7
VLBS,2026-01-14,751.0,771.0,750.1,755.0,1757,-0.4,1339375.3
VLBS,2026-01-18,757.0,772.0,757.0,767.0,3475,1.59,2669628.8
VLBS,2026-01-20,780.0,790.0,775.0,775.0,2617,1.04,2052848.9
VLBS,2026-01-21,790.0,790.4,770.0,770.0,2740,-0.65,2123970.3
VLBS,2026-01-22,781.0,781.0,767.0,777.0,1991,0.91,1538897.6
VLBS,2026-01-25,792.0,792.0,765.0,791.9,9286,1.92,7244505.0
VLBS,2026-01-26,807.0,807.0,773.0,785.0,5125,-0.87,4039554.5
VLBS,2026-01-27,800.0,800.7,778.0,783.0,5363,-0.25,4242005.6
VLBS,2026-01-28,784.0,788.0,770.1,770.1,1560,-1.65,1208158.1
VLBS,2026-01-29,783.9,785.5,770.4,770.4,5450,0.04,4231643.6
VLBS,2026-02-01,785.8,785.8,760.1,770.0,3620,-0.05,2784250.0
VLBS,2026-02-02,761.1,784.3,761.1,766.3,916,-0.48,709273.8
VLBS,2026-02-03,779.9,780.0,765.0,766.0,3162,-0.04,2428420.9
VLBS,2026-02-04,781.3,781.3,766.3,766.3,1270,0.04,979723.0
VLBS,2026-02-05,765.0,781.0,760.0,769.0,2746,0.35,2113899.3
VLBS,2026-02-08,769.0,786.0,769.0,773.0,1937,0.52,1514075.3
VLBS,2026-02-09,786.0,786.0,771.0,774.0,6044,0.13,4693541.5
VLBS,2026-02-10,775.0,779.0,770.0,770.0,1821,-0.52,1404889.5
VLBS,2026-02-11,785.0,785.0,765.0,765.0,3587,-0.65,2756156.0
VLBS,2026-02-12,770.0,770.0,750.0,760.0,5440,-0.65,4095118.2
VLBS,2026-02-16,775.0,775.0,750.0,750.0,1545,-1.32,1163684.5
VLBS,2026-02-17,751.2,782.3,740.0,760.0,4468,1.33,3387163.2
VLBS,2026-02-22,760.0,769.9,750.0,763.5,2467,0.46,1871125.1
VLBS,2026-02-23,770.0,770.0,755.0,755.0,1078,-1.11,815979.0
VLBS,2026-02-24,755.0,759.0,745.0,745.0,2180,-1.32,1637914.6
VLBS,2026-02-25,758.9,758.9,745.6,747.0,981,0.27,736774.4
VLBS,2026-02-26,750.0,757.0,747.1,747.1,808,0.01,607056.5
VLBS,2026-03-01,740.2,752.9,740.2,748.0,2189,0.12,1640556.1
VLBS,2026-03-03,760.0,760.0,750.0,757.3,3015,1.24,2273510.0
VLBS,2026-03-10,770.0,795.0,770.0,789.9,14164,4.3,11076129.1
VLBS,2026-03-11,805.6,805.6,781.5,783.0,2429,-0.87,1909841.0
VLBS,2026-03-12,780.0,790.0,770.0,777.0,2102,-0.77,1644471.3
VLBS,2026-03-15,778.1,789.7,777.0,778.1,1475,0.14,1151484.6
VLBS,2026-03-16,778.0,778.2,766.0,766.3,2576,-1.52,1983656.2
VLBS,2026-03-17,781.0,781.0,761.0,771.0,1799,0.61,1378853.0
VLBS,2026-03-19,771.0,782.4,740.5,773.1,17814,0.27,13680206.1
VLBS,2026-03-22,775.0,850.4,775.0,850.0,56086,9.95,46521137.3
VLBS,2026-03-23,865.0,876.0,830.0,847.0,19739,-0.35,16758314.9
VLBS,2026-03-24,863.9,863.9,825.0,831.1,11572,-1.88,9637849.6
VLBS,2026-03-25,815.0,847.7,809.0,814.0,21397,-2.06,17518865.8
VLBS,2026-03-26,810.0,820.0,805.0,820.0,20195,0.74,16397429.2
VLBS,2026-03-29,820.0,822.1,785.0,791.0,18770,-3.54,15054191.0
VLBS,2026-03-30,790.0,815.0,780.1,790.1,13747,-0.11,10865875.7
VLBS,2026-03-31,780.0,800.0,780.0,793.0,10581,0.37,8350866.8
VLBS,2026-04-01,782.2,791.0,771.1,772.1,12703,-2.64,9895028.1
VLBS,2026-04-02,758.0,775.0,755.0,762.3,7112,-1.27,5437067.7
VLBS,2026-04-05,748.1,759.0,735.0,735.1,10123,-3.57,7538977.5
VLBS,2026-04-06,721.3,762.9,721.3,750.0,8036,2.03,5998777.0
VLBS,2026-04-07,751.0,775.0,751.0,762.1,9798,1.61,7452148.2
VLBS,2026-04-08,762.1,776.0,755.0,766.5,4167,0.58,3182734.3
VLBS,2026-04-09,770.0,787.0,766.1,772.1,7818,0.73,6071939.2
VLBS,2026-04-10,787.4,795.0,765.6,781.0,9728,1.15,7598252.7
VLBS,2026-04-13,765.4,780.0,765.4,780.0,4685,-0.13,3614085.1
VLBS,2026-04-15,780.0,789.0,765.0,774.0,5336,-0.77,4117512.4
VLBS,2026-04-16,789.0,789.0,760.0,765.0,6024,-1.16,4593024.7
VLBS,2026-04-17,755.0,778.2,755.0,778.0,5859,1.7,4479740.0
VLBS,2026-04-20,778.0,778.0,754.7,773.0,4483,-0.64,3436098.1
VLBS,2026-04-21,755.0,765.0,750.1,765.0,6382,-1.03,4836907.3
VLBS,2026-04-22,755.0,759.0,740.0,750.0,5703,-1.96,4265290.2
VLBS,2026-04-23,732.4,748.0,732.4,740.0,7476,-1.33,5550086.9
VLBS,2026-04-24,740.0,740.0,727.1,735.0,3783,-0.68,2778125.5
VLBS,2026-04-27,735.0,750.0,734.0,736.0,10537,0.14,7786550.5
VLBS,2026-04-28,736.0,740.0,720.5,724.9,8709,-1.51,6330056.2
VLBS,2026-04-29,724.9,724.1,703.0,705.0,10153,-2.75,7232204.4
VLBS,2026-04-30,672.0,706.0,672.0,696.1,4153,-1.26,2890099.7
VLBS,2026-05-04,691.0,705.0,690.0,702.0,3954,0.85,2752746.5
VLBS,2026-05-05,695.0,709.9,695.0,703.0,2787,0.14,1952518.1
VLBS,2026-05-06,690.2,706.0,690.2,691.2,2859,-1.68,1990564.3
VLBS,2026-05-07,686.0,695.0,686.0,693.0,2441,0.26,1690064.9
VLBS,2026-05-08,680.0,700.4,680.0,696.1,3381,0.45,2348241.6
VLBS,2026-05-11,715.9,726.1,698.1,726.1,3244,4.31,2301684.5
VLBS,2026-05-12,735.0,735.0,713.0,714.1,4772,-1.65,3428319.3
VLBS,2026-05-13,710.0,710.0,700.1,703.5,1538,-1.48,1080964.1
VLBS,2026-05-14,688.0,700.0,688.0,695.5,2820,-1.14,1965624.9
VLBS,2026-05-15,660.8,701.0,660.8,693.0,2394,-0.36,1661603.4
VLBS,2026-05-18,687.0,697.0,686.0,690.2,2552,-0.4,1758624.8
VLBS,2026-05-19,680.0,692.0,678.2,680.6,2122,-1.39,1446585.0
VLBS,2026-05-20,670.0,690.0,670.0,683.2,1453,0.38,990183.0
VLBS,2026-05-21,680.0,689.0,680.0,683.0,1770,-0.03,1208107.0
VLBS,2026-05-22,675.5,694.9,675.5,694.9,3498,1.74,2391461.5
VLBS,2026-05-25,691.2,708.0,691.2,703.0,2724,1.17,1911802.9
VLBS,2026-05-26,690.0,700.0,690.0,695.0,2576,-1.14,1793110.4
VLBS,2026-05-27,685.0,700.0,685.0,690.0,2734,-0.72,1890599.6
VLBS,2026-06-01,685.0,688.0,661.0,684.0,3036,-0.87,2071817.8
VLBS,2026-06-02,715.0,715.0,675.0,687.0,1293,0.44,887431.6
VLBS,2026-06-03,680.2,747.0,680.2,747.0,11054,8.73,7906353.6
VLBS,2026-06-04,747.0,747.0,703.0,712.0,7549,-4.69,5400131.1
VLBS,2026-06-05,702.7,714.0,702.7,705.3,1919,-0.94,1357438.9
VLBS,2026-06-08,705.3,715.0,700.5,713.9,6932,1.22,4926787.5
VLBS,2026-06-09,705.0,718.0,705.0,713.0,5562,-0.13,3958373.5
VLBS,2026-06-10,700.0,725.0,700.0,717.0,5436,0.56,3912495.0
VLBS,2026-06-11,715.0,725.0,710.1,716.0,3234,-0.14,2319499.0
VLBS,2026-06-12,710.1,718.0,710.1,714.0,2865,-0.28,2040488.2
VLBS,2026-06-15,710.2,715.0,710.1,710.1,2519,-0.55,1791470.4
VLBS,2026-06-16,745.6,745.6,715.0,727.0,15209,2.38,11145802.6
VLBS,2026-06-17,720.2,748.0,720.0,735.0,8826,1.1,6514455.2
VLBS,2026-06-18,730.0,738.0,730.0,732.0,2365,-0.41,1731628.1
VLBS,2026-06-19,732.0,732.0,715.1,724.0,2610,-1.09,1893212.8
VLBS,2026-06-22,710.0,722.0,710.0,715.1,3201,-1.23,2298446.4
VLBS,2026-06-23,710.0,720.0,710.0,710.0,2180,-0.71,1555058.7
VLBS,2026-06-24,702.2,710.0,700.0,705.0,3609,-0.7,2537441.0
VLBS,2026-06-25,691.0,705.0,691.0,700.0,1530,-0.71,1072092.6
VLBS,2026-06-26,691.0,702.9,691.0,695.0,2944,-0.71,2050270.7
VLBS,2026-06-29,690.0,692.9,685.2,685.3,1803,-1.4,1240741.3
VLBS,2026-06-30,680.0,683.0,678.0,678.0,2585,-1.07,1758788.3
VLBS,2026-07-01,678.0,685.1,678.0,685.1,1706,1.05,1163023.1
VLBS,2026-07-02,685.0,699.8,676.1,696.0,2609,1.59,1794848.3
VLBS,2026-07-03,700.0,707.0,686.3,690.0,4259,-0.86,2948561.6
VLBS,2026-07-06,681.1,698.0,680.7,683.1,1018,-1.0,694992.8
VLBS,2026-07-07,681.1,700.0,681.1,685.1,4299,0.29,2958488.1
VLBS,2026-07-08,675.0,689.0,672.5,672.5,3793,-1.84,2586083.1
VLBS,2026-07-09,670.0,670.0,663.2,664.0,1867,-1.26,1241958.9
VLBS,2026-07-10,664.1,682.0,664.0,666.1,941,0.32,628439.5
VLBS,2026-07-13,666.1,666.1,652.0,657.1,1860,-1.35,1225199.4
VLBS,2026-07-14,650.2,657.0,640.0,645.0,4691,-1.84,3050623.2
VLBS,2026-07-15,651.2,662.0,647.0,652.0,752,1.09,491165.4
VLBS,2026-07-16,652.0,665.2,650.0,650.0,2590,-0.31,1698222.4
VLBS,2026-07-17,650.0,680.0,650.0,680.0,2096,4.62,1413040.0
VLBS,2026-07-20,680.0,699.5,665.0,692.0,1900,1.76,1304987.0
VLBS,2026-07-21,703.0,703.0,671.5,692.0,2949,0.0,2021995.2
VLBS,2026-07-22,672.0,690.0,672.0,684.3,3007,-1.11,2052769.9
VLBS,2026-07-23,670.1,692.0,670.1,685.0,992,0.1,675551.0
VLBS,2026-07-24,672.0,712.8,672.0,706.0,5121,3.07,3595854.2
VLBS,2026-07-27,686.0,700.0,684.8,686.0,3398,-2.83,2346866.8
VLBS,2026-07-28,670.3,682.0,670.3,680.0,1138,-0.87,770401.0
VLBS,2026-07-29,670.0,689.0,670.0,683.0,683,0.44,464217.4
VLBS,2026-07-30,670.2,679.9,670.2,671.0,684,-1.76,460767.0
VLBS,2026-07-31,667.0,680.0,667.0,670.0,961,-0.15,646110.4
VLBS,2026-08-03,670.0,679.0,667.4,670.3,1400,0.04,939337.3
VLBS,2026-08-04,668.0,688.2,665.0,665.0,3784,-0.79,2538558.9
VLBS,2026-08-05,660.0,679.0,660.0,666.0,910,0.15,608618.8
VLBS,2026-08-06,666.0,685.9,660.1,665.0,1848,-0.15,1229122.3
VLBS,2026-08-07,655.0,666.0,651.5,666.0,1433,0.15,946389.7
VLBS,2026-08-10,655.0,668.0,655.0,661.0,1244,-0.75,823873.1
VLBS,2026-08-11,655.1,663.0,655.1,663.0,1492,0.3,986402.2
VLBS,2026-08-12,650.1,665.0,650.1,662.0,1494,-0.15,983218.2
VLBS,2026-08-13,650.3,665.0,650.3,658.1,2737,-0.59,1794426.9
VLBS,2026-08-14,653.4,665.0,653.3,658.0,948,-0.02,626931.0
VLBS,2026-08-17,658.0,670.0,650.1,658.9,675,0.14,446037.4
VLBS,2026-08-18,658.9,676.0,653.1,663.0,3613,0.62,2405560.2
VLBS,2026-08-19,644.1,665.0,644.1,655.1,1244,-1.19,819458.0
VLBS,2026-08-20,652.0,663.0,646.2,650.0,2603,-0.78,1688071.0
VLBS,2026-08-21,640.1,650.2,640.1,649.7,3485,-0.05,2250039.9
VLBS,2026-08-24,640.0,650.0,633.1,645.0,2112,-0.72,1354539.1
VLBS,2026-08-25,633.1,648.0,633.1,635.2,980,-1.52,626327.7
VLBS,2026-08-26,635.0,635.0,621.0,627.9,2231,-1.15,1395613.7
VLBS,2026-08-27,610.2,628.5,610.2,620.0,1533,-1.26,954548.5
